Location,Rural/Urban,School Category,School Management,School Type,Total No. of Schools,Separate Room for Headmaster,Land Available,Functional Electricity,Solar Panel,Playground,Library or Reading Corner or Book Bank,Librarian,Newspaper,Kitchen Garden,Furniture,Functional Toilet Facility,Functional Drinking Water,Water Purifier,Rain Water Harvesting,Handwash,Incinerator,Ramps,Hand-Rails,Complete Medical Checkup,Internet,Computer Available
Andaman & Nicobar Islands,Rural,HSS (I-XII),Department of Education,Co-Ed,21,21,18,21,1,21,21,14,12,15,21,21,21,15,9,21,17,16,8,18,18,21
Andaman & Nicobar Islands,Urban,HSS (I-XII),Department of Education,Girls,1,1,1,1,0,1,1,1,1,0,1,1,1,1,1,1,1,1,1,0,1,1
Andaman & Nicobar Islands,Urban,HSS (I-XII),Department of Education,Co-Ed,8,8,5,8,1,8,8,8,7,4,8,8,8,7,2,8,6,8,6,4,8,8
Andaman & Nicobar Islands,Rural,HSS (IX-XII),Department of Education,Co-Ed,3,2,3,3,0,3,3,3,3,2,3,3,3,1,0,3,3,1,0,2,3,3
Andaman & Nicobar Islands,Urban,HSS (IX-XII),Department of Education,Co-Ed,1,1,1,1,0,1,1,1,1,1,1,1,1,1,1,1,1,1,1,1,1,1
Andaman & Nicobar Islands,Rural,HSS (VI-XII),Department of Education,Co-Ed,14,12,14,14,2,14,14,9,5,11,14,14,14,12,4,14,9,13,10,12,14,14
Andaman & Nicobar Islands,Urban,HSS (VI-XII),Department of Education,Co-Ed,1,1,0,1,1,1,1,1,1,0,1,1,1,1,1,1,1,1,1,1,1,1
Andaman & Nicobar Islands,Rural,PS (I-V),Department of Education,Co-Ed,175,103,144,145,4,168,174,1,7,98,167,175,175,120,26,175,0,109,55,102,5,42
Andaman & Nicobar Islands,Urban,PS (I-V),Department of Education,Co-Ed,8,6,7,8,0,7,8,0,0,3,8,8,8,5,1,8,0,7,4,6,0,5
Andaman & Nicobar Islands,Rural,SS (I-X),Department of Education,Co-Ed,34,32,33,34,1,33,34,23,12,24,33,34,34,21,9,34,27,27,16,30,27,34
Andaman & Nicobar Islands,Urban,SS (I-X),Department of Education,Co-Ed,4,4,3,4,1,4,4,4,4,2,4,4,4,4,3,4,4,4,3,4,4,4
Andaman & Nicobar Islands,Rural,SS (VI-X),Department of Education,Co-Ed,1,1,1,1,0,1,1,1,1,1,1,1,1,1,0,1,0,0,0,1,1,1
Andaman & Nicobar Islands,Urban,SS (VI-X),Department of Education,Co-Ed,1,1,1,1,1,1,1,1,1,0,1,1,1,1,0,1,1,1,0,1,1,1
Andaman & Nicobar Islands,Rural,UPS (I-VIII),Department of Education,Co-Ed,51,37,47,51,1,48,51,12,6,24,50,51,51,34,15,51,6,43,24,27,34,51
Andaman & Nicobar Islands,Urban,UPS (I-VIII),Department of Education,Co-Ed,6,5,4,6,1,4,6,4,0,3,5,6,6,4,1,6,1,3,2,3,6,6
Andaman & Nicobar Islands,Rural,HSS (I-XII),Government Aided,Co-Ed,1,1,1,1,0,1,1,1,1,0,1,1,1,1,0,1,0,0,0,1,1,1
Andaman & Nicobar Islands,Urban,HSS (I-XII),Government Aided,Co-Ed,1,1,1,1,0,1,1,1,1,1,1,1,1,1,0,1,0,0,0,1,1,1
Andaman & Nicobar Islands,Rural,HSS (VI-XII),Jawahar Navodaya Vidyalaya,Co-Ed,1,1,1,1,0,1,1,1,1,1,1,1,1,0,0,1,1,1,1,1,1,1
Andaman & Nicobar Islands,Rural,SS (VI-X),Jawahar Navodaya Vidyalaya,Co-Ed,2,2,2,2,1,2,2,1,2,2,1,2,2,2,0,2,2,1,1,2,1,2
Andaman & Nicobar Islands,Urban,HSS (I-XII),Kendriya Vidyalaya / Central School,Co-Ed,2,2,2,2,0,2,2,2,2,0,2,2,2,2,2,2,1,1,1,0,2,2
Andaman & Nicobar Islands,Rural,HSS (I-XII),Local body,Co-Ed,2,2,2,2,0,2,2,2,2,0,2,2,2,1,0,2,0,0,0,1,1,2
Andaman & Nicobar Islands,Rural,PS (I-V),Local body,Co-Ed,2,1,2,2,0,2,2,0,1,0,2,2,2,1,0,2,0,0,0,0,0,2
Andaman & Nicobar Islands,Rural,SS (I-X),Local body,Co-Ed,3,3,3,3,0,3,3,0,3,2,3,3,3,3,0,3,1,0,0,0,3,3
Andaman & Nicobar Islands,Urban,SS (I-X),Local body,Co-Ed,1,1,1,1,0,1,1,0,1,1,1,1,1,1,0,1,0,0,0,1,1,1
Andaman & Nicobar Islands,Rural,HSS (I-XII),Private Unaided (Recognized),Co-Ed,4,4,4,4,0,4,4,4,4,3,4,4,4,4,2,4,1,2,1,2,4,4
Andaman & Nicobar Islands,Urban,HSS (I-XII),Private Unaided (Recognized),Co-Ed,9,9,9,9,0,9,9,9,9,2,9,9,9,9,5,9,4,2,1,4,8,9
Andaman & Nicobar Islands,Rural,PS (I-V),Private Unaided (Recognized),Co-Ed,24,22,18,24,2,23,23,6,18,5,23,24,24,18,5,24,0,8,4,8,11,22
Andaman & Nicobar Islands,Urban,PS (I-V),Private Unaided (Recognized),Co-Ed,9,9,5,9,1,9,9,0,9,3,8,9,9,9,1,9,0,2,1,2,3,9
Andaman & Nicobar Islands,Rural,SS (I-X),Private Unaided (Recognized),Co-Ed,5,5,5,5,0,5,5,5,5,1,5,5,5,5,1,5,1,2,2,2,5,5
Andaman & Nicobar Islands,Urban,SS (I-X),Private Unaided (Recognized),Co-Ed,2,2,2,2,0,2,2,2,2,1,2,2,2,2,2,2,0,0,0,1,2,2
Andaman & Nicobar Islands,Rural,UPS (I-VIII),Private Unaided (Recognized),Co-Ed,14,14,11,14,1,13,14,2,13,3,13,14,14,13,3,14,7,6,3,6,14,14
Andaman & Nicobar Islands,Urban,UPS (I-VIII),Private Unaided (Recognized),Co-Ed,5,5,3,5,0,5,5,2,5,1,5,5,5,4,0,5,2,1,1,0,5,5
Andhra Pradesh,Rural,HSS (I-XII),Department of Education,Boys,5,5,5,5,2,5,5,4,5,5,5,5,5,4,2,5,1,2,2,5,5,5
Andhra Pradesh,Rural,HSS (I-XII),Department of Education,Girls,77,70,70,77,29,73,77,15,68,71,77,77,77,71,41,77,62,52,41,76,51,74
Andhra Pradesh,Rural,HSS (I-XII),Department of Education,Co-Ed,3,2,3,3,2,3,3,2,3,1,3,3,3,2,1,3,3,3,3,2,3,3
Andhra Pradesh,Urban,HSS (I-XII),Department of Education,Boys,1,1,1,1,1,1,1,1,1,1,1,1,1,1,1,1,0,0,0,1,1,1
Andhra Pradesh,Urban,HSS (I-XII),Department of Education,Girls,1,1,1,1,1,1,1,0,1,1,1,1,1,1,1,1,1,1,1,1,1,1
Andhra Pradesh,Rural,HSS (VI-XII),Department of Education,Girls,130,121,102,129,42,122,130,20,119,104,130,130,130,117,51,130,112,88,69,126,84,127
Andhra Pradesh,Rural,HSS (VI-XII),Department of Education,Co-Ed,146,143,139,146,33,139,146,84,134,63,146,146,146,123,71,146,113,111,77,136,123,146
Andhra Pradesh,Urban,HSS (VI-XII),Department of Education,Girls,17,16,14,17,6,13,17,3,17,16,17,17,17,16,8,17,17,12,11,15,6,17
Andhra Pradesh,Urban,HSS (VI-XII),Department of Education,Co-Ed,11,11,10,11,1,10,11,7,11,4,11,11,11,9,4,11,10,10,5,10,9,11
Andhra Pradesh,Rural,HSS (XI-XII),Department of Education,Boys,8,7,7,8,1,7,8,6,8,5,8,8,8,4,4,8,0,2,0,7,8,8
Andhra Pradesh,Rural,HSS (XI-XII),Department of Education,Girls,12,9,8,12,1,11,9,4,11,2,12,12,12,5,4,12,3,5,3,11,11,11
Andhra Pradesh,Rural,HSS (XI-XII),Department of Education,Co-Ed,321,244,278,313,9,284,299,126,207,17,321,312,318,64,79,276,72,142,70,181,276,295
Andhra Pradesh,Urban,HSS (XI-XII),Department of Education,Boys,13,12,8,13,1,11,13,7,10,2,13,12,12,4,0,8,0,5,2,7,13,13
Andhra Pradesh,Urban,HSS (XI-XII),Department of Education,Girls,36,26,29,36,0,28,34,22,28,1,36,36,35,17,8,31,6,19,11,24,36,36
Andhra Pradesh,Urban,HSS (XI-XII),Department of Education,Co-Ed,97,81,79,95,5,88,92,54,70,4,97,94,97,33,23,79,13,56,35,45,92,92
Andhra Pradesh,Rural,PS (I-V),Department of Education,Co-Ed,254,21,168,240,17,211,251,20,80,122,254,247,247,64,74,250,0,119,61,231,77,32
Andhra Pradesh,Urban,PS (I-V),Department of Education,Girls,2,1,1,2,0,2,2,0,0,0,2,2,2,1,1,2,0,1,0,1,1,2
Andhra Pradesh,Urban,PS (I-V),Department of Education,Co-Ed,54,6,25,54,2,31,54,3,12,6,54,54,54,9,9,54,0,29,18,41,15,8
Andhra Pradesh,Rural,SS (I-X),Department of Education,Boys,46,43,27,46,6,43,45,14,42,24,46,46,45,31,14,46,3,18,15,40,42,43
Andhra Pradesh,Rural,SS (I-X),Department of Education,Girls,36,33,22,36,4,34,35,5,35,19,36,35,36,22,12,35,16,12,8,34,36,35
Andhra Pradesh,Rural,SS (I-X),Department of Education,Co-Ed,4,4,4,4,0,4,4,0,3,1,4,4,4,2,3,4,1,2,0,4,3,4
Andhra Pradesh,Urban,SS (I-X),Department of Education,Boys,14,12,6,14,3,13,13,1,13,7,14,14,14,8,5,14,1,7,6,12,13,14
Andhra Pradesh,Urban,SS (I-X),Department of Education,Girls,16,15,5,16,3,13,16,2,15,5,16,16,16,5,2,16,4,5,4,16,16,16
Andhra Pradesh,Urban,SS (I-X),Department of Education,Co-Ed,6,4,5,6,0,5,6,0,3,0,6,6,6,4,2,6,5,4,2,6,5,6
Andhra Pradesh,Rural,SS (VI-X),Department of Education,Boys,6,5,5,6,0,6,6,1,5,2,6,6,5,6,4,6,0,5,4,4,5,5
Andhra Pradesh,Rural,SS (VI-X),Department of Education,Girls,124,114,104,124,54,110,121,17,104,91,124,124,122,106,55,123,100,94,70,121,68,119
Andhra Pradesh,Rural,SS (VI-X),Department of Education,Co-Ed,135,113,118,133,21,126,135,11,91,43,135,133,135,66,57,131,69,113,79,121,83,130
Andhra Pradesh,Urban,SS (VI-X),Department of Education,Boys,7,6,5,7,0,6,7,0,5,2,7,7,7,3,2,7,0,6,3,6,6,7
Andhra Pradesh,Urban,SS (VI-X),Department of Education,Girls,44,37,22,44,11,36,44,4,30,22,44,44,44,31,20,44,33,34,25,41,29,43
Andhra Pradesh,Urban,SS (VI-X),Department of Education,Co-Ed,70,61,51,70,12,65,68,5,50,18,70,70,70,50,37,70,35,58,37,60,48,67
Andhra Pradesh,Rural,UPS (I-VIII),Department of Education,Boys,1,1,1,1,0,1,1,0,0,0,1,1,1,0,0,1,0,0,0,1,1,1
Andhra Pradesh,Rural,UPS (I-VIII),Department of Education,Co-Ed,44,7,30,44,5,35,40,2,13,29,44,42,44,28,22,42,23,27,21,40,15,10
Andhra Pradesh,Urban,UPS (I-VIII),Department of Education,Boys,2,1,2,2,1,2,2,1,2,2,2,2,2,2,0,2,1,0,0,2,2,1
Andhra Pradesh,Urban,UPS (I-VIII),Department of Education,Co-Ed,8,2,4,8,0,5,8,0,3,2,8,8,8,0,1,8,0,4,2,6,4,3
Andhra Pradesh,Rural,HSS (VI-XII),Government Aided,Co-Ed,1,1,1,1,0,1,1,0,1,0,1,1,1,0,0,1,0,0,0,1,0,0
Andhra Pradesh,Rural,HSS (XI-XII),Government Aided,Girls,5,5,4,5,2,5,5,3,4,3,5,5,5,5,2,5,3,3,2,3,5,5
Andhra Pradesh,Rural,HSS (XI-XII),Government Aided,Co-Ed,46,46,40,46,6,43,46,25,44,6,46,46,46,23,21,44,24,14,9,31,44,45
Andhra Pradesh,Urban,HSS (XI-XII),Government Aided,Boys,2,2,1,2,1,2,2,1,1,0,2,2,2,2,1,2,1,2,2,1,2,2
Andhra Pradesh,Urban,HSS (XI-XII),Government Aided,Girls,14,13,12,14,7,14,14,9,12,7,14,14,14,12,10,14,9,11,8,10,14,13
Andhra Pradesh,Urban,HSS (XI-XII),Government Aided,Co-Ed,62,62,47,62,19,62,61,41,53,16,62,61,62,43,32,61,40,30,23,38,62,61
Andhra Pradesh,Rural,PS (I-V),Government Aided,Co-Ed,600,114,299,554,24,466,567,38,117,187,600,549,591,67,178,584,0,166,99,536,243,54
Andhra Pradesh,Urban,PS (I-V),Government Aided,Boys,4,2,2,4,0,4,4,0,2,0,4,4,4,0,1,4,0,2,2,3,2,1
Andhra Pradesh,Urban,PS (I-V),Government Aided,Girls,8,4,3,8,0,8,7,0,4,1,8,8,8,3,3,7,0,5,0,3,2,3
Andhra Pradesh,Urban,PS (I-V),Government Aided,Co-Ed,267,119,110,249,16,214,252,12,66,62,267,266,262,64,77,263,0,82,43,196,93,53
Andhra Pradesh,Rural,SS (I-X),Government Aided,Boys,1,1,1,1,0,1,1,1,1,1,1,1,1,1,0,1,1,1,1,0,0,0
Andhra Pradesh,Urban,SS (I-X),Government Aided,Co-Ed,6,4,4,6,1,5,5,1,3,4,6,6,6,3,2,5,4,2,1,5,4,5
Andhra Pradesh,Rural,SS (VI-X),Government Aided,Boys,2,2,2,2,0,2,2,0,1,2,2,2,2,2,2,2,0,2,2,2,2,2
Andhra Pradesh,Rural,SS (VI-X),Government Aided,Girls,9,9,6,9,0,9,9,1,5,3,9,9,9,4,2,9,6,5,5,7,6,8
Andhra Pradesh,Rural,SS (VI-X),Government Aided,Co-Ed,132,127,112,131,9,128,129,19,69,53,132,130,129,48,65,130,61,67,36,118,82,92
Andhra Pradesh,Urban,SS (VI-X),Government Aided,Boys,10,10,7,10,0,10,10,1,5,4,10,10,10,5,4,10,1,7,2,7,6,6
Andhra Pradesh,Urban,SS (VI-X),Government Aided,Girls,38,33,20,38,7,36,37,4,23,14,38,38,38,20,14,36,23,17,7,25,22,24
Andhra Pradesh,Urban,SS (VI-X),Government Aided,Co-Ed,171,163,105,171,22,164,163,21,94,55,171,171,170,83,79,170,89,95,47,134,97,113
Andhra Pradesh,Rural,UPS (I-VIII),Government Aided,Co-Ed,67,41,45,66,2,61,66,2,21,20,67,67,67,13,22,63,24,23,11,52,35,11
Andhra Pradesh,Urban,UPS (I-VIII),Government Aided,Girls,1,1,0,1,1,1,1,1,0,0,1,1,1,1,1,1,1,1,1,0,1,1
Andhra Pradesh,Urban,UPS (I-VIII),Government Aided,Co-Ed,95,65,26,92,7,80,89,4,38,27,95,95,94,25,33,94,30,38,23,80,33,20
Andhra Pradesh,Rural,UPS (VI-VIII),Government Aided,Co-Ed,1,0,1,1,0,1,1,0,0,0,1,1,1,0,0,1,0,0,0,1,1,0
Andhra Pradesh,Rural,HSS (VI-XII),Jawahar Navodaya Vidyalaya,Co-Ed,2,2,1,2,2,2,2,2,2,2,2,2,2,2,1,2,2,2,2,2,2,2
Andhra Pradesh,Urban,HSS (VI-XII),Jawahar Navodaya Vidyalaya,Co-Ed,1,1,1,1,1,1,1,1,1,0,1,1,1,1,0,1,0,1,1,1,1,1
Andhra Pradesh,Rural,SS (VI-X),Jawahar Navodaya Vidyalaya,Co-Ed,10,10,10,10,7,10,10,10,9,6,10,10,10,10,8,10,7,10,10,10,10,10
Andhra Pradesh,Urban,SS (VI-X),Jawahar Navodaya Vidyalaya,Co-Ed,2,2,1,2,1,2,2,2,2,2,2,2,2,2,1,2,1,2,2,1,2,2
Andhra Pradesh,Rural,HSS (I-XII),Kendriya Vidyalaya / Central School,Co-Ed,2,2,1,2,0,2,2,2,2,0,2,2,2,2,2,2,1,2,1,0,2,2
Andhra Pradesh,Urban,HSS (I-XII),Kendriya Vidyalaya / Central School,Co-Ed,1,1,1,1,0,1,1,1,1,0,1,1,1,1,0,1,0,1,1,0,1,1
Andhra Pradesh,Rural,PS (I-V),Kendriya Vidyalaya / Central School,Co-Ed,1,0,1,1,0,1,1,0,0,0,1,1,1,0,0,1,0,1,1,1,0,0
Andhra Pradesh,Rural,SS (I-X),Kendriya Vidyalaya / Central School,Co-Ed,10,10,8,10,2,10,10,8,10,4,10,10,10,7,5,10,5,8,7,6,9,10
Andhra Pradesh,Urban,SS (I-X),Kendriya Vidyalaya / Central School,Co-Ed,22,21,18,22,5,21,22,12,21,5,22,22,22,22,16,22,13,19,19,13,21,22
Andhra Pradesh,Rural,SS (VI-X),Kendriya Vidyalaya / Central School,Co-Ed,3,3,3,3,1,3,3,1,1,0,3,3,3,1,1,3,1,3,1,2,1,1
Andhra Pradesh,Rural,UPS (I-VIII),Kendriya Vidyalaya / Central School,Co-Ed,1,1,1,1,0,1,1,1,1,0,1,1,1,1,1,1,0,1,1,0,1,1
Andhra Pradesh,Urban,UPS (I-VIII),Kendriya Vidyalaya / Central School,Co-Ed,1,1,0,1,0,1,1,0,1,0,1,1,1,1,0,1,0,1,0,0,1,1
Andhra Pradesh,Rural,HSS (I-XII),Local body,Co-Ed,1,0,0,1,0,0,1,0,0,0,1,1,1,0,0,1,0,1,1,1,0,0
Andhra Pradesh,Urban,HSS (XI-XII),Local body,Co-Ed,1,1,0,1,0,1,0,0,0,0,1,1,1,0,1,1,0,0,0,0,0,1
Andhra Pradesh,Rural,PS (I-V),Local body,Boys,4,1,1,4,1,4,4,0,1,1,4,4,4,1,0,4,0,3,3,4,1,2
Andhra Pradesh,Rural,PS (I-V),Local body,Girls,3,0,0,3,0,1,3,0,0,2,3,3,3,0,0,3,0,1,1,3,2,1
Andhra Pradesh,Rural,PS (I-V),Local body,Co-Ed,28966,2152,14156,28232,1305,20243,28404,1415,6739,8109,28966,28236,28715,8373,8244,28444,0,16450,10742,25356,12658,7241
Andhra Pradesh,Urban,PS (I-V),Local body,Boys,2,0,2,2,1,2,2,1,1,2,2,2,2,0,1,2,0,2,1,2,2,1
Andhra Pradesh,Urban,PS (I-V),Local body,Girls,6,1,2,6,1,4,6,1,4,3,6,6,6,1,4,6,0,5,2,5,3,3
Andhra Pradesh,Urban,PS (I-V),Local body,Co-Ed,2696,536,1017,2681,217,1800,2610,154,635,533,2696,2670,2685,671,796,2644,0,1686,1016,2092,984,827
Andhra Pradesh,Rural,SS (I-X),Local body,Girls,1,0,1,1,0,1,1,0,1,0,1,1,1,1,1,1,1,1,0,1,1,1
Andhra Pradesh,Rural,SS (I-X),Local body,Co-Ed,460,329,366,459,13,417,457,39,317,100,460,458,460,140,171,456,168,362,234,437,251,395
Andhra Pradesh,Urban,SS (I-X),Local body,Girls,4,4,0,4,0,4,4,2,3,0,4,4,4,3,2,4,3,3,3,4,4,4
Andhra Pradesh,Urban,SS (I-X),Local body,Co-Ed,54,40,27,54,1,39,54,3,29,3,54,54,54,28,16,54,26,45,28,48,34,51
Andhra Pradesh,Rural,SS (VI-X),Local body,Boys,26,22,25,26,1,25,26,5,24,8,26,26,25,15,10,25,0,22,18,24,18,26
Andhra Pradesh,Rural,SS (VI-X),Local body,Girls,105,97,68,105,10,93,105,17,77,28,105,105,105,56,43,104,80,76,50,96,69,102
Andhra Pradesh,Rural,SS (VI-X),Local body,Co-Ed,3902,2889,3294,3888,235,3621,3873,351,2503,1328,3902,3895,3886,1568,1640,3870,1772,3118,2088,3677,2178,3579
Andhra Pradesh,Urban,SS (VI-X),Local body,Boys,17,17,13,17,1,16,17,4,12,6,17,17,17,15,9,17,1,13,11,15,13,17
Andhra Pradesh,Urban,SS (VI-X),Local body,Girls,94,79,59,93,10,82,94,14,57,27,94,94,94,64,46,92,77,76,59,81,57,89
Andhra Pradesh,Urban,SS (VI-X),Local body,Co-Ed,405,327,219,404,60,348,396,36,247,88,405,404,404,293,215,402,244,331,234,357,294,390
Andhra Pradesh,Rural,UPS (I-VIII),Local body,Co-Ed,3715,593,1920,3701,164,2637,3674,142,1121,1262,3715,3706,3703,2590,1334,3686,959,2831,1972,3380,1557,1747
Andhra Pradesh,Urban,UPS (I-VIII),Local body,Girls,1,0,0,1,0,0,1,0,0,0,1,1,1,0,0,1,0,0,0,1,0,1
Andhra Pradesh,Urban,UPS (I-VIII),Local body,Co-Ed,267,81,107,265,18,159,260,9,73,46,267,267,265,127,85,257,56,180,109,223,102,172
Andhra Pradesh,Rural,UPS (VI-VIII),Local body,Co-Ed,2,2,1,1,0,2,2,0,0,0,2,2,2,0,0,1,0,2,1,2,0,0
Andhra Pradesh,Urban,UPS (VI-VIII),Local body,Co-Ed,1,0,0,1,0,1,1,0,0,0,1,1,1,0,0,1,0,1,1,0,0,1
Andhra Pradesh,Urban,SS (I-X),Madarsa recognized (by Wakf board/Madarsa Board),Boys,1,0,1,1,0,1,1,0,0,1,1,1,1,1,0,1,0,0,0,0,0,0
Andhra Pradesh,Urban,SS (I-X),Madarsa recognized (by Wakf board/Madarsa Board),Co-Ed,1,1,0,1,0,1,1,0,0,0,1,1,1,1,1,1,0,1,0,1,0,1
Andhra Pradesh,Rural,UPS (I-VIII),Madarsa recognized (by Wakf board/Madarsa Board),Boys,1,0,1,1,0,1,0,0,0,0,1,1,1,0,0,1,0,0,0,0,0,1
Andhra Pradesh,Rural,UPS (I-VIII),Madarsa recognized (by Wakf board/Madarsa Board),Co-Ed,1,1,1,1,0,1,1,0,1,0,1,1,1,0,0,1,1,0,0,1,1,1
Andhra Pradesh,Urban,UPS (I-VIII),Madarsa recognized (by Wakf board/Madarsa Board),Boys,1,0,1,1,0,1,0,0,0,0,1,1,1,0,0,1,0,0,0,1,0,0
Andhra Pradesh,Urban,UPS (I-VIII),Madarsa recognized (by Wakf board/Madarsa Board),Co-Ed,3,1,1,3,0,1,2,0,2,0,3,3,3,0,1,3,0,0,0,3,0,2
Andhra Pradesh,Urban,UPS (VI-VIII),Madarsa recognized (by Wakf board/Madarsa Board),Co-Ed,1,1,1,1,0,1,1,1,1,1,1,1,1,1,1,1,1,1,1,1,1,1
Andhra Pradesh,Rural,PS (I-V),Madarsa unrecognized,Boys,7,2,3,7,1,3,4,1,1,3,7,7,7,1,2,6,0,2,2,4,3,2
Andhra Pradesh,Rural,PS (I-V),Madarsa unrecognized,Co-Ed,7,3,3,7,0,6,7,0,3,3,7,6,7,3,0,7,0,0,0,7,3,5
Andhra Pradesh,Urban,PS (I-V),Madarsa unrecognized,Boys,8,3,4,8,4,4,8,1,3,2,8,8,8,3,3,8,0,1,1,3,4,0
Andhra Pradesh,Urban,PS (I-V),Madarsa unrecognized,Girls,4,0,1,4,1,2,3,0,0,1,4,4,4,1,1,4,0,1,0,3,0,0
Andhra Pradesh,Urban,PS (I-V),Madarsa unrecognized,Co-Ed,29,11,6,28,3,16,23,1,6,7,29,29,28,5,3,27,0,4,2,16,8,19
Andhra Pradesh,Rural,SS (I-X),Madarsa unrecognized,Boys,2,1,1,1,1,1,2,0,0,1,2,2,2,2,1,2,1,2,1,0,1,1
Andhra Pradesh,Urban,SS (I-X),Madarsa unrecognized,Girls,1,0,0,1,0,0,1,0,0,0,1,1,1,0,1,1,0,0,0,0,0,0
Andhra Pradesh,Urban,SS (I-X),Madarsa unrecognized,Co-Ed,4,4,3,4,0,3,3,1,1,2,4,4,4,2,2,4,2,2,1,3,1,2
Andhra Pradesh,Rural,SS (VI-X),Madarsa unrecognized,Girls,1,1,1,1,0,1,1,0,1,1,1,1,1,1,0,1,0,1,1,1,1,1
Andhra Pradesh,Rural,SS (VI-X),Madarsa unrecognized,Co-Ed,1,1,0,1,0,1,1,0,1,0,1,1,1,0,0,1,0,1,0,1,1,1
Andhra Pradesh,Rural,UPS (I-VIII),Madarsa unrecognized,Boys,13,5,6,13,2,11,10,3,4,4,13,13,13,4,3,12,3,6,2,5,8,6
Andhra Pradesh,Rural,UPS (I-VIII),Madarsa unrecognized,Girls,7,5,3,7,0,4,6,3,4,3,7,7,7,2,1,7,3,2,1,3,3,5
Andhra Pradesh,Rural,UPS (I-VIII),Madarsa unrecognized,Co-Ed,7,6,4,7,0,5,7,1,3,1,7,7,7,3,0,7,3,1,0,5,4,6
Andhra Pradesh,Urban,UPS (I-VIII),Madarsa unrecognized,Boys,6,3,2,6,1,5,5,1,2,0,6,6,6,1,0,6,0,0,0,5,4,4
Andhra Pradesh,Urban,UPS (I-VIII),Madarsa unrecognized,Girls,12,7,3,12,1,8,10,2,5,5,12,12,12,3,1,12,4,1,1,6,8,8
Andhra Pradesh,Urban,UPS (I-VIII),Madarsa unrecognized,Co-Ed,47,27,9,47,1,30,41,6,16,15,47,47,46,11,4,46,8,12,5,24,27,32
Andhra Pradesh,Rural,UPS (VI-VIII),Madarsa unrecognized,Boys,1,0,1,1,1,0,1,0,0,0,1,1,1,0,1,1,1,0,0,0,0,0
Andhra Pradesh,Rural,PS (I-V),Other Govt. managed schools,Co-Ed,5,2,1,5,2,2,2,0,0,1,5,5,5,0,0,5,0,1,0,2,4,1
Andhra Pradesh,Urban,PS (I-V),Other Govt. managed schools,Co-Ed,15,3,5,15,3,8,8,1,5,6,15,15,13,0,4,15,0,1,1,9,8,1
Andhra Pradesh,Urban,SS (I-X),Other Govt. managed schools,Boys,1,1,0,1,1,1,1,0,1,1,1,1,1,0,1,1,0,0,0,0,0,1
Andhra Pradesh,Urban,SS (I-X),Other Govt. managed schools,Co-Ed,2,2,1,2,0,2,2,0,1,1,2,2,2,0,1,2,1,0,0,1,1,1
Andhra Pradesh,Urban,SS (VI-X),Other Govt. managed schools,Co-Ed,2,1,0,2,0,2,1,0,1,0,2,2,2,1,0,2,0,0,0,2,1,1
Andhra Pradesh,Rural,UPS (I-VIII),Other Govt. managed schools,Co-Ed,2,0,0,2,0,0,1,0,0,0,2,2,2,0,0,2,0,0,0,1,0,1
Andhra Pradesh,Urban,UPS (I-VIII),Other Govt. managed schools,Co-Ed,5,2,0,5,0,2,4,0,0,1,5,5,4,1,0,5,0,1,0,3,0,0
Andhra Pradesh,Rural,HSS (I-XII),Private Unaided (Recognized),Girls,1,1,1,1,0,1,1,0,1,1,1,1,1,1,0,1,1,1,1,1,1,1
Andhra Pradesh,Rural,HSS (I-XII),Private Unaided (Recognized),Co-Ed,6,6,5,6,1,6,6,6,6,3,6,6,6,5,6,6,3,5,4,6,6,6
Andhra Pradesh,Urban,HSS (I-XII),Private Unaided (Recognized),Co-Ed,10,10,4,10,2,10,10,10,10,2,10,10,10,8,7,10,6,4,4,7,10,10
Andhra Pradesh,Rural,HSS (XI-XII),Private Unaided (Recognized),Boys,7,6,6,7,4,7,6,6,6,5,7,7,5,7,5,7,4,6,5,6,4,7
Andhra Pradesh,Rural,HSS (XI-XII),Private Unaided (Recognized),Girls,35,33,28,35,13,33,35,26,31,14,35,35,33,28,20,34,24,15,14,22,32,35
Andhra Pradesh,Rural,HSS (XI-XII),Private Unaided (Recognized),Co-Ed,816,802,628,809,153,796,812,558,741,224,816,812,808,552,448,808,542,380,321,568,786,806
Andhra Pradesh,Urban,HSS (XI-XII),Private Unaided (Recognized),Boys,7,7,2,7,0,7,7,6,7,1,7,7,7,7,5,7,4,3,3,3,7,7
Andhra Pradesh,Urban,HSS (XI-XII),Private Unaided (Recognized),Girls,63,62,51,63,19,63,63,44,56,17,63,63,62,55,42,63,48,36,31,46,63,63
Andhra Pradesh,Urban,HSS (XI-XII),Private Unaided (Recognized),Co-Ed,992,985,591,991,177,951,977,720,895,166,992,992,990,717,542,990,697,443,363,689,973,986
Andhra Pradesh,Rural,PS (I-V),Private Unaided (Recognized),Boys,3,3,1,3,2,3,3,2,3,3,3,3,3,3,1,3,0,1,1,0,3,3
Andhra Pradesh,Rural,PS (I-V),Private Unaided (Recognized),Girls,2,2,2,2,2,2,2,1,2,2,2,2,2,2,1,2,0,1,1,1,2,2
Andhra Pradesh,Rural,PS (I-V),Private Unaided (Recognized),Co-Ed,1818,1684,1407,1809,251,1776,1753,590,1494,425,1818,1815,1807,1014,864,1809,0,636,448,1160,1608,1685
Andhra Pradesh,Urban,PS (I-V),Private Unaided (Recognized),Boys,1,1,0,1,0,1,1,0,1,1,1,1,1,1,0,1,0,1,1,1,1,1
Andhra Pradesh,Urban,PS (I-V),Private Unaided (Recognized),Girls,3,3,3,3,2,3,3,2,3,2,3,3,3,3,2,3,0,1,1,3,3,3
Andhra Pradesh,Urban,PS (I-V),Private Unaided (Recognized),Co-Ed,1899,1827,1100,1898,220,1835,1846,664,1619,296,1899,1899,1884,1104,753,1888,0,623,443,1136,1763,1856
Andhra Pradesh,Rural,SS (I-X),Private Unaided (Recognized),Boys,1,1,1,1,1,1,1,1,0,1,1,1,1,1,0,1,0,0,0,1,1,1
Andhra Pradesh,Rural,SS (I-X),Private Unaided (Recognized),Co-Ed,813,806,665,813,141,806,801,369,725,242,813,812,805,517,486,812,500,332,257,544,776,807
Andhra Pradesh,Urban,SS (I-X),Private Unaided (Recognized),Boys,2,2,2,2,2,2,2,2,2,1,2,2,2,2,2,2,0,2,2,2,2,2
Andhra Pradesh,Urban,SS (I-X),Private Unaided (Recognized),Girls,4,4,3,4,2,4,4,4,4,1,4,4,4,2,1,4,2,1,0,2,4,4
Andhra Pradesh,Urban,SS (I-X),Private Unaided (Recognized),Co-Ed,754,747,430,750,109,735,720,353,668,164,754,754,749,530,401,752,441,280,216,444,736,749
Andhra Pradesh,Rural,SS (VI-X),Private Unaided (Recognized),Boys,3,3,1,3,2,3,3,2,3,2,3,3,3,3,2,3,0,1,0,1,3,3
Andhra Pradesh,Rural,SS (VI-X),Private Unaided (Recognized),Girls,6,5,4,6,1,6,6,1,5,1,6,6,5,6,2,6,3,2,2,4,5,6
Andhra Pradesh,Rural,SS (VI-X),Private Unaided (Recognized),Co-Ed,1773,1746,1431,1770,275,1742,1731,696,1559,513,1773,1771,1766,1114,918,1762,1071,628,472,1173,1672,1742
Andhra Pradesh,Urban,SS (VI-X),Private Unaided (Recognized),Boys,3,2,2,3,2,3,3,2,3,2,3,3,3,3,2,3,1,2,2,2,2,3
Andhra Pradesh,Urban,SS (VI-X),Private Unaided (Recognized),Girls,5,5,4,5,1,5,5,4,5,1,5,5,5,5,2,5,3,3,2,4,5,5
Andhra Pradesh,Urban,SS (VI-X),Private Unaided (Recognized),Co-Ed,1973,1928,1134,1969,219,1922,1942,773,1736,322,1973,1973,1960,1210,814,1964,1076,648,468,1225,1869,1953
Andhra Pradesh,Rural,UPS (I-VIII),Private Unaided (Recognized),Boys,1,1,1,1,0,1,0,0,1,1,1,1,1,1,0,1,0,0,0,1,0,1
Andhra Pradesh,Rural,UPS (I-VIII),Private Unaided (Recognized),Co-Ed,2534,2342,1858,2523,260,2446,2430,543,1979,493,2534,2526,2504,990,1052,2514,1303,886,607,1671,1983,2251
Andhra Pradesh,Urban,UPS (I-VIII),Private Unaided (Recognized),Girls,1,1,0,1,0,1,1,0,1,0,1,1,1,1,0,1,0,0,0,0,1,1
Andhra Pradesh,Urban,UPS (I-VIII),Private Unaided (Recognized),Co-Ed,1484,1385,749,1483,144,1396,1422,390,1202,208,1484,1481,1476,735,534,1474,731,486,337,860,1205,1393
Andhra Pradesh,Rural,UPS (VI-VIII),Private Unaided (Recognized),Co-Ed,22,20,19,22,1,22,20,6,16,3,22,21,22,11,9,22,8,8,4,10,19,21
Andhra Pradesh,Urban,UPS (VI-VIII),Private Unaided (Recognized),Co-Ed,16,13,11,16,5,15,15,5,12,6,16,16,16,12,7,16,8,6,4,9,15,16
Andhra Pradesh,Urban,SS (VI-X),Railway School,Co-Ed,1,1,1,1,1,1,1,0,1,0,1,1,1,1,1,1,0,1,0,0,1,1
Andhra Pradesh,Rural,HSS (VI-XII),Sainik School,Co-Ed,1,1,1,1,1,1,1,1,1,1,1,1,1,1,1,1,1,1,1,1,1,1
Andhra Pradesh,Rural,SS (VI-X),Sainik School,Boys,1,1,1,1,1,1,1,1,1,0,1,1,1,1,0,1,0,0,0,0,1,1
Andhra Pradesh,Rural,HSS (I-XII),Social welfare Department,Boys,37,36,32,37,6,37,37,29,28,33,37,37,37,32,21,35,2,20,13,37,34,37
Andhra Pradesh,Rural,HSS (I-XII),Social welfare Department,Girls,65,64,55,65,10,65,65,35,51,51,65,65,64,57,35,64,27,35,28,64,62,65
Andhra Pradesh,Rural,HSS (I-XII),Social welfare Department,Co-Ed,2,2,1,2,1,2,2,1,2,1,2,2,2,2,0,2,0,2,2,2,2,2
Andhra Pradesh,Urban,HSS (I-XII),Social welfare Department,Boys,6,6,4,6,1,6,6,5,4,3,6,6,6,5,3,6,2,4,2,6,6,6
Andhra Pradesh,Urban,HSS (I-XII),Social welfare Department,Girls,19,19,15,19,3,19,19,13,11,17,19,19,19,14,11,19,12,10,9,18,19,19
Andhra Pradesh,Urban,HSS (I-XII),Social welfare Department,Co-Ed,1,1,1,1,1,1,1,1,1,1,1,1,1,1,1,1,1,1,1,1,1,1
Andhra Pradesh,Rural,HSS (XI-XII),Social welfare Department,Boys,8,8,7,8,0,8,8,6,7,7,8,8,8,6,4,8,3,4,4,8,8,8
Andhra Pradesh,Rural,HSS (XI-XII),Social welfare Department,Girls,17,16,14,17,4,17,17,8,12,14,17,17,16,16,10,17,10,8,8,15,17,17
Andhra Pradesh,Urban,HSS (XI-XII),Social welfare Department,Girls,6,6,4,6,1,5,6,4,6,5,6,6,6,4,1,6,4,4,3,6,6,6
Andhra Pradesh,Rural,SS (I-X),Social welfare Department,Boys,25,24,15,24,2,21,23,7,20,16,25,25,25,15,9,25,3,10,5,23,23,24
Andhra Pradesh,Rural,SS (I-X),Social welfare Department,Girls,35,32,25,35,3,32,35,9,26,22,35,35,35,22,11,35,11,18,14,34,35,35
Andhra Pradesh,Rural,SS (I-X),Social welfare Department,Co-Ed,1,1,0,1,0,1,1,0,1,0,1,1,1,1,1,1,1,0,0,1,1,1
Andhra Pradesh,Urban,SS (I-X),Social welfare Department,Boys,3,3,2,3,0,3,3,2,2,3,3,3,3,0,1,3,0,0,0,2,3,3
Andhra Pradesh,Urban,SS (I-X),Social welfare Department,Girls,10,10,6,10,1,9,10,7,8,8,10,10,10,10,4,10,7,2,1,10,10,10
Andhra Pradesh,Rural,SS (VI-X),Social welfare Department,Girls,1,1,0,1,0,1,0,0,0,0,1,1,0,0,0,1,1,0,0,0,1,1
Andhra Pradesh,Rural,UPS (I-VIII),Social welfare Department,Girls,1,1,1,1,0,1,1,0,1,1,1,1,1,0,0,1,1,0,0,1,1,1
Andhra Pradesh,Rural,HSS (I-XII),Tribal Welfare Department,Boys,2,2,2,2,2,2,2,1,2,2,2,2,2,0,0,2,1,2,1,2,2,2
Andhra Pradesh,Rural,HSS (I-XII),Tribal Welfare Department,Girls,2,2,2,2,0,2,2,1,2,1,2,2,2,2,0,2,2,0,0,2,2,2
Andhra Pradesh,Rural,HSS (I-XII),Tribal Welfare Department,Co-Ed,1,1,1,1,0,1,1,1,1,1,1,1,1,1,1,1,1,0,0,1,0,1
Andhra Pradesh,Urban,HSS (I-XII),Tribal Welfare Department,Girls,3,3,2,3,1,3,3,0,3,2,3,3,3,3,0,3,2,1,1,3,2,3
Andhra Pradesh,Rural,HSS (VI-XII),Tribal Welfare Department,Boys,2,2,2,2,0,2,2,0,2,2,2,2,2,2,1,2,0,2,1,2,2,2
Andhra Pradesh,Rural,HSS (VI-XII),Tribal Welfare Department,Co-Ed,10,7,6,8,3,9,7,1,4,1,10,8,9,2,1,8,4,3,1,7,4,2
Andhra Pradesh,Urban,HSS (VI-XII),Tribal Welfare Department,Girls,1,1,1,1,1,1,1,0,1,1,1,1,1,1,1,1,1,1,1,1,1,1
Andhra Pradesh,Rural,HSS (XI-XII),Tribal Welfare Department,Boys,15,12,15,15,3,14,15,7,15,11,15,13,15,11,5,15,1,3,3,15,15,15
Andhra Pradesh,Rural,HSS (XI-XII),Tribal Welfare Department,Girls,11,9,10,11,4,11,11,5,10,9,11,11,11,8,4,11,8,8,6,11,11,11
Andhra Pradesh,Rural,HSS (XI-XII),Tribal Welfare Department,Co-Ed,2,2,2,2,0,2,2,2,2,1,2,2,2,2,1,2,1,1,0,2,2,2
Andhra Pradesh,Rural,PS (I-V),Tribal Welfare Department,Co-Ed,1748,91,945,1413,124,1256,1591,167,413,689,1748,1455,1659,221,377,1646,0,493,281,1456,300,58
Andhra Pradesh,Urban,PS (I-V),Tribal Welfare Department,Co-Ed,7,0,1,7,0,4,6,1,3,1,7,7,7,0,3,7,0,5,4,5,2,0
Andhra Pradesh,Rural,SS (I-X),Tribal Welfare Department,Boys,172,125,126,170,63,153,168,24,128,132,172,169,171,145,84,170,24,105,67,167,88,159
Andhra Pradesh,Rural,SS (I-X),Tribal Welfare Department,Girls,126,103,87,126,59,112,125,16,84,90,126,125,125,99,55,126,89,63,37,122,63,124
Andhra Pradesh,Rural,SS (I-X),Tribal Welfare Department,Co-Ed,54,28,30,53,8,47,53,6,36,34,54,53,51,44,15,54,18,29,16,50,15,48
Andhra Pradesh,Urban,SS (I-X),Tribal Welfare Department,Boys,27,21,10,27,3,20,25,1,24,10,27,27,27,23,5,27,3,9,4,27,19,20
Andhra Pradesh,Urban,SS (I-X),Tribal Welfare Department,Girls,20,19,10,20,1,15,20,4,18,9,20,20,20,18,4,20,17,6,3,20,17,18
Andhra Pradesh,Urban,SS (I-X),Tribal Welfare Department,Co-Ed,3,3,2,3,0,2,3,1,2,1,3,3,3,2,2,3,1,1,1,3,3,1
Andhra Pradesh,Rural,SS (VI-X),Tribal Welfare Department,Boys,17,13,9,17,5,15,16,3,11,10,17,17,17,16,8,17,4,8,6,16,6,16
Andhra Pradesh,Rural,SS (VI-X),Tribal Welfare Department,Girls,18,15,12,18,11,16,17,5,11,14,18,18,18,17,6,18,15,16,15,18,5,16
Andhra Pradesh,Rural,SS (VI-X),Tribal Welfare Department,Co-Ed,12,8,10,12,2,11,12,0,10,5,12,11,12,8,3,12,4,6,3,11,9,12
Andhra Pradesh,Urban,SS (VI-X),Tribal Welfare Department,Boys,2,2,1,2,0,2,1,0,1,1,2,2,2,2,1,2,0,1,1,2,2,2
Andhra Pradesh,Rural,UPS (I-VIII),Tribal Welfare Department,Boys,9,4,8,9,3,7,9,2,5,6,9,9,9,8,1,9,1,4,4,8,4,8
Andhra Pradesh,Rural,UPS (I-VIII),Tribal Welfare Department,Girls,16,12,13,16,6,15,14,1,7,14,16,16,16,14,9,16,10,12,8,14,10,10
Andhra Pradesh,Rural,UPS (I-VIII),Tribal Welfare Department,Co-Ed,38,16,22,37,9,29,37,4,12,28,38,38,37,30,13,38,17,20,15,35,12,25
Andhra Pradesh,Rural,UPS (VI-VIII),Tribal Welfare Department,Co-Ed,7,5,5,7,1,5,7,1,4,6,7,7,7,6,2,7,3,4,4,7,4,6
Andhra Pradesh,Rural,PS (I-V),Unrecognized,Co-Ed,4,3,4,4,1,4,4,1,1,1,4,4,4,3,1,3,0,3,3,2,2,3
Andhra Pradesh,Urban,PS (I-V),Unrecognized,Co-Ed,3,3,2,3,0,2,2,2,2,1,3,3,3,3,1,3,0,2,2,2,2,2
Andhra Pradesh,Rural,SS (I-X),Unrecognized,Co-Ed,3,3,3,3,2,3,3,2,3,2,3,3,3,3,1,3,3,1,1,3,3,3
Andhra Pradesh,Urban,SS (I-X),Unrecognized,Co-Ed,1,1,1,1,0,1,1,0,0,1,1,1,1,0,1,1,0,1,1,1,1,1
Andhra Pradesh,Rural,UPS (I-VIII),Unrecognized,Boys,1,0,0,1,0,0,0,0,0,0,1,1,1,1,0,1,0,0,0,0,1,0
Andhra Pradesh,Rural,UPS (I-VIII),Unrecognized,Co-Ed,20,18,15,20,3,19,18,7,16,8,20,20,19,9,10,20,10,10,7,12,17,17
Andhra Pradesh,Urban,UPS (I-VIII),Unrecognized,Co-Ed,12,11,4,12,0,11,12,3,11,1,12,12,12,6,8,11,7,5,1,6,11,10
Andhra Pradesh,Urban,UPS (VI-VIII),Unrecognized,Boys,1,0,0,1,1,0,1,0,0,0,1,1,1,0,0,1,0,0,0,0,0,0
Arunachal Pradesh,Rural,UPS (I-VIII),Central Tibetan School,Co-Ed,2,2,2,2,1,2,2,0,1,0,2,2,2,2,0,2,0,0,0,1,0,2
Arunachal Pradesh,Rural,HSS (I-XII),Department of Education,Co-Ed,23,19,21,20,5,21,14,1,1,5,23,20,20,4,1,9,1,6,5,7,15,19
Arunachal Pradesh,Urban,HSS (I-XII),Department of Education,Co-Ed,3,2,3,3,0,2,1,2,1,0,3,3,2,1,0,2,1,2,0,1,2,3
Arunachal Pradesh,Rural,HSS (IX-XII),Department of Education,Co-Ed,23,23,19,23,4,22,14,2,5,2,22,22,23,5,2,9,2,2,2,5,18,23
Arunachal Pradesh,Urban,HSS (IX-XII),Department of Education,Co-Ed,13,11,11,13,1,13,12,5,7,2,10,13,12,1,1,10,1,3,2,6,10,13
Arunachal Pradesh,Rural,HSS (VI-XII),Department of Education,Co-Ed,32,29,30,30,3,29,24,3,2,4,32,30,28,8,1,21,1,7,3,16,22,32
Arunachal Pradesh,Urban,HSS (VI-XII),Department of Education,Co-Ed,7,6,7,7,1,7,6,0,3,3,6,7,7,1,0,4,0,3,1,4,6,7
Arunachal Pradesh,Rural,PS (I-V),Department of Education,Girls,2,0,2,1,0,1,2,0,0,0,2,1,1,0,0,0,0,1,0,0,1,0
Arunachal Pradesh,Rural,PS (I-V),Department of Education,Co-Ed,1613,262,1396,468,65,910,505,4,1,204,1253,942,875,74,28,472,0,368,279,285,118,27
Arunachal Pradesh,Urban,PS (I-V),Department of Education,Co-Ed,56,14,44,38,3,20,21,2,1,4,55,46,31,3,1,21,0,13,7,17,4,2
Arunachal Pradesh,Rural,SS (I-X),Department of Education,Co-Ed,126,80,120,103,13,105,65,0,8,27,119,111,95,16,1,69,4,39,28,41,30,103
Arunachal Pradesh,Urban,SS (I-X),Department of Education,Co-Ed,20,18,15,20,5,11,12,0,4,3,18,20,20,4,0,12,3,11,7,11,9,20
Arunachal Pradesh,Rural,SS (IX-X),Department of Education,Co-Ed,1,1,1,1,0,1,0,0,1,0,1,1,1,0,0,0,0,1,1,0,0,1
Arunachal Pradesh,Urban,SS (IX-X),Department of Education,Co-Ed,1,1,1,1,0,1,0,0,0,0,1,1,1,0,0,0,0,1,1,1,1,1
Arunachal Pradesh,Rural,SS (VI-X),Department of Education,Girls,20,14,13,19,7,20,13,1,4,12,18,20,19,5,1,16,2,5,2,5,10,14
Arunachal Pradesh,Rural,SS (VI-X),Department of Education,Co-Ed,25,18,23,21,2,20,17,0,0,9,25,23,22,1,2,14,0,6,6,12,8,24
Arunachal Pradesh,Urban,SS (VI-X),Department of Education,Co-Ed,4,3,3,4,3,3,2,1,2,2,3,4,4,1,1,4,0,1,1,1,2,4
Arunachal Pradesh,Rural,UPS (I-VIII),Department of Education,Girls,14,3,12,10,2,11,6,0,2,5,12,14,11,1,1,8,0,4,3,5,5,6
Arunachal Pradesh,Rural,UPS (I-VIII),Department of Education,Co-Ed,847,243,767,432,63,608,391,1,6,155,747,657,582,50,22,292,14,246,194,189,130,271
Arunachal Pradesh,Urban,UPS (I-VIII),Department of Education,Girls,1,0,0,1,0,0,1,0,0,0,0,1,1,1,0,1,0,0,0,0,0,1
Arunachal Pradesh,Urban,UPS (I-VIII),Department of Education,Co-Ed,68,44,51,65,5,30,34,0,1,7,63,63,55,1,0,34,2,26,16,16,7,40
Arunachal Pradesh,Rural,UPS (VI-VIII),Department of Education,Girls,40,23,35,32,12,25,19,1,3,16,36,39,32,5,1,26,3,6,4,15,21,24
Arunachal Pradesh,Rural,UPS (VI-VIII),Department of Education,Co-Ed,3,1,3,1,0,2,2,0,0,0,3,2,2,0,0,1,0,0,0,1,1,1
Arunachal Pradesh,Urban,UPS (VI-VIII),Department of Education,Girls,2,2,1,2,0,2,1,0,0,0,2,2,1,0,1,2,0,1,0,2,0,1
Arunachal Pradesh,Rural,HSS (I-XII),Government Aided,Boys,1,1,1,1,1,1,1,1,1,1,1,1,1,1,1,1,0,0,0,1,1,1
Arunachal Pradesh,Rural,HSS (I-XII),Government Aided,Co-Ed,5,5,4,5,1,5,5,4,5,4,5,5,5,4,0,5,1,0,0,2,5,5
Arunachal Pradesh,Urban,HSS (I-XII),Government Aided,Co-Ed,3,3,3,3,1,3,3,3,3,1,3,3,3,2,2,3,1,2,0,0,3,3
Arunachal Pradesh,Rural,PS (I-V),Government Aided,Girls,1,1,0,1,0,1,1,0,1,1,1,1,0,1,0,1,0,0,0,0,0,1
Arunachal Pradesh,Rural,PS (I-V),Government Aided,Co-Ed,8,7,7,6,1,7,6,1,1,2,7,8,6,3,1,7,0,2,2,3,3,7
Arunachal Pradesh,Urban,PS (I-V),Government Aided,Girls,1,1,0,1,0,1,1,0,0,0,1,1,1,1,1,1,0,1,0,1,0,1
Arunachal Pradesh,Urban,PS (I-V),Government Aided,Co-Ed,2,2,2,2,0,2,1,0,0,1,2,2,2,0,0,2,0,0,0,0,0,2
Arunachal Pradesh,Rural,SS (I-X),Government Aided,Girls,4,4,4,4,3,4,4,4,4,4,4,4,4,3,3,4,1,1,0,1,4,4
Arunachal Pradesh,Rural,SS (I-X),Government Aided,Co-Ed,16,16,16,16,3,14,14,8,15,8,15,16,15,9,2,15,1,2,1,5,8,16
Arunachal Pradesh,Urban,SS (I-X),Government Aided,Girls,1,1,0,1,1,1,1,1,1,1,1,1,1,1,1,1,0,1,0,1,1,1
Arunachal Pradesh,Urban,SS (I-X),Government Aided,Co-Ed,4,4,4,4,2,4,4,1,4,3,4,4,4,3,0,4,1,1,1,0,3,4
Arunachal Pradesh,Rural,UPS (I-VIII),Government Aided,Boys,2,2,1,2,0,2,2,0,1,1,2,2,2,0,0,2,0,0,0,0,0,1
Arunachal Pradesh,Rural,UPS (I-VIII),Government Aided,Girls,1,1,1,1,0,1,1,0,0,1,1,1,0,1,0,1,1,1,1,1,1,0
Arunachal Pradesh,Rural,UPS (I-VIII),Government Aided,Co-Ed,14,11,12,14,4,14,13,1,10,8,14,14,12,9,3,13,5,3,2,3,6,14
Arunachal Pradesh,Urban,UPS (I-VIII),Government Aided,Co-Ed,5,5,3,5,0,4,4,1,2,2,4,5,3,3,0,5,1,0,0,3,3,5
Arunachal Pradesh,Rural,HSS (VI-XII),Jawahar Navodaya Vidyalaya,Co-Ed,10,10,9,10,1,10,10,9,9,5,9,10,10,8,3,10,5,9,7,8,10,10
Arunachal Pradesh,Urban,HSS (VI-XII),Jawahar Navodaya Vidyalaya,Co-Ed,1,1,1,1,0,1,1,1,1,1,1,1,1,1,0,1,1,1,1,1,1,1
Arunachal Pradesh,Rural,SS (VI-X),Jawahar Navodaya Vidyalaya,Co-Ed,3,3,1,3,0,2,3,3,2,2,3,3,3,1,0,2,2,0,0,2,3,3
Arunachal Pradesh,Urban,SS (VI-X),Jawahar Navodaya Vidyalaya,Co-Ed,2,2,0,2,0,2,2,1,1,1,2,2,2,2,0,2,0,0,0,2,2,2
Arunachal Pradesh,Rural,HSS (I-XII),Kendriya Vidyalaya / Central School,Co-Ed,6,6,5,6,1,6,6,6,6,1,6,6,5,5,0,6,3,5,2,0,6,6
Arunachal Pradesh,Urban,HSS (I-XII),Kendriya Vidyalaya / Central School,Co-Ed,6,6,5,6,0,6,6,6,5,2,5,6,6,5,1,6,2,5,4,2,5,6
Arunachal Pradesh,Rural,PS (I-V),Kendriya Vidyalaya / Central School,Co-Ed,1,1,1,1,1,0,1,1,1,0,1,1,1,0,0,1,0,1,0,0,1,1
Arunachal Pradesh,Rural,SS (I-X),Kendriya Vidyalaya / Central School,Co-Ed,2,2,2,2,0,2,2,2,2,0,2,2,2,2,1,2,0,1,1,1,2,2
Arunachal Pradesh,Urban,SS (I-X),Kendriya Vidyalaya / Central School,Co-Ed,1,1,0,1,1,1,1,1,1,0,1,1,1,1,0,1,0,1,0,1,1,1
Arunachal Pradesh,Rural,UPS (I-VIII),Kendriya Vidyalaya / Central School,Co-Ed,1,1,0,1,0,1,1,1,1,0,1,1,1,0,1,1,0,0,0,0,1,1
Arunachal Pradesh,Urban,UPS (I-VIII),Kendriya Vidyalaya / Central School,Co-Ed,2,2,2,2,1,2,2,2,2,0,2,2,2,2,0,2,1,1,0,0,2,2
Arunachal Pradesh,Rural,PS (I-V),Local body,Boys,1,1,1,1,0,1,1,0,0,1,1,1,1,1,0,1,0,0,0,1,1,1
Arunachal Pradesh,Rural,HSS (I-XII),Private Unaided (Recognized),Co-Ed,12,11,12,12,1,12,12,7,11,10,11,12,12,9,7,12,3,5,4,6,10,12
Arunachal Pradesh,Urban,HSS (I-XII),Private Unaided (Recognized),Co-Ed,15,15,14,15,1,15,15,13,14,5,15,15,15,13,6,15,2,1,1,6,14,15
Arunachal Pradesh,Urban,HSS (IX-XII),Private Unaided (Recognized),Co-Ed,3,3,3,3,1,3,3,1,2,2,2,3,3,3,1,3,1,1,0,2,2,3
Arunachal Pradesh,Rural,PS (I-V),Private Unaided (Recognized),Co-Ed,92,80,75,84,17,79,53,9,18,39,80,87,81,50,9,80,0,13,10,23,37,70
Arunachal Pradesh,Urban,PS (I-V),Private Unaided (Recognized),Co-Ed,43,41,33,38,4,32,20,4,14,13,36,41,40,18,4,39,0,4,2,6,19,34
Arunachal Pradesh,Rural,SS (I-X),Private Unaided (Recognized),Girls,1,1,1,1,1,1,1,1,1,0,1,1,1,1,0,1,0,0,0,0,1,1
Arunachal Pradesh,Rural,SS (I-X),Private Unaided (Recognized),Co-Ed,53,52,51,52,11,52,45,17,40,30,48,53,51,30,14,50,20,17,11,13,37,52
Arunachal Pradesh,Urban,SS (I-X),Private Unaided (Recognized),Co-Ed,33,33,30,33,7,33,29,17,28,18,32,33,31,23,13,31,10,9,0,9,28,33
Arunachal Pradesh,Rural,UPS (I-VIII),Private Unaided (Recognized),Boys,1,1,1,1,0,1,1,0,0,0,1,1,1,1,0,1,0,0,0,0,0,1
Arunachal Pradesh,Rural,UPS (I-VIII),Private Unaided (Recognized),Co-Ed,186,179,173,174,25,170,110,24,75,72,161,180,168,100,23,164,43,28,14,44,99,165
Arunachal Pradesh,Urban,UPS (I-VIII),Private Unaided (Recognized),Girls,1,1,1,1,0,1,1,0,1,0,1,1,1,1,1,1,0,0,0,0,1,1
Arunachal Pradesh,Urban,UPS (I-VIII),Private Unaided (Recognized),Co-Ed,63,59,55,62,11,55,46,18,41,30,56,63,57,40,11,61,15,7,4,13,36,62
Arunachal Pradesh,Rural,SS (VI-X),Sainik School,Co-Ed,1,1,1,1,0,1,1,0,0,0,1,1,1,1,0,1,0,0,0,0,1,1
Arunachal Pradesh,Rural,HSS (VI-XII),Tribal Welfare Department,Co-Ed,1,1,1,1,0,1,1,1,1,1,1,1,1,1,0,1,0,0,0,0,1,1
Arunachal Pradesh,Rural,SS (VI-X),Tribal Welfare Department,Co-Ed,1,1,1,1,0,1,1,0,0,1,1,1,1,1,0,1,1,0,0,0,1,1
Arunachal Pradesh,Rural,PS (I-V),Unrecognized,Co-Ed,21,16,17,18,2,16,10,1,3,6,17,20,20,10,2,18,0,5,3,7,7,11
Arunachal Pradesh,Urban,PS (I-V),Unrecognized,Co-Ed,6,6,6,6,0,4,1,0,2,1,4,6,6,1,1,6,0,1,1,1,3,5
Arunachal Pradesh,Rural,UPS (I-VIII),Unrecognized,Co-Ed,18,16,14,14,3,15,8,1,1,6,16,17,15,6,2,14,6,2,2,4,3,16
Arunachal Pradesh,Urban,UPS (I-VIII),Unrecognized,Co-Ed,2,2,1,2,1,2,2,0,0,1,2,2,2,1,0,2,1,1,1,0,1,2
Assam,Rural,HSS (I-XII),Department of Education,Co-Ed,180,134,174,176,55,178,174,6,106,101,165,174,174,84,13,178,47,167,148,121,57,170
Assam,Urban,HSS (I-XII),Department of Education,Girls,3,3,3,3,1,2,3,0,2,3,3,3,3,2,1,3,1,3,3,3,2,3
Assam,Urban,HSS (I-XII),Department of Education,Co-Ed,30,24,27,30,13,29,30,1,25,20,29,30,28,23,3,30,9,28,20,18,12,29
Assam,Rural,HSS (IX-XII),Department of Education,Girls,1,1,1,1,0,1,1,0,0,0,1,1,1,1,0,1,0,1,1,0,0,1
Assam,Rural,HSS (IX-XII),Department of Education,Co-Ed,66,17,61,62,8,44,58,3,21,8,59,61,61,17,0,52,11,42,31,17,5,27
Assam,Urban,HSS (IX-XII),Department of Education,Co-Ed,12,5,10,11,0,6,9,0,2,0,8,12,10,2,0,8,1,3,1,1,0,0
Assam,Rural,HSS (VI-XII),Department of Education,Boys,3,3,3,3,1,3,3,1,2,1,3,3,3,1,0,3,0,2,2,1,0,2
Assam,Rural,HSS (VI-XII),Department of Education,Girls,23,16,21,23,9,17,23,0,13,15,20,23,22,12,2,23,8,18,16,19,5,21
Assam,Rural,HSS (VI-XII),Department of Education,Co-Ed,518,413,508,513,196,498,514,51,344,314,479,499,509,255,16,502,131,463,395,340,182,490
Assam,Urban,HSS (VI-XII),Department of Education,Boys,9,9,9,9,3,9,9,0,3,6,9,9,9,2,2,9,1,9,8,5,6,9
Assam,Urban,HSS (VI-XII),Department of Education,Girls,24,23,18,24,17,19,24,0,17,20,21,24,24,17,2,24,12,22,20,15,9,24
Assam,Urban,HSS (VI-XII),Department of Education,Co-Ed,108,98,102,108,61,105,108,7,84,67,99,106,106,65,5,108,31,97,81,71,61,106
Assam,Rural,HSS (XI-XII),Department of Education,Girls,6,6,5,6,2,6,6,4,6,0,6,6,6,4,1,6,2,3,3,1,5,6
Assam,Rural,HSS (XI-XII),Department of Education,Co-Ed,145,134,136,144,31,139,141,104,131,33,119,141,142,97,15,137,64,67,56,22,99,139
Assam,Urban,HSS (XI-XII),Department of Education,Girls,16,14,10,16,5,16,16,14,16,2,9,16,16,15,5,16,9,8,7,3,14,15
Assam,Urban,HSS (XI-XII),Department of Education,Co-Ed,74,73,58,74,25,72,74,68,73,20,50,73,74,66,18,67,34,49,35,3,65,74
Assam,Rural,PS (I-V),Department of Education,Boys,6,1,4,6,1,6,6,0,0,6,6,6,6,2,1,6,0,6,5,2,0,1
Assam,Rural,PS (I-V),Department of Education,Girls,9,2,7,9,0,7,9,0,1,6,9,9,9,2,0,9,0,9,9,5,1,1
Assam,Rural,PS (I-V),Department of Education,Co-Ed,33393,4171,28750,28643,1445,25602,32749,228,877,21912,31356,31498,31700,14924,2163,32326,0,30235,27284,18641,2628,1824
Assam,Urban,PS (I-V),Department of Education,Boys,4,2,1,4,0,2,4,0,0,3,4,4,3,1,1,4,0,4,4,3,1,1
Assam,Urban,PS (I-V),Department of Education,Girls,6,3,4,6,0,5,6,0,2,5,6,6,5,1,1,6,0,6,6,5,2,1
Assam,Urban,PS (I-V),Department of Education,Co-Ed,1064,321,697,971,37,667,1057,8,57,701,1009,1038,971,436,92,1037,0,981,867,566,93,46
Assam,Rural,SS (I-X),Department of Education,Girls,5,4,3,5,1,5,5,1,2,4,4,5,5,3,1,5,2,4,4,4,1,5
Assam,Rural,SS (I-X),Department of Education,Co-Ed,871,538,847,853,61,832,846,28,394,556,809,849,856,420,53,847,215,793,702,637,204,757
Assam,Urban,SS (I-X),Department of Education,Girls,3,1,2,3,1,2,3,0,1,2,3,3,3,2,0,3,3,3,2,3,2,3
Assam,Urban,SS (I-X),Department of Education,Co-Ed,114,80,97,114,4,101,113,0,75,76,108,113,112,51,2,114,30,110,103,65,31,110
Assam,Rural,SS (IX-X),Department of Education,Girls,15,10,14,15,1,13,15,0,4,2,14,14,14,5,1,15,4,10,10,12,2,12
Assam,Rural,SS (IX-X),Department of Education,Co-Ed,352,118,344,339,23,311,329,5,154,76,320,332,343,167,10,314,70,219,192,214,42,242
Assam,Urban,SS (IX-X),Department of Education,Girls,3,3,2,3,1,1,3,0,1,0,3,3,3,3,1,3,2,3,3,1,1,2
Assam,Urban,SS (IX-X),Department of Education,Co-Ed,28,11,26,28,1,20,27,0,13,6,24,28,27,19,1,25,4,15,13,10,1,21
Assam,Rural,SS (VI-X),Department of Education,Boys,9,8,9,9,0,9,9,1,8,6,8,7,9,4,0,9,1,5,5,6,4,7
Assam,Rural,SS (VI-X),Department of Education,Girls,162,107,148,161,34,142,156,0,110,115,158,157,161,98,6,161,63,137,119,107,23,145
Assam,Rural,SS (VI-X),Department of Education,Co-Ed,1621,1011,1589,1594,126,1526,1569,63,797,953,1525,1568,1581,822,73,1566,397,1401,1216,1135,316,1365
Assam,Urban,SS (VI-X),Department of Education,Boys,12,10,9,12,1,10,12,0,6,7,12,12,12,7,0,12,0,8,5,1,4,12
Assam,Urban,SS (VI-X),Department of Education,Girls,60,50,53,60,8,51,60,1,45,43,56,58,60,34,1,58,24,53,45,35,15,56
Assam,Urban,SS (VI-X),Department of Education,Co-Ed,134,90,128,134,9,114,132,1,91,92,123,131,126,68,4,129,29,115,102,85,29,124
Assam,Rural,UPS (I-VIII),Department of Education,Boys,2,2,2,2,0,2,2,0,0,1,2,2,2,2,0,2,0,2,2,0,0,0
Assam,Rural,UPS (I-VIII),Department of Education,Girls,4,3,4,4,0,3,4,0,0,3,4,4,4,1,0,4,0,4,3,3,0,2
Assam,Rural,UPS (I-VIII),Department of Education,Co-Ed,2764,1275,2466,2597,138,2347,2732,13,178,2050,2616,2684,2714,1315,175,2727,784,2591,2394,1857,315,904
Assam,Urban,UPS (I-VIII),Department of Education,Co-Ed,170,110,123,170,5,126,170,1,22,113,165,169,168,76,9,170,49,162,151,102,24,84
Assam,Rural,UPS (VI-VIII),Department of Education,Boys,3,1,2,3,0,3,3,0,1,3,3,3,3,3,0,3,0,3,2,2,1,1
Assam,Rural,UPS (VI-VIII),Department of Education,Girls,91,39,76,86,4,76,83,0,10,54,82,87,88,33,4,86,37,67,58,51,6,21
Assam,Rural,UPS (VI-VIII),Department of Education,Co-Ed,2662,1216,2514,2303,124,2320,2625,19,159,1803,2507,2561,2536,1215,137,2592,678,2334,2110,1601,266,723
Assam,Urban,UPS (VI-VIII),Department of Education,Boys,2,2,1,2,0,2,2,0,1,0,2,2,2,2,0,2,0,2,1,2,0,2
Assam,Urban,UPS (VI-VIII),Department of Education,Girls,7,2,4,7,2,4,7,0,1,4,6,7,7,3,0,7,3,5,5,3,1,2
Assam,Urban,UPS (VI-VIII),Department of Education,Co-Ed,117,71,89,106,5,90,117,1,15,88,111,115,110,52,7,117,29,103,90,61,16,58
Assam,Rural,HSS (I-XII),Government Aided,Co-Ed,1,1,1,1,0,1,1,0,0,0,1,1,1,1,0,1,0,0,0,1,1,1
Assam,Urban,HSS (I-XII),Government Aided,Co-Ed,3,2,1,3,0,3,2,1,2,1,2,3,2,2,1,2,0,0,0,1,3,3
Assam,Rural,HSS (IX-XII),Government Aided,Co-Ed,5,3,5,2,0,2,4,1,0,0,4,4,3,0,0,2,0,1,1,3,0,0
Assam,Rural,HSS (VI-XII),Government Aided,Girls,2,0,2,0,0,2,2,0,1,0,2,1,2,1,0,2,0,0,0,1,0,0
Assam,Rural,HSS (VI-XII),Government Aided,Co-Ed,22,8,22,5,1,17,19,14,4,3,18,18,19,3,0,16,4,0,0,7,3,5
Assam,Rural,HSS (XI-XII),Government Aided,Girls,6,4,6,6,0,5,6,2,5,0,5,5,6,3,0,5,1,2,2,3,0,2
Assam,Rural,HSS (XI-XII),Government Aided,Co-Ed,175,140,170,158,9,172,159,87,124,17,153,165,164,69,7,134,42,37,27,57,42,82
Assam,Urban,HSS (XI-XII),Government Aided,Girls,3,3,3,3,0,2,3,2,2,0,3,3,3,2,0,3,3,2,1,1,2,2
Assam,Urban,HSS (XI-XII),Government Aided,Co-Ed,22,21,20,22,2,21,22,15,16,5,20,21,22,13,4,20,9,6,4,3,10,18
Assam,Rural,PS (I-V),Government Aided,Co-Ed,1,0,1,0,0,1,1,0,0,0,1,0,1,0,0,0,0,0,0,0,0,0
Assam,Rural,SS (I-X),Government Aided,Co-Ed,4,4,4,2,0,4,2,0,1,0,4,4,3,1,1,3,0,0,0,0,1,1
Assam,Urban,SS (I-X),Government Aided,Co-Ed,2,2,2,2,0,1,2,1,0,0,1,2,2,1,1,2,0,0,0,0,2,2
Assam,Rural,SS (IX-X),Government Aided,Boys,1,0,1,0,0,1,1,0,0,0,0,0,1,0,0,0,0,0,0,0,0,0
Assam,Rural,SS (IX-X),Government Aided,Girls,43,8,41,15,2,35,24,0,3,2,37,32,38,5,0,21,3,2,0,15,5,6
Assam,Rural,SS (IX-X),Government Aided,Co-Ed,639,180,599,236,25,595,395,6,55,52,555,429,532,111,5,334,57,65,31,246,39,122
Assam,Urban,SS (IX-X),Government Aided,Girls,2,1,1,2,0,2,2,0,1,0,2,1,2,1,0,1,1,0,0,1,1,0
Assam,Urban,SS (IX-X),Government Aided,Co-Ed,49,20,45,29,3,40,30,0,8,4,44,40,40,6,0,30,5,1,0,15,3,13
Assam,Rural,SS (VI-X),Government Aided,Boys,1,0,1,0,0,1,0,0,0,0,1,1,1,0,0,1,0,0,0,1,0,0
Assam,Rural,SS (VI-X),Government Aided,Girls,11,2,10,5,0,10,6,0,0,0,8,5,9,1,0,7,1,0,0,7,1,1
Assam,Rural,SS (VI-X),Government Aided,Co-Ed,81,34,80,29,2,75,56,9,6,26,74,64,74,21,1,64,9,13,7,33,9,11
Assam,Urban,SS (VI-X),Government Aided,Girls,1,1,1,1,0,1,0,0,0,0,1,0,1,0,0,1,0,0,0,0,0,1
Assam,Urban,SS (VI-X),Government Aided,Co-Ed,11,6,10,10,0,9,9,0,1,3,7,10,6,2,2,10,1,0,0,3,1,4
Assam,Rural,UPS (I-VIII),Government Aided,Co-Ed,6,2,5,2,1,4,5,0,0,1,6,5,6,0,0,5,2,2,2,0,0,0
Assam,Rural,UPS (VI-VIII),Government Aided,Girls,171,21,162,17,4,151,110,1,9,47,152,105,147,19,1,124,22,14,5,54,10,4
Assam,Rural,UPS (VI-VIII),Government Aided,Co-Ed,2519,309,2380,242,72,2158,1448,10,91,647,2188,1291,2064,341,29,1815,185,210,116,881,131,45
Assam,Urban,UPS (VI-VIII),Government Aided,Girls,4,2,3,2,0,3,4,0,0,2,4,4,4,1,0,3,1,0,0,0,0,0
Assam,Urban,UPS (VI-VIII),Government Aided,Co-Ed,56,12,51,17,2,45,39,0,0,14,49,35,49,9,1,50,8,7,4,13,1,1
Assam,Rural,HSS (VI-XII),Jawahar Navodaya Vidyalaya,Co-Ed,23,23,23,23,8,23,23,20,23,17,20,23,23,23,5,23,14,20,20,16,23,23
Assam,Urban,HSS (VI-XII),Jawahar Navodaya Vidyalaya,Co-Ed,2,2,2,2,1,2,2,2,2,1,2,2,2,2,0,2,2,2,2,1,2,2
Assam,Rural,SS (VI-X),Jawahar Navodaya Vidyalaya,Co-Ed,2,2,2,2,1,2,2,2,2,1,1,2,2,2,1,2,2,2,2,2,2,2
Assam,Rural,HSS (I-XII),Kendriya Vidyalaya / Central School,Co-Ed,33,33,26,33,3,33,33,29,33,8,32,33,33,31,2,33,15,31,15,3,33,33
Assam,Urban,HSS (I-XII),Kendriya Vidyalaya / Central School,Co-Ed,20,20,13,20,2,20,20,18,20,4,20,20,20,20,2,20,13,19,12,3,20,20
Assam,Urban,PS (I-V),Kendriya Vidyalaya / Central School,Co-Ed,1,0,1,1,0,1,0,0,1,0,1,1,1,1,0,1,0,1,0,0,1,1
Assam,Rural,SS (I-X),Kendriya Vidyalaya / Central School,Co-Ed,1,1,1,1,0,1,1,1,1,0,1,1,1,1,1,1,1,1,1,0,1,1
Assam,Urban,SS (I-X),Kendriya Vidyalaya / Central School,Co-Ed,2,2,0,2,0,2,2,2,1,0,2,2,2,2,0,2,0,0,0,0,2,2
Assam,Rural,UPS (I-VIII),Kendriya Vidyalaya / Central School,Co-Ed,1,1,1,1,0,1,1,1,1,0,1,1,1,1,0,1,0,1,1,0,1,1
Assam,Rural,HSS (I-XII),Local body,Co-Ed,1,1,1,1,0,1,1,0,1,0,1,1,1,0,0,1,0,1,0,0,0,1
Assam,Rural,HSS (VI-XII),Local body,Co-Ed,1,1,1,1,0,1,1,1,1,0,1,1,1,1,0,1,0,1,1,0,1,1
Assam,Rural,PS (I-V),Local body,Co-Ed,452,68,399,341,14,392,396,2,14,210,394,397,412,186,18,414,0,291,215,270,35,18
Assam,Urban,PS (I-V),Local body,Boys,1,0,0,1,0,0,0,0,0,1,1,1,1,0,0,1,0,0,0,1,0,0
Assam,Urban,PS (I-V),Local body,Co-Ed,6,2,2,6,0,5,2,0,0,1,6,6,6,1,0,6,0,3,1,3,0,0
Assam,Rural,SS (I-X),Local body,Co-Ed,2,2,2,2,0,2,1,0,2,0,2,2,2,2,0,1,0,0,0,1,0,1
Assam,Urban,SS (I-X),Local body,Co-Ed,1,1,1,1,1,1,1,0,1,0,0,1,1,1,0,1,1,0,0,1,1,1
Assam,Rural,SS (VI-X),Local body,Co-Ed,4,3,3,4,1,3,4,0,1,1,3,4,4,1,0,3,1,2,0,2,0,1
Assam,Urban,SS (VI-X),Local body,Co-Ed,2,2,1,2,0,2,2,1,1,0,1,2,2,1,0,2,0,1,0,0,0,2
Assam,Rural,UPS (I-VIII),Local body,Co-Ed,5,4,5,5,0,5,5,1,3,4,4,4,5,2,0,5,1,3,3,2,0,1
Assam,Rural,HSS (IX-XII),Madarsa unrecognized,Co-Ed,1,0,1,0,0,1,0,0,0,0,1,0,1,0,0,0,0,0,0,0,0,0
Assam,Rural,HSS (VI-XII),Madarsa unrecognized,Boys,1,0,1,0,0,0,0,0,0,1,1,0,0,0,0,0,0,0,0,0,0,0
Assam,Rural,HSS (VI-XII),Madarsa unrecognized,Co-Ed,1,0,1,0,0,1,0,0,0,0,1,1,0,0,0,1,0,0,0,0,0,0
Assam,Rural,PS (I-V),Madarsa unrecognized,Boys,6,3,5,4,0,2,2,1,0,0,4,3,6,2,0,4,0,0,0,3,0,0
Assam,Rural,PS (I-V),Madarsa unrecognized,Co-Ed,30,5,17,6,2,4,5,0,0,1,15,21,8,0,0,5,0,0,0,0,0,0
Assam,Urban,PS (I-V),Madarsa unrecognized,Girls,1,0,1,1,0,0,0,0,0,0,0,1,1,0,0,1,0,0,0,0,0,0
Assam,Rural,SS (I-X),Madarsa unrecognized,Boys,1,1,1,1,0,0,1,0,1,1,1,1,1,1,0,1,0,0,0,1,0,1
Assam,Rural,SS (I-X),Madarsa unrecognized,Girls,2,2,2,2,0,2,2,1,1,1,2,2,2,1,0,1,0,0,0,1,0,2
Assam,Rural,SS (IX-X),Madarsa unrecognized,Co-Ed,1,0,1,0,0,1,1,0,0,0,0,0,1,1,0,1,0,0,0,0,0,0
Assam,Rural,SS (VI-X),Madarsa unrecognized,Co-Ed,3,1,3,0,0,3,3,1,0,0,3,2,3,1,0,3,1,0,0,1,0,0
Assam,Rural,UPS (I-VIII),Madarsa unrecognized,Boys,10,6,9,5,1,9,6,0,3,1,8,7,9,2,1,7,0,2,2,3,0,3
Assam,Rural,UPS (I-VIII),Madarsa unrecognized,Girls,1,0,0,0,0,0,1,0,0,0,0,1,0,0,0,0,0,0,0,0,0,0
Assam,Rural,UPS (I-VIII),Madarsa unrecognized,Co-Ed,2,0,1,1,0,2,2,0,0,0,2,2,1,0,0,2,0,0,0,0,0,0
Assam,Rural,UPS (VI-VIII),Madarsa unrecognized,Boys,1,0,0,0,1,0,0,0,0,0,0,0,1,0,0,1,0,0,0,0,0,0
Assam,Rural,UPS (VI-VIII),Madarsa unrecognized,Girls,3,0,2,0,0,0,2,0,0,0,1,3,2,0,0,1,0,0,0,0,0,0
Assam,Rural,UPS (VI-VIII),Madarsa unrecognized,Co-Ed,49,9,40,6,2,26,13,0,0,1,32,32,33,6,0,28,5,2,0,1,0,0
Assam,Rural,HSS (XI-XII),Other Govt. managed schools,Co-Ed,1,0,1,1,0,1,1,1,1,0,1,1,1,0,0,1,1,0,0,0,0,0
Assam,Rural,SS (IX-X),Other Govt. managed schools,Co-Ed,1,0,1,0,0,1,1,0,0,0,1,1,1,0,0,1,0,0,0,1,0,0
Assam,Rural,HSS (I-XII),Private Unaided (Recognized),Co-Ed,209,192,192,194,30,185,188,92,167,65,183,203,207,143,29,199,102,43,32,42,131,179
Assam,Urban,HSS (I-XII),Private Unaided (Recognized),Girls,7,7,4,7,1,7,6,6,6,2,7,7,7,6,2,6,5,1,0,0,5,6
Assam,Urban,HSS (I-XII),Private Unaided (Recognized),Co-Ed,104,103,89,103,23,92,97,68,95,35,87,103,103,92,25,101,45,28,21,18,91,102
Assam,Rural,HSS (IX-XII),Private Unaided (Recognized),Co-Ed,31,23,28,21,0,21,23,9,14,5,24,24,28,18,2,23,7,6,6,4,15,19
Assam,Urban,HSS (IX-XII),Private Unaided (Recognized),Co-Ed,9,8,7,9,1,5,7,4,6,1,7,7,8,6,1,9,4,1,1,1,6,7
Assam,Rural,HSS (VI-XII),Private Unaided (Recognized),Boys,1,0,1,1,0,1,1,0,0,1,1,1,1,0,0,1,0,0,0,1,0,0
Assam,Rural,HSS (VI-XII),Private Unaided (Recognized),Co-Ed,17,15,17,14,2,16,15,8,14,5,17,16,17,10,1,16,7,2,2,4,11,14
Assam,Urban,HSS (VI-XII),Private Unaided (Recognized),Co-Ed,11,11,6,11,3,8,10,4,10,4,10,11,10,9,1,11,6,2,1,1,7,11
Assam,Rural,HSS (XI-XII),Private Unaided (Recognized),Boys,1,1,1,1,0,1,1,0,1,1,0,1,1,1,1,1,1,0,0,0,1,1
Assam,Rural,HSS (XI-XII),Private Unaided (Recognized),Girls,4,4,4,4,1,4,4,2,4,2,4,4,3,3,0,4,3,0,0,2,3,3
Assam,Rural,HSS (XI-XII),Private Unaided (Recognized),Co-Ed,205,183,183,192,19,186,185,96,157,31,173,193,198,109,12,180,67,43,33,44,78,123
Assam,Urban,HSS (XI-XII),Private Unaided (Recognized),Boys,1,1,0,1,0,1,1,0,1,0,1,1,1,1,0,1,1,0,0,0,1,1
Assam,Urban,HSS (XI-XII),Private Unaided (Recognized),Girls,2,2,2,2,0,2,2,1,2,0,2,2,2,2,0,2,2,1,0,1,2,2
Assam,Urban,HSS (XI-XII),Private Unaided (Recognized),Co-Ed,115,113,95,112,8,89,108,64,109,18,103,114,114,90,8,111,54,18,12,13,89,105
Assam,Rural,PS (I-V),Private Unaided (Recognized),Boys,5,1,3,4,1,3,4,1,1,0,5,5,5,1,0,4,0,0,0,1,0,0
Assam,Rural,PS (I-V),Private Unaided (Recognized),Girls,2,0,0,1,0,0,1,0,0,1,2,2,2,0,0,1,0,0,0,1,0,0
Assam,Rural,PS (I-V),Private Unaided (Recognized),Co-Ed,850,457,695,421,46,588,493,32,184,83,712,706,729,242,23,630,0,79,47,149,108,213
Assam,Urban,PS (I-V),Private Unaided (Recognized),Girls,1,1,0,1,0,1,0,0,0,0,1,1,1,1,0,1,0,0,0,0,0,1
Assam,Urban,PS (I-V),Private Unaided (Recognized),Co-Ed,80,67,56,73,7,64,55,7,34,12,73,76,75,46,5,73,0,17,12,14,28,47
Assam,Rural,SS (I-X),Private Unaided (Recognized),Boys,1,1,1,1,1,1,1,0,0,0,1,1,1,1,0,1,0,0,0,0,0,0
Assam,Rural,SS (I-X),Private Unaided (Recognized),Girls,2,2,2,2,0,2,2,0,0,1,2,2,2,2,0,2,1,0,0,1,0,2
Assam,Rural,SS (I-X),Private Unaided (Recognized),Co-Ed,1752,1594,1559,1542,164,1502,1475,309,1079,391,1526,1676,1701,930,122,1606,619,275,167,422,625,1167
Assam,Urban,SS (I-X),Private Unaided (Recognized),Girls,1,1,1,1,0,1,1,1,1,1,1,1,1,1,0,1,0,0,0,0,1,1
Assam,Urban,SS (I-X),Private Unaided (Recognized),Co-Ed,576,546,445,566,50,489,468,134,438,134,491,566,568,406,69,550,242,89,52,103,335,510
Assam,Rural,SS (IX-X),Private Unaided (Recognized),Girls,10,4,7,0,1,9,7,0,0,1,8,8,10,1,0,5,1,0,0,5,0,1
Assam,Rural,SS (IX-X),Private Unaided (Recognized),Co-Ed,122,43,105,29,6,95,72,1,12,8,103,90,102,26,3,76,14,16,10,40,12,11
Assam,Urban,SS (IX-X),Private Unaided (Recognized),Girls,2,0,1,2,0,1,2,0,0,0,2,2,2,1,0,2,0,0,0,0,0,0
Assam,Urban,SS (IX-X),Private Unaided (Recognized),Co-Ed,12,5,3,9,1,8,9,0,6,0,10,9,12,3,0,10,4,1,1,2,1,4
Assam,Rural,SS (VI-X),Private Unaided (Recognized),Girls,3,1,3,0,0,3,1,0,1,0,2,2,3,0,0,2,0,1,0,1,0,0
Assam,Rural,SS (VI-X),Private Unaided (Recognized),Co-Ed,36,28,32,16,3,29,29,3,13,8,30,30,34,10,1,28,7,3,1,14,9,13
Assam,Urban,SS (VI-X),Private Unaided (Recognized),Girls,1,1,0,1,0,1,1,0,0,0,1,1,1,0,0,1,0,0,0,0,0,0
Assam,Urban,SS (VI-X),Private Unaided (Recognized),Co-Ed,14,11,10,12,1,11,9,1,8,3,14,14,14,8,1,12,2,2,1,5,3,7
Assam,Rural,UPS (I-VIII),Private Unaided (Recognized),Boys,8,5,7,6,1,7,3,0,1,3,5,8,8,3,1,7,1,0,0,1,2,2
Assam,Rural,UPS (I-VIII),Private Unaided (Recognized),Girls,6,4,4,4,0,3,4,0,1,1,6,6,6,1,0,6,2,0,0,1,1,2
Assam,Rural,UPS (I-VIII),Private Unaided (Recognized),Co-Ed,1480,1107,1256,986,90,1113,1056,108,484,188,1293,1382,1397,587,63,1261,396,183,104,318,323,591
Assam,Urban,UPS (I-VIII),Private Unaided (Recognized),Co-Ed,112,98,89,105,5,93,89,20,69,17,97,110,102,73,16,103,41,26,21,22,45,89
Assam,Rural,UPS (VI-VIII),Private Unaided (Recognized),Boys,1,1,1,1,0,1,1,0,0,0,1,1,1,1,0,1,0,0,0,0,0,0
Assam,Rural,UPS (VI-VIII),Private Unaided (Recognized),Girls,4,1,4,3,0,2,3,1,0,0,4,4,4,0,0,4,1,0,0,3,0,0
Assam,Rural,UPS (VI-VIII),Private Unaided (Recognized),Co-Ed,51,18,41,15,3,37,26,0,4,5,41,36,37,10,1,31,7,2,2,12,11,5
Assam,Urban,UPS (VI-VIII),Private Unaided (Recognized),Co-Ed,3,1,2,2,0,1,1,0,0,1,2,3,2,0,0,2,1,0,0,0,1,0
Assam,Urban,HSS (I-XII),Railway School,Co-Ed,4,4,4,4,0,4,4,1,3,1,4,4,4,3,0,3,1,2,1,1,1,4
Assam,Rural,PS (I-V),Railway School,Co-Ed,1,0,1,1,0,1,1,0,0,0,1,1,1,1,0,1,0,1,0,0,0,0
Assam,Urban,PS (I-V),Railway School,Co-Ed,3,3,2,3,0,1,2,0,0,0,2,3,3,2,0,3,0,1,1,0,0,0
Assam,Rural,HSS (I-XII),Sainik School,Co-Ed,1,1,1,1,0,1,1,1,1,0,1,1,1,1,0,1,1,0,0,0,1,1
Assam,Urban,HSS (I-XII),Sainik School,Co-Ed,2,2,2,2,0,2,2,2,2,1,1,2,2,2,1,2,2,1,1,1,2,2
Assam,Rural,HSS (VI-XII),Sainik School,Co-Ed,1,1,1,1,1,1,1,1,1,0,1,1,1,1,0,1,0,0,0,0,1,1
Assam,Urban,HSS (I-XII),Social welfare Department,Co-Ed,1,1,1,1,0,1,1,0,1,1,1,1,1,1,0,1,1,1,0,1,1,1
Assam,Urban,SS (I-X),Social welfare Department,Co-Ed,1,1,1,1,0,1,1,0,0,0,1,1,1,1,0,1,0,1,1,1,0,1
Assam,Urban,UPS (I-VIII),Social welfare Department,Co-Ed,1,1,1,1,0,1,0,0,0,0,1,1,1,1,0,1,1,0,0,1,0,1
Assam,Rural,HSS (VI-XII),Tribal Welfare Department,Co-Ed,1,1,1,1,1,1,1,1,1,1,1,1,1,1,1,1,1,1,1,0,1,1
Assam,Urban,PS (I-V),Tribal Welfare Department,Co-Ed,1,1,1,1,0,1,0,0,0,0,1,1,1,0,0,0,0,1,1,0,0,0
Assam,Rural,HSS (I-XII),Unrecognized,Co-Ed,2,2,2,2,0,2,2,1,1,0,2,2,2,1,0,2,0,1,0,0,1,1
Assam,Urban,HSS (I-XII),Unrecognized,Co-Ed,1,1,1,1,0,1,1,1,1,1,1,1,1,0,0,1,0,0,0,0,1,1
Assam,Rural,HSS (IX-XII),Unrecognized,Co-Ed,47,9,35,4,11,19,25,0,4,3,36,29,38,1,0,21,4,2,1,6,1,1
Assam,Urban,HSS (IX-XII),Unrecognized,Co-Ed,1,0,1,1,0,1,1,0,0,0,1,1,1,0,0,1,1,0,0,0,0,0
Assam,Rural,HSS (VI-XII),Unrecognized,Boys,1,0,1,1,0,1,1,0,0,1,1,1,1,0,0,1,0,0,0,1,0,1
Assam,Rural,HSS (VI-XII),Unrecognized,Co-Ed,3,0,3,0,0,3,3,1,1,0,3,2,3,1,0,2,0,0,0,0,0,0
Assam,Rural,HSS (XI-XII),Unrecognized,Girls,1,1,1,1,0,1,1,1,1,0,1,1,1,1,0,1,0,0,0,0,0,1
Assam,Rural,HSS (XI-XII),Unrecognized,Co-Ed,82,54,76,71,10,76,72,32,50,13,74,73,76,29,3,66,20,15,12,26,16,36
Assam,Urban,HSS (XI-XII),Unrecognized,Girls,1,1,1,1,0,1,0,0,0,0,1,1,1,0,0,1,0,0,0,0,0,0
Assam,Urban,HSS (XI-XII),Unrecognized,Co-Ed,8,8,7,8,2,8,8,4,8,1,6,8,8,5,0,8,6,3,2,0,3,7
Assam,Rural,PS (I-V),Unrecognized,Boys,3,0,3,2,0,3,3,0,0,2,2,2,3,1,0,2,0,1,1,1,0,0
Assam,Rural,PS (I-V),Unrecognized,Girls,29,1,19,1,1,17,7,0,0,4,25,5,13,1,0,12,0,1,1,3,0,1
Assam,Rural,PS (I-V),Unrecognized,Co-Ed,4462,73,3652,142,164,2775,1141,11,32,631,3241,1220,2553,312,26,1827,0,124,65,717,163,21
Assam,Urban,PS (I-V),Unrecognized,Girls,1,1,1,1,0,0,0,0,0,1,1,1,1,1,0,1,0,0,0,1,0,0
Assam,Urban,PS (I-V),Unrecognized,Co-Ed,64,9,55,21,1,41,22,0,1,11,53,38,47,10,1,30,0,6,1,12,1,1
Assam,Rural,SS (I-X),Unrecognized,Co-Ed,15,14,15,14,0,13,11,2,10,4,13,15,15,6,1,12,7,2,1,4,2,11
Assam,Urban,SS (I-X),Unrecognized,Co-Ed,7,7,7,7,2,6,7,1,5,3,6,7,7,2,0,7,2,2,1,2,1,4
Assam,Rural,SS (IX-X),Unrecognized,Boys,1,0,1,0,0,0,1,0,0,0,1,1,1,0,0,1,0,0,0,1,0,0
Assam,Rural,SS (IX-X),Unrecognized,Girls,18,2,17,4,0,15,13,0,1,0,17,14,15,2,0,11,1,1,0,6,1,0
Assam,Rural,SS (IX-X),Unrecognized,Co-Ed,371,129,336,82,19,313,218,3,34,23,319,251,310,55,10,207,43,36,22,135,25,22
Assam,Urban,SS (IX-X),Unrecognized,Co-Ed,31,13,22,22,1,19,14,0,3,2,24,22,27,6,0,17,3,3,1,5,3,5
Assam,Rural,SS (VI-X),Unrecognized,Boys,1,1,1,1,0,1,1,1,0,1,1,1,1,0,0,1,0,0,0,1,0,1
Assam,Rural,SS (VI-X),Unrecognized,Girls,9,4,9,2,0,8,4,0,0,0,9,4,8,0,0,2,2,1,0,1,0,0
Assam,Rural,SS (VI-X),Unrecognized,Co-Ed,38,16,35,15,2,31,18,2,4,3,34,29,31,12,0,25,3,2,2,10,2,5
Assam,Urban,SS (VI-X),Unrecognized,Girls,2,0,2,1,0,2,0,0,0,1,2,2,0,0,0,2,0,1,0,0,0,0
Assam,Urban,SS (VI-X),Unrecognized,Co-Ed,8,4,8,5,1,5,4,0,2,1,5,8,8,1,0,5,3,1,0,1,1,3
Assam,Rural,UPS (I-VIII),Unrecognized,Boys,1,0,1,1,0,0,0,0,0,0,1,1,1,0,0,1,0,0,0,0,0,0
Assam,Rural,UPS (I-VIII),Unrecognized,Girls,1,0,1,0,0,1,1,0,0,0,1,1,1,0,0,0,0,0,0,0,0,0
Assam,Rural,UPS (I-VIII),Unrecognized,Co-Ed,21,9,17,6,1,15,10,1,2,2,20,16,14,3,1,11,8,2,1,2,1,6
Assam,Urban,UPS (I-VIII),Unrecognized,Co-Ed,1,1,1,1,0,1,1,0,0,1,1,1,1,1,0,1,1,0,0,0,0,1
Assam,Rural,UPS (VI-VIII),Unrecognized,Girls,18,6,16,0,0,12,11,0,1,5,14,10,16,6,0,10,6,0,0,3,0,0
Assam,Rural,UPS (VI-VIII),Unrecognized,Co-Ed,306,69,253,28,13,189,151,5,13,20,245,151,217,32,1,141,26,19,11,57,13,9
Assam,Urban,UPS (VI-VIII),Unrecognized,Co-Ed,8,3,7,6,1,5,4,0,1,0,7,5,6,1,0,4,0,0,0,1,1,0
Bihar,Rural,HSS (I-XII),Department of Education,Co-Ed,1564,811,1388,1507,216,1228,1225,99,797,421,1292,1561,1561,123,489,1359,317,1442,858,247,212,655
Bihar,Urban,HSS (I-XII),Department of Education,Girls,1,0,1,1,0,0,1,0,0,0,0,1,1,0,0,1,0,1,0,0,0,1
Bihar,Urban,HSS (I-XII),Department of Education,Co-Ed,4,2,4,4,2,3,4,0,1,2,4,4,4,0,2,4,2,4,2,0,0,3
Bihar,Rural,HSS (IX-XII),Department of Education,Boys,14,10,13,14,0,14,14,11,13,1,11,14,14,2,3,14,1,12,8,1,0,12
Bihar,Rural,HSS (IX-XII),Department of Education,Girls,220,132,180,214,27,159,182,56,183,24,183,220,220,32,32,188,44,155,93,32,28,145
Bihar,Rural,HSS (IX-XII),Department of Education,Co-Ed,4714,1779,2903,4449,764,2770,2239,1339,2314,715,3899,4677,4600,336,1270,3971,1711,2909,1694,450,562,1527
Bihar,Urban,HSS (IX-XII),Department of Education,Boys,21,17,13,21,3,14,16,11,21,3,16,21,21,10,5,21,3,19,14,0,7,17
Bihar,Urban,HSS (IX-XII),Department of Education,Girls,132,95,102,132,18,82,116,69,123,19,117,132,132,29,23,121,33,103,62,10,24,104
Bihar,Urban,HSS (IX-XII),Department of Education,Co-Ed,308,230,235,307,44,238,289,170,285,41,267,308,307,88,52,274,79,260,139,30,47,236
Bihar,Rural,HSS (VI-XII),Department of Education,Co-Ed,6,5,5,6,2,5,4,1,3,1,6,6,6,2,1,6,1,4,2,0,2,3
Bihar,Rural,HSS (XI-XII),Department of Education,Co-Ed,29,27,22,28,11,25,29,19,22,7,24,29,29,12,12,26,13,12,7,0,11,24
Bihar,Urban,HSS (XI-XII),Department of Education,Girls,10,7,8,10,3,8,8,4,8,4,9,10,10,6,2,10,4,4,3,1,5,8
Bihar,Urban,HSS (XI-XII),Department of Education,Co-Ed,37,32,31,36,3,28,31,19,32,4,32,37,37,14,12,37,12,22,14,0,13,24
Bihar,Rural,PS (I-V),Department of Education,Boys,30,5,12,23,1,6,15,0,9,3,13,29,30,0,1,25,0,24,10,2,1,1
Bihar,Rural,PS (I-V),Department of Education,Girls,93,22,37,73,7,19,52,3,30,11,26,93,93,2,6,74,0,63,33,15,3,0
Bihar,Rural,PS (I-V),Department of Education,Co-Ed,38330,13882,22537,29739,5446,14012,19880,1750,11200,6799,8825,37881,37954,1719,4299,32074,0,27919,14037,3353,1552,458
Bihar,Urban,PS (I-V),Department of Education,Boys,3,0,1,3,0,2,3,0,1,0,1,3,3,1,1,3,0,2,0,0,0,0
Bihar,Urban,PS (I-V),Department of Education,Girls,10,3,4,8,1,4,7,0,4,1,5,9,9,0,1,10,0,5,2,1,0,0
Bihar,Urban,PS (I-V),Department of Education,Co-Ed,2046,535,703,1720,246,480,1299,41,516,267,700,2028,2025,95,227,1770,0,1402,579,139,44,28
Bihar,Rural,SS (I-X),Department of Education,Co-Ed,1750,888,1516,1686,229,1312,1415,103,990,394,1392,1748,1749,102,494,1564,354,1619,914,175,184,792
Bihar,Urban,SS (I-X),Department of Education,Co-Ed,5,4,4,5,2,3,3,0,3,1,3,5,5,1,0,5,1,5,4,0,0,2
Bihar,Rural,SS (IX-X),Department of Education,Boys,3,1,3,3,0,2,2,2,3,0,3,3,3,0,0,2,0,2,0,2,1,2
Bihar,Rural,SS (IX-X),Department of Education,Girls,25,9,18,24,3,13,19,10,21,5,24,24,25,1,4,23,5,11,3,5,4,8
Bihar,Rural,SS (IX-X),Department of Education,Co-Ed,308,179,258,302,42,265,280,197,279,48,257,308,308,30,57,253,69,241,149,39,38,191
Bihar,Urban,SS (IX-X),Department of Education,Boys,7,4,5,7,0,6,5,3,5,1,7,7,7,0,1,7,1,7,2,2,1,6
Bihar,Urban,SS (IX-X),Department of Education,Girls,23,16,9,22,3,12,19,12,17,1,19,23,23,1,2,20,7,17,11,2,3,20
Bihar,Urban,SS (IX-X),Department of Education,Co-Ed,39,22,18,38,6,18,36,23,34,6,34,39,39,6,5,29,7,25,12,5,5,28
Bihar,Rural,SS (VI-X),Department of Education,Co-Ed,42,27,34,41,9,35,37,1,23,9,36,42,42,3,8,36,8,39,18,5,4,19
Bihar,Urban,SS (VI-X),Department of Education,Co-Ed,2,1,1,2,0,2,1,1,2,1,2,2,2,0,1,2,1,2,1,0,0,1
Bihar,Rural,UPS (I-VIII),Department of Education,Boys,14,9,11,14,1,5,12,0,7,3,14,13,14,1,0,12,2,13,5,3,2,0
Bihar,Rural,UPS (I-VIII),Department of Education,Girls,69,40,35,65,11,25,50,3,39,16,58,69,69,6,13,62,18,59,24,12,9,13
Bihar,Rural,UPS (I-VIII),Department of Education,Co-Ed,23848,9644,16227,22550,2842,11729,17720,1122,10526,5080,18984,23787,23796,1306,3437,20667,4766,21606,11715,2852,1508,2117
Bihar,Urban,UPS (I-VIII),Department of Education,Boys,12,9,4,10,1,8,9,1,4,0,11,12,12,0,1,11,2,10,4,2,1,3
Bihar,Urban,UPS (I-VIII),Department of Education,Girls,79,42,44,78,3,40,71,3,33,15,70,79,79,4,12,71,21,67,28,7,4,17
Bihar,Urban,UPS (I-VIII),Department of Education,Co-Ed,1369,592,691,1323,129,540,1125,41,546,182,1176,1366,1366,82,168,1221,240,1211,587,140,50,176
Bihar,Rural,UPS (VI-VIII),Department of Education,Boys,4,4,4,3,0,3,3,0,3,0,3,4,4,0,1,4,0,4,2,0,0,0
Bihar,Rural,UPS (VI-VIII),Department of Education,Girls,1,0,0,1,0,1,1,1,0,0,1,1,1,0,0,1,0,1,1,1,0,0
Bihar,Rural,UPS (VI-VIII),Department of Education,Co-Ed,192,112,142,183,16,125,152,14,122,50,168,192,191,9,25,173,43,175,97,24,12,26
Bihar,Urban,UPS (VI-VIII),Department of Education,Boys,2,1,1,2,0,0,2,0,1,0,1,2,2,0,0,2,0,2,1,1,0,1
Bihar,Urban,UPS (VI-VIII),Department of Education,Girls,3,0,3,3,1,1,1,0,2,2,3,3,3,0,1,2,1,3,3,1,1,1
Bihar,Urban,UPS (VI-VIII),Department of Education,Co-Ed,19,10,10,19,4,8,16,0,9,2,18,18,19,1,4,13,2,16,7,0,1,1
Bihar,Rural,HSS (I-XII),Government Aided,Co-Ed,1,1,1,1,0,1,1,1,1,0,1,1,1,0,0,1,0,1,0,0,0,0
Bihar,Urban,HSS (I-XII),Government Aided,Girls,1,1,0,1,0,0,1,0,1,1,1,1,1,0,0,1,0,1,0,0,0,1
Bihar,Urban,HSS (I-XII),Government Aided,Co-Ed,3,3,3,3,1,3,3,1,3,1,1,3,3,0,0,2,1,0,0,0,0,2
Bihar,Rural,HSS (IX-XII),Government Aided,Girls,1,1,1,1,0,1,1,0,1,0,1,1,1,0,0,1,1,0,0,0,1,1
Bihar,Rural,HSS (IX-XII),Government Aided,Co-Ed,15,12,12,14,2,13,12,2,11,3,10,15,15,3,3,12,5,7,6,3,4,8
Bihar,Urban,HSS (IX-XII),Government Aided,Boys,2,2,1,2,1,1,2,0,1,1,1,2,2,0,0,2,0,2,2,0,1,2
Bihar,Urban,HSS (IX-XII),Government Aided,Girls,5,5,5,5,0,5,4,2,4,1,5,5,5,1,1,4,1,2,1,0,2,4
Bihar,Urban,HSS (IX-XII),Government Aided,Co-Ed,16,16,15,16,2,16,13,3,16,2,14,16,16,4,4,13,4,7,2,1,4,13
Bihar,Rural,HSS (VI-XII),Government Aided,Girls,1,0,1,0,0,1,1,0,1,0,1,1,0,0,0,1,0,0,0,0,0,0
Bihar,Rural,HSS (VI-XII),Government Aided,Co-Ed,8,4,6,7,2,6,8,1,4,1,5,8,8,2,1,5,3,6,4,0,1,2
Bihar,Urban,HSS (VI-XII),Government Aided,Boys,2,2,2,2,0,2,2,0,2,0,2,2,2,1,0,2,0,2,0,1,1,1
Bihar,Urban,HSS (VI-XII),Government Aided,Girls,6,6,5,6,0,6,6,1,6,0,5,6,6,4,2,6,2,3,2,0,3,5
Bihar,Urban,HSS (VI-XII),Government Aided,Co-Ed,8,7,6,8,0,8,8,3,8,1,8,8,8,1,3,8,7,4,3,1,4,7
Bihar,Rural,HSS (XI-XII),Government Aided,Co-Ed,8,5,7,7,1,7,4,4,6,2,7,8,8,1,0,8,2,6,6,0,1,6
Bihar,Urban,HSS (XI-XII),Government Aided,Girls,4,3,1,4,1,4,4,4,4,2,3,4,4,4,0,4,3,4,3,1,2,4
Bihar,Rural,PS (I-V),Government Aided,Co-Ed,23,4,19,17,3,12,12,0,4,3,8,23,23,2,1,16,0,11,5,1,1,2
Bihar,Urban,PS (I-V),Government Aided,Girls,2,1,1,2,0,0,1,0,0,0,2,2,2,0,1,2,0,1,0,0,0,0
Bihar,Urban,PS (I-V),Government Aided,Co-Ed,15,5,7,13,1,8,8,0,4,4,10,14,15,0,0,13,0,4,1,1,0,1
Bihar,Rural,SS (I-X),Government Aided,Girls,1,0,1,1,0,0,1,0,0,0,1,1,1,0,0,1,0,0,0,0,0,0
Bihar,Rural,SS (I-X),Government Aided,Co-Ed,49,24,39,41,6,33,37,7,20,8,32,49,49,3,7,40,6,22,14,9,1,7
Bihar,Urban,SS (I-X),Government Aided,Girls,1,0,0,1,0,1,1,0,1,0,1,1,1,0,0,1,0,0,0,0,0,1
Bihar,Urban,SS (I-X),Government Aided,Co-Ed,15,6,11,14,0,8,9,1,6,1,12,15,15,0,2,9,3,5,3,2,1,3
Bihar,Rural,SS (IX-X),Government Aided,Girls,10,6,10,7,2,10,7,1,10,3,9,10,10,0,2,8,4,0,0,1,1,3
Bihar,Rural,SS (IX-X),Government Aided,Co-Ed,54,31,42,48,6,41,38,6,28,7,41,54,54,4,6,42,12,24,16,2,3,5
Bihar,Urban,SS (IX-X),Government Aided,Boys,1,1,0,0,0,0,1,1,0,0,1,1,1,0,0,1,0,0,0,0,0,0
Bihar,Urban,SS (IX-X),Government Aided,Girls,4,4,4,3,1,4,4,2,4,1,4,4,4,2,0,4,3,1,0,1,3,3
Bihar,Urban,SS (IX-X),Government Aided,Co-Ed,13,9,6,11,1,7,9,1,8,1,12,13,13,0,2,11,0,5,2,1,1,5
Bihar,Rural,SS (VI-X),Government Aided,Girls,1,1,1,1,0,1,0,0,1,0,1,1,1,0,0,1,0,0,0,0,0,1
Bihar,Rural,SS (VI-X),Government Aided,Co-Ed,73,23,63,62,11,57,44,9,24,10,49,72,72,1,7,52,14,32,15,7,3,8
Bihar,Urban,SS (VI-X),Government Aided,Boys,1,1,1,1,0,1,1,0,1,0,1,1,1,1,0,1,0,1,1,0,1,1
Bihar,Urban,SS (VI-X),Government Aided,Girls,3,3,1,3,0,3,3,1,3,0,2,3,3,0,0,3,1,2,0,0,1,3
Bihar,Urban,SS (VI-X),Government Aided,Co-Ed,20,8,13,18,4,10,12,0,5,2,15,20,19,1,1,12,4,8,3,1,2,2
Bihar,Rural,UPS (I-VIII),Government Aided,Boys,2,2,1,2,0,1,2,0,1,0,2,2,2,0,0,1,0,1,0,1,1,1
Bihar,Rural,UPS (I-VIII),Government Aided,Girls,4,2,3,4,1,2,3,2,3,1,3,4,4,1,1,4,2,1,0,0,1,2
Bihar,Rural,UPS (I-VIII),Government Aided,Co-Ed,273,79,246,233,37,188,165,24,86,52,133,269,269,22,27,210,66,141,93,44,12,30
Bihar,Urban,UPS (I-VIII),Government Aided,Boys,2,2,1,2,1,1,2,0,0,1,2,2,2,1,0,2,1,1,0,0,0,2
Bihar,Urban,UPS (I-VIII),Government Aided,Girls,12,9,7,12,2,11,10,0,7,4,11,12,12,2,3,11,5,8,4,1,0,5
Bihar,Urban,UPS (I-VIII),Government Aided,Co-Ed,55,35,42,52,2,36,38,4,24,9,49,55,55,11,4,46,14,24,9,3,8,16
Bihar,Rural,UPS (VI-VIII),Government Aided,Co-Ed,17,5,17,15,1,13,9,0,7,4,13,17,17,1,0,14,2,13,6,1,1,2
Bihar,Urban,UPS (VI-VIII),Government Aided,Girls,1,1,0,1,0,1,1,0,0,0,1,1,1,0,0,1,1,0,0,0,0,0
Bihar,Urban,UPS (VI-VIII),Government Aided,Co-Ed,9,5,5,8,1,4,7,0,6,1,8,9,9,1,1,7,2,6,2,0,0,0
Bihar,Rural,HSS (VI-XII),Jawahar Navodaya Vidyalaya,Co-Ed,28,26,26,28,8,26,27,24,24,15,23,28,28,22,6,28,15,24,15,11,21,27
Bihar,Urban,HSS (VI-XII),Jawahar Navodaya Vidyalaya,Co-Ed,7,7,7,7,1,7,7,7,7,3,7,7,7,7,2,7,3,5,4,6,6,6
Bihar,Rural,SS (VI-X),Jawahar Navodaya Vidyalaya,Co-Ed,3,2,1,3,1,2,3,2,2,3,3,3,3,2,0,3,0,0,0,1,2,3
Bihar,Urban,SS (VI-X),Jawahar Navodaya Vidyalaya,Co-Ed,1,1,1,1,0,1,1,1,1,0,1,1,1,1,0,1,1,0,0,0,1,1
Bihar,Rural,HSS (I-XII),Kendriya Vidyalaya / Central School,Co-Ed,11,11,8,11,1,11,11,11,10,3,10,11,11,10,4,10,5,10,8,2,7,11
Bihar,Urban,HSS (I-XII),Kendriya Vidyalaya / Central School,Co-Ed,20,20,16,20,4,20,20,20,20,3,19,20,20,20,6,20,9,19,15,6,18,20
Bihar,Rural,PS (I-V),Kendriya Vidyalaya / Central School,Co-Ed,1,1,1,1,0,1,0,0,1,0,1,1,1,1,0,1,0,1,1,0,1,1
Bihar,Rural,SS (I-X),Kendriya Vidyalaya / Central School,Co-Ed,8,6,3,8,1,6,7,6,6,2,8,8,8,5,1,8,2,7,4,0,6,7
Bihar,Urban,SS (I-X),Kendriya Vidyalaya / Central School,Co-Ed,9,7,2,9,1,8,9,8,9,1,8,9,9,6,1,9,3,7,4,3,6,9
Bihar,Rural,HSS (I-XII),Madarsa recognized (by Wakf board/Madarsa Board),Boys,1,1,1,1,1,1,1,1,1,0,0,1,1,0,0,1,0,0,0,0,0,1
Bihar,Rural,HSS (I-XII),Madarsa recognized (by Wakf board/Madarsa Board),Co-Ed,166,99,151,157,30,109,102,15,73,39,87,165,166,12,14,140,32,92,59,14,11,41
Bihar,Urban,HSS (I-XII),Madarsa recognized (by Wakf board/Madarsa Board),Co-Ed,29,15,22,27,8,16,22,4,20,6,18,29,29,1,2,25,8,17,8,1,1,10
Bihar,Rural,HSS (IX-XII),Madarsa recognized (by Wakf board/Madarsa Board),Co-Ed,4,2,2,4,0,3,3,1,2,0,1,4,4,0,0,3,1,1,0,2,1,3
Bihar,Urban,HSS (IX-XII),Madarsa recognized (by Wakf board/Madarsa Board),Co-Ed,4,1,1,4,2,4,4,1,1,0,3,4,4,1,0,2,0,2,1,0,0,2
Bihar,Urban,HSS (VI-XII),Madarsa recognized (by Wakf board/Madarsa Board),Co-Ed,1,1,1,1,0,1,1,1,1,1,1,1,1,1,0,1,0,0,0,0,1,1
Bihar,Rural,PS (I-V),Madarsa recognized (by Wakf board/Madarsa Board),Co-Ed,5,3,3,3,0,3,3,1,3,0,2,5,5,0,0,4,0,2,2,0,0,1
Bihar,Rural,SS (I-X),Madarsa recognized (by Wakf board/Madarsa Board),Girls,1,1,0,1,0,1,1,0,1,0,1,1,1,0,1,1,1,0,0,0,0,1
Bihar,Rural,SS (I-X),Madarsa recognized (by Wakf board/Madarsa Board),Co-Ed,127,56,107,114,12,71,57,8,36,27,70,127,127,9,6,100,25,65,32,11,9,47
Bihar,Urban,SS (I-X),Madarsa recognized (by Wakf board/Madarsa Board),Girls,2,2,1,2,0,1,1,0,0,0,1,2,2,0,0,1,0,1,0,0,0,0
Bihar,Urban,SS (I-X),Madarsa recognized (by Wakf board/Madarsa Board),Co-Ed,12,7,9,11,1,7,6,2,7,1,6,12,12,0,0,10,2,4,1,0,0,5
Bihar,Urban,SS (IX-X),Madarsa recognized (by Wakf board/Madarsa Board),Co-Ed,1,1,1,1,0,1,1,0,0,0,1,1,1,0,0,1,0,0,0,0,0,0
Bihar,Rural,UPS (I-VIII),Madarsa recognized (by Wakf board/Madarsa Board),Boys,2,2,2,1,0,2,2,1,1,0,2,2,2,1,0,2,0,0,0,0,0,1
Bihar,Rural,UPS (I-VIII),Madarsa recognized (by Wakf board/Madarsa Board),Girls,20,9,13,20,1,8,7,2,3,2,10,20,20,1,0,16,3,3,1,1,0,0
Bihar,Rural,UPS (I-VIII),Madarsa recognized (by Wakf board/Madarsa Board),Co-Ed,1301,485,1054,1034,128,709,476,67,336,211,568,1295,1295,47,117,1011,224,619,311,89,60,241
Bihar,Urban,UPS (I-VIII),Madarsa recognized (by Wakf board/Madarsa Board),Boys,1,1,1,1,0,1,1,0,1,0,1,1,1,0,0,1,0,1,0,1,0,0
Bihar,Urban,UPS (I-VIII),Madarsa recognized (by Wakf board/Madarsa Board),Co-Ed,57,27,41,49,8,29,28,8,27,6,30,57,57,3,2,51,10,26,12,3,2,10
Bihar,Urban,UPS (VI-VIII),Madarsa recognized (by Wakf board/Madarsa Board),Co-Ed,1,1,1,1,0,1,0,0,0,1,0,1,1,0,0,1,1,0,0,0,0,1
Bihar,Rural,HSS (I-XII),Madarsa unrecognized,Co-Ed,10,5,4,9,1,4,6,5,4,2,5,10,10,1,0,9,4,3,2,0,2,3
Bihar,Rural,HSS (IX-XII),Madarsa unrecognized,Co-Ed,1,1,1,1,0,1,0,0,1,1,1,1,1,0,1,1,0,1,0,1,0,1
Bihar,Urban,HSS (IX-XII),Madarsa unrecognized,Boys,1,1,1,1,0,1,0,1,1,0,0,1,1,0,0,1,0,0,0,0,0,1
Bihar,Rural,PS (I-V),Madarsa unrecognized,Co-Ed,6,2,2,6,0,3,2,0,1,2,0,6,6,1,1,5,0,0,0,0,0,0
Bihar,Urban,PS (I-V),Madarsa unrecognized,Boys,1,1,1,1,0,0,0,0,1,0,0,1,1,0,0,1,0,0,0,0,0,0
Bihar,Rural,SS (I-X),Madarsa unrecognized,Girls,2,2,2,2,0,2,1,0,2,1,1,2,2,0,0,2,1,0,0,0,0,0
Bihar,Rural,SS (I-X),Madarsa unrecognized,Co-Ed,7,4,5,7,0,4,2,2,2,0,5,7,7,1,1,7,2,4,4,1,0,2
Bihar,Urban,SS (I-X),Madarsa unrecognized,Boys,1,0,0,1,0,1,0,0,1,0,0,1,1,0,0,1,0,0,0,0,0,0
Bihar,Urban,SS (I-X),Madarsa unrecognized,Co-Ed,1,1,1,1,0,1,1,0,0,0,1,1,1,0,0,1,0,1,1,0,0,0
Bihar,Urban,SS (VI-X),Madarsa unrecognized,Co-Ed,1,1,1,1,1,1,1,0,1,0,1,1,1,0,0,1,0,1,1,0,0,0
Bihar,Rural,UPS (I-VIII),Madarsa unrecognized,Girls,2,0,1,2,0,1,1,0,1,1,1,2,2,1,0,2,1,1,1,0,0,0
Bihar,Rural,UPS (I-VIII),Madarsa unrecognized,Co-Ed,143,64,93,118,15,71,61,10,43,25,72,143,143,14,9,127,32,48,35,6,11,20
Bihar,Urban,UPS (I-VIII),Madarsa unrecognized,Boys,1,1,1,1,0,1,1,0,1,0,1,1,1,0,0,1,0,1,0,0,0,0
Bihar,Urban,UPS (I-VIII),Madarsa unrecognized,Girls,3,3,3,3,1,2,1,0,3,2,1,3,3,1,1,3,2,0,0,0,0,2
Bihar,Urban,UPS (I-VIII),Madarsa unrecognized,Co-Ed,10,6,6,8,0,4,7,2,3,2,6,10,10,1,2,9,1,2,0,2,2,2
Bihar,Rural,HSS (I-XII),Private Unaided (Recognized),Boys,1,1,1,1,0,1,1,1,1,1,1,1,1,1,1,1,0,1,1,0,1,1
Bihar,Rural,HSS (I-XII),Private Unaided (Recognized),Girls,5,4,3,5,1,4,5,4,4,1,5,5,5,4,2,5,3,4,2,0,4,5
Bihar,Rural,HSS (I-XII),Private Unaided (Recognized),Co-Ed,326,311,287,325,74,304,316,280,301,135,292,326,325,269,151,320,189,178,131,62,270,311
Bihar,Urban,HSS (I-XII),Private Unaided (Recognized),Boys,2,2,2,2,0,2,2,2,2,0,2,2,2,2,0,2,1,1,0,2,2,2
Bihar,Urban,HSS (I-XII),Private Unaided (Recognized),Girls,6,5,4,6,1,6,5,5,6,3,6,6,6,5,2,6,1,3,1,0,5,5
Bihar,Urban,HSS (I-XII),Private Unaided (Recognized),Co-Ed,195,190,173,195,38,187,189,182,185,67,179,195,194,174,87,192,95,107,75,32,170,190
Bihar,Rural,HSS (IX-XII),Private Unaided (Recognized),Boys,1,0,1,1,1,1,0,0,1,0,1,1,1,0,0,1,0,0,0,0,0,1
Bihar,Rural,HSS (IX-XII),Private Unaided (Recognized),Girls,14,11,13,14,3,10,14,7,11,2,13,14,14,2,2,12,6,7,4,0,1,3
Bihar,Rural,HSS (IX-XII),Private Unaided (Recognized),Co-Ed,76,68,67,75,11,72,70,54,66,23,59,76,76,25,25,66,31,44,27,7,33,53
Bihar,Urban,HSS (IX-XII),Private Unaided (Recognized),Girls,4,4,4,4,0,3,4,3,4,0,2,4,4,1,0,4,4,2,2,0,0,4
Bihar,Urban,HSS (IX-XII),Private Unaided (Recognized),Co-Ed,15,12,11,14,3,14,14,11,13,5,14,15,15,7,7,14,7,8,6,1,8,13
Bihar,Rural,HSS (VI-XII),Private Unaided (Recognized),Co-Ed,7,6,5,7,2,6,7,6,6,1,7,7,7,4,4,7,6,4,2,1,3,6
Bihar,Urban,HSS (VI-XII),Private Unaided (Recognized),Girls,2,2,2,2,0,2,2,1,2,0,2,2,2,0,0,2,1,1,0,0,1,2
Bihar,Urban,HSS (VI-XII),Private Unaided (Recognized),Co-Ed,2,2,2,2,0,2,2,2,2,0,2,2,2,2,1,2,0,0,0,0,2,2
Bihar,Rural,HSS (XI-XII),Private Unaided (Recognized),Girls,11,9,9,11,2,10,10,9,9,2,11,11,11,4,4,10,6,8,3,0,5,6
Bihar,Rural,HSS (XI-XII),Private Unaided (Recognized),Co-Ed,296,244,244,280,76,254,262,200,234,74,245,295,291,92,95,262,116,147,94,24,111,217
Bihar,Urban,HSS (XI-XII),Private Unaided (Recognized),Boys,1,0,0,1,0,0,1,0,0,0,0,1,1,1,0,1,1,0,0,0,0,0
Bihar,Urban,HSS (XI-XII),Private Unaided (Recognized),Girls,21,18,19,21,2,21,21,17,18,3,16,21,20,7,3,21,7,10,4,1,8,16
Bihar,Urban,HSS (XI-XII),Private Unaided (Recognized),Co-Ed,101,84,77,100,17,91,89,73,91,23,88,101,101,47,27,96,43,51,34,7,42,79
Bihar,Rural,PS (I-V),Private Unaided (Recognized),Co-Ed,440,361,295,421,94,319,302,96,327,89,333,440,437,103,83,423,0,121,78,29,113,201
Bihar,Urban,PS (I-V),Private Unaided (Recognized),Boys,1,1,0,1,0,1,1,0,1,0,0,1,1,0,0,1,0,1,1,0,0,0
Bihar,Urban,PS (I-V),Private Unaided (Recognized),Girls,1,1,1,1,0,1,1,0,1,0,1,1,1,1,0,1,0,1,0,0,1,1
Bihar,Urban,PS (I-V),Private Unaided (Recognized),Co-Ed,181,157,106,174,28,134,131,39,148,31,151,181,181,71,40,172,0,64,44,11,54,111
Bihar,Rural,SS (I-X),Private Unaided (Recognized),Girls,2,2,2,2,0,2,1,1,2,0,2,2,2,1,1,2,1,2,1,0,2,2
Bihar,Rural,SS (I-X),Private Unaided (Recognized),Co-Ed,284,263,249,281,59,258,260,216,257,104,243,283,282,195,110,278,142,146,101,36,190,246
Bihar,Urban,SS (I-X),Private Unaided (Recognized),Girls,5,5,4,5,0,4,5,4,4,2,5,5,5,3,1,5,1,2,1,0,2,3
Bihar,Urban,SS (I-X),Private Unaided (Recognized),Co-Ed,162,148,127,162,25,152,156,134,154,52,153,162,162,123,61,161,85,81,55,21,124,152
Bihar,Rural,SS (IX-X),Private Unaided (Recognized),Girls,48,38,43,43,3,44,43,12,35,4,38,48,48,3,5,38,11,22,13,2,7,9
Bihar,Rural,SS (IX-X),Private Unaided (Recognized),Co-Ed,501,400,454,470,55,453,409,145,383,71,407,499,499,42,61,416,122,198,103,43,59,128
Bihar,Urban,SS (IX-X),Private Unaided (Recognized),Girls,9,8,6,9,1,9,9,4,8,1,8,9,9,1,0,8,1,4,0,1,5,5
Bihar,Urban,SS (IX-X),Private Unaided (Recognized),Co-Ed,25,15,22,24,2,21,22,6,18,4,20,25,25,5,3,24,7,11,5,2,6,7
Bihar,Rural,SS (VI-X),Private Unaided (Recognized),Girls,18,15,17,17,3,17,16,5,17,3,18,18,18,2,1,17,5,9,1,1,1,7
Bihar,Rural,SS (VI-X),Private Unaided (Recognized),Co-Ed,27,24,23,26,6,25,25,10,22,3,23,27,27,5,2,25,13,13,6,3,2,15
Bihar,Urban,SS (VI-X),Private Unaided (Recognized),Girls,14,11,12,14,0,12,14,4,10,2,13,14,14,5,1,13,4,11,3,1,7,11
Bihar,Urban,SS (VI-X),Private Unaided (Recognized),Co-Ed,6,6,5,6,1,4,5,3,5,1,6,6,6,2,1,6,0,3,1,0,2,3
Bihar,Rural,UPS (I-VIII),Private Unaided (Recognized),Boys,3,3,2,2,1,3,2,1,3,1,2,3,3,0,0,3,0,0,0,0,0,1
Bihar,Rural,UPS (I-VIII),Private Unaided (Recognized),Girls,6,5,4,5,1,5,5,2,5,3,5,6,6,2,1,6,1,0,0,2,2,4
Bihar,Rural,UPS (I-VIII),Private Unaided (Recognized),Co-Ed,3387,2854,2402,3284,678,2688,2504,1046,2661,860,2855,3381,3362,1225,797,3206,1299,1209,735,302,1340,2390
Bihar,Urban,UPS (I-VIII),Private Unaided (Recognized),Boys,3,2,2,3,0,3,3,0,2,0,3,3,3,1,0,3,0,1,0,0,3,3
Bihar,Urban,UPS (I-VIII),Private Unaided (Recognized),Girls,7,7,4,7,1,6,7,4,7,1,7,7,7,5,1,7,3,3,1,0,5,6
Bihar,Urban,UPS (I-VIII),Private Unaided (Recognized),Co-Ed,1874,1688,1179,1829,227,1565,1548,583,1643,427,1657,1873,1867,965,404,1831,716,638,392,169,900,1546
Bihar,Rural,UPS (VI-VIII),Private Unaided (Recognized),Co-Ed,5,3,4,5,0,3,1,0,4,1,4,5,5,1,0,4,2,2,0,0,0,2
Bihar,Urban,UPS (VI-VIII),Private Unaided (Recognized),Girls,1,1,1,1,0,0,1,1,1,0,1,1,1,1,0,1,0,1,1,0,1,1
Bihar,Urban,UPS (VI-VIII),Private Unaided (Recognized),Co-Ed,1,1,1,1,1,1,1,1,1,1,1,1,1,1,0,1,1,1,1,0,1,1
Bihar,Urban,HSS (I-XII),Railway School,Co-Ed,2,2,2,2,1,2,2,2,2,0,2,2,2,2,0,2,2,1,0,1,2,2
Bihar,Rural,HSS (VI-XII),Sainik School,Co-Ed,1,1,1,1,1,1,1,1,1,1,1,1,1,1,0,1,0,0,0,0,0,1
Bihar,Urban,HSS (VI-XII),Sainik School,Boys,1,1,1,1,1,1,1,1,1,0,1,1,1,1,0,1,1,0,0,1,1,1
Bihar,Rural,HSS (I-XII),Social welfare Department,Boys,5,3,3,5,0,3,3,1,5,1,5,5,5,1,1,5,1,3,1,1,2,3
Bihar,Urban,HSS (I-XII),Social welfare Department,Girls,3,1,2,3,0,2,2,0,2,2,3,3,3,2,0,3,2,2,2,0,0,2
Bihar,Urban,HSS (IX-XII),Social welfare Department,Girls,1,0,0,1,0,1,1,0,0,0,0,1,1,0,0,1,0,0,0,0,0,1
Bihar,Rural,HSS (VI-XII),Social welfare Department,Girls,2,2,0,2,0,0,2,0,1,0,1,2,2,0,0,2,1,2,2,0,0,0
Bihar,Urban,HSS (VI-XII),Social welfare Department,Girls,6,4,2,6,0,3,4,0,4,1,5,6,6,4,1,6,1,2,0,0,2,4
Bihar,Rural,PS (I-V),Social welfare Department,Girls,6,4,3,5,3,4,3,0,6,2,6,6,6,3,0,6,0,1,1,1,2,4
Bihar,Rural,PS (I-V),Social welfare Department,Co-Ed,1,0,0,0,0,0,0,0,0,0,1,1,1,0,0,0,0,0,0,0,0,0
Bihar,Urban,PS (I-V),Social welfare Department,Boys,1,0,0,1,0,0,1,0,0,1,0,1,1,0,0,1,0,1,0,0,0,0
Bihar,Urban,PS (I-V),Social welfare Department,Girls,2,2,2,2,0,2,1,0,0,1,0,2,2,0,0,1,0,0,0,0,0,0
Bihar,Rural,SS (I-X),Social welfare Department,Boys,16,13,8,16,2,8,12,3,14,5,14,16,16,7,0,14,2,9,3,1,1,10
Bihar,Rural,SS (I-X),Social welfare Department,Girls,7,5,6,7,1,6,5,1,7,2,5,7,7,4,1,6,2,5,4,1,1,5
Bihar,Rural,SS (I-X),Social welfare Department,Co-Ed,4,3,3,4,2,2,2,1,3,2,3,4,4,2,1,4,2,1,0,2,0,2
Bihar,Urban,SS (I-X),Social welfare Department,Boys,4,4,2,4,0,2,4,1,3,1,3,4,4,1,3,4,0,4,1,0,0,4
Bihar,Urban,SS (I-X),Social welfare Department,Girls,5,4,2,5,1,2,4,0,4,2,5,5,5,2,1,5,2,3,2,1,1,4
Bihar,Urban,SS (I-X),Social welfare Department,Co-Ed,1,1,1,1,0,1,1,0,1,1,1,1,1,1,0,1,0,1,0,0,0,1
Bihar,Rural,SS (IX-X),Social welfare Department,Co-Ed,1,1,1,1,1,0,1,0,1,0,0,1,1,0,0,0,0,0,0,0,0,0
Bihar,Rural,SS (VI-X),Social welfare Department,Boys,1,1,1,1,0,1,0,0,1,0,1,1,1,0,0,1,0,1,1,0,0,1
Bihar,Urban,SS (VI-X),Social welfare Department,Girls,1,1,0,1,0,0,0,0,1,0,1,1,1,0,0,0,0,0,0,0,0,1
Bihar,Rural,UPS (I-VIII),Social welfare Department,Boys,1,1,1,1,0,1,0,0,1,1,0,1,1,1,0,1,0,1,1,0,0,1
Bihar,Urban,UPS (I-VIII),Social welfare Department,Boys,1,1,1,1,0,1,0,0,1,0,1,1,1,1,0,1,0,0,0,0,0,1
Bihar,Urban,UPS (I-VIII),Social welfare Department,Girls,1,1,1,1,0,1,1,0,0,0,1,1,1,0,0,1,1,0,0,0,0,0
Bihar,Urban,UPS (I-VIII),Social welfare Department,Co-Ed,1,1,1,1,0,1,0,0,1,0,1,1,1,1,0,1,0,0,0,0,0,1
Bihar,Rural,SS (I-X),Tribal Welfare Department,Boys,2,2,2,1,2,2,2,0,2,2,1,2,2,0,0,2,0,1,1,1,1,2
Bihar,Rural,SS (I-X),Tribal Welfare Department,Co-Ed,1,0,1,0,1,1,1,0,1,1,0,1,1,0,0,1,0,1,0,0,0,1
Bihar,Urban,SS (I-X),Tribal Welfare Department,Girls,1,0,0,0,0,0,0,0,0,0,1,1,0,0,0,0,0,0,0,0,0,1
Bihar,Rural,SS (VI-X),Tribal Welfare Department,Boys,1,0,1,1,0,0,1,0,0,1,0,1,1,0,0,1,0,0,0,0,1,1
Bihar,Rural,UPS (I-VIII),Tribal Welfare Department,Boys,1,0,1,1,0,0,1,0,0,0,1,1,1,0,0,1,0,1,1,0,0,1
Bihar,Rural,UPS (I-VIII),Tribal Welfare Department,Co-Ed,1,1,1,1,0,1,1,0,0,0,0,1,1,0,0,1,0,1,1,0,0,1
Bihar,Rural,HSS (I-XII),Unrecognized,Co-Ed,53,34,28,52,9,32,29,8,30,9,42,53,53,11,6,42,16,11,8,3,14,28
Bihar,Urban,HSS (I-XII),Unrecognized,Co-Ed,22,19,12,21,6,11,22,6,13,4,20,22,22,7,7,21,8,9,4,1,13,19
Bihar,Rural,HSS (IX-XII),Unrecognized,Co-Ed,2,2,2,2,0,1,2,1,0,0,1,2,2,0,0,1,0,1,1,0,0,0
Bihar,Urban,HSS (IX-XII),Unrecognized,Co-Ed,1,0,0,1,0,0,0,0,0,1,1,1,1,0,1,1,1,0,0,0,0,1
Bihar,Rural,HSS (VI-XII),Unrecognized,Co-Ed,2,2,1,2,0,2,1,1,2,0,1,2,2,1,0,2,0,1,0,0,1,0
Bihar,Urban,HSS (VI-XII),Unrecognized,Co-Ed,1,1,0,1,0,1,1,1,1,0,0,1,1,1,1,1,0,0,0,0,0,0
Bihar,Rural,HSS (XI-XII),Unrecognized,Co-Ed,7,6,7,7,2,5,7,5,5,3,6,7,7,5,2,7,6,1,1,0,3,6
Bihar,Urban,HSS (XI-XII),Unrecognized,Co-Ed,1,0,0,1,0,1,1,1,1,0,1,1,1,0,0,1,0,1,1,0,0,1
Bihar,Rural,PS (I-V),Unrecognized,Girls,1,0,0,1,0,0,0,0,0,1,0,1,1,0,0,1,0,0,0,0,0,0
Bihar,Rural,PS (I-V),Unrecognized,Co-Ed,942,710,565,908,201,630,575,167,667,172,723,941,941,232,150,862,0,271,157,42,252,452
Bihar,Urban,PS (I-V),Unrecognized,Co-Ed,364,290,197,357,69,255,261,65,276,80,301,364,363,160,69,353,0,124,50,13,114,242
Bihar,Rural,SS (I-X),Unrecognized,Co-Ed,47,38,36,46,9,31,35,17,28,8,38,47,46,18,8,42,15,22,13,7,18,27
Bihar,Urban,SS (I-X),Unrecognized,Co-Ed,15,12,8,15,3,13,13,8,14,7,14,15,14,11,5,15,7,5,3,2,8,13
Bihar,Rural,SS (IX-X),Unrecognized,Girls,3,3,3,1,1,3,3,2,3,0,3,3,3,0,0,3,1,1,0,0,1,1
Bihar,Rural,SS (IX-X),Unrecognized,Co-Ed,11,10,11,10,1,10,9,4,10,0,9,11,11,0,1,10,4,4,1,0,1,1
Bihar,Urban,SS (IX-X),Unrecognized,Co-Ed,1,1,1,1,0,1,1,0,1,0,1,1,1,1,0,1,1,1,0,0,0,1
Bihar,Rural,SS (VI-X),Unrecognized,Co-Ed,2,1,1,2,1,0,2,0,0,0,2,2,2,0,0,2,0,2,1,0,0,1
Bihar,Urban,SS (VI-X),Unrecognized,Girls,1,1,1,1,0,1,1,0,1,0,1,1,1,0,0,1,0,1,0,0,0,0
Bihar,Urban,SS (VI-X),Unrecognized,Co-Ed,3,2,2,3,0,0,2,1,1,0,2,3,3,1,0,3,1,0,0,0,1,1
Bihar,Rural,UPS (I-VIII),Unrecognized,Boys,1,1,1,1,0,1,1,1,1,0,1,1,1,0,0,1,1,1,1,0,1,1
Bihar,Rural,UPS (I-VIII),Unrecognized,Girls,9,6,3,9,0,5,7,2,5,2,7,9,9,4,2,9,3,6,3,1,2,5
Bihar,Rural,UPS (I-VIII),Unrecognized,Co-Ed,3805,2862,2300,3655,684,2606,2466,978,2615,915,3004,3788,3764,1210,845,3459,1333,1166,654,265,1180,2418
Bihar,Urban,UPS (I-VIII),Unrecognized,Boys,4,3,0,3,0,4,3,0,3,2,2,4,4,2,1,4,0,1,0,0,1,2
Bihar,Urban,UPS (I-VIII),Unrecognized,Girls,9,9,6,9,0,6,9,7,7,5,9,9,9,7,0,9,4,3,0,0,7,8
Bihar,Urban,UPS (I-VIII),Unrecognized,Co-Ed,1533,1296,856,1509,194,1122,1252,448,1192,344,1325,1530,1523,733,327,1478,534,565,231,123,684,1201
Bihar,Urban,UPS (VI-VIII),Unrecognized,Girls,3,2,2,3,0,2,2,0,2,1,3,3,3,2,2,2,0,0,0,0,1,3
Chandigarh,Urban,HSS (I-XII),Department of Education,Co-Ed,41,41,26,41,36,38,41,4,37,41,41,41,41,39,30,41,36,40,24,13,41,41
Chandigarh,Urban,HSS (IX-XII),Department of Education,Co-Ed,2,2,1,2,2,2,2,0,2,2,2,2,2,2,1,2,2,2,1,1,2,2
Chandigarh,Urban,PS (I-V),Department of Education,Co-Ed,8,8,1,8,0,5,8,0,2,4,6,8,8,6,0,8,0,7,4,1,8,8
Chandigarh,Urban,SS (I-X),Department of Education,Co-Ed,53,53,33,53,47,52,53,2,42,49,53,53,53,50,28,53,44,51,34,20,53,53
Chandigarh,Urban,UPS (I-VIII),Department of Education,Co-Ed,12,12,7,12,6,12,12,0,9,10,12,12,12,11,6,12,6,12,4,4,12,12
Chandigarh,Urban,HSS (I-XII),Government Aided,Girls,1,1,0,1,1,0,1,0,0,1,1,1,1,0,0,1,1,0,0,0,1,1
Chandigarh,Urban,HSS (I-XII),Government Aided,Co-Ed,5,5,4,5,3,5,5,3,5,3,5,5,5,5,2,5,3,5,3,4,5,5
Chandigarh,Urban,HSS (VI-XII),Government Aided,Co-Ed,1,1,1,1,1,1,1,1,1,1,1,1,1,1,1,1,1,1,1,0,1,1
Chandigarh,Urban,HSS (VI-XII),Jawahar Navodaya Vidyalaya,Co-Ed,1,1,1,1,0,1,1,1,1,1,1,1,1,1,0,1,1,1,1,1,1,1
Chandigarh,Urban,HSS (I-XII),Kendriya Vidyalaya / Central School,Co-Ed,4,4,1,4,1,4,4,4,4,2,4,4,4,4,2,4,1,4,1,1,4,4
Chandigarh,Urban,UPS (I-VIII),Madarsa unrecognized,Co-Ed,3,3,0,3,0,2,2,0,3,0,2,3,3,2,1,3,0,1,1,2,2,3
Chandigarh,Urban,HSS (I-XII),Other Central Govt. Schools,Co-Ed,1,1,1,1,1,1,1,1,1,1,1,1,1,1,1,1,1,1,1,0,1,1
Chandigarh,Urban,SS (I-X),Other Central Govt. Schools,Co-Ed,1,1,0,1,0,1,1,1,1,1,1,1,1,1,0,1,0,1,0,0,1,1
Chandigarh,Urban,HSS (I-XII),Private Unaided (Recognized),Boys,1,1,1,1,1,1,1,1,1,0,1,1,1,1,1,1,0,1,1,0,1,1
Chandigarh,Urban,HSS (I-XII),Private Unaided (Recognized),Girls,2,2,1,2,2,2,2,2,2,1,2,2,2,2,2,2,2,2,1,0,2,2
Chandigarh,Urban,HSS (I-XII),Private Unaided (Recognized),Co-Ed,41,41,15,41,31,41,41,41,41,31,41,41,41,40,27,41,19,39,29,1,41,41
Chandigarh,Urban,HSS (VI-XII),Private Unaided (Recognized),Co-Ed,1,1,0,1,1,1,1,1,1,1,1,1,1,1,0,1,1,0,0,0,1,1
Chandigarh,Urban,PS (I-V),Private Unaided (Recognized),Co-Ed,6,6,2,6,5,6,6,3,6,5,6,6,6,6,5,6,0,5,3,0,6,6
Chandigarh,Urban,SS (I-X),Private Unaided (Recognized),Co-Ed,14,14,5,14,13,14,14,14,13,8,14,14,14,14,7,14,4,12,8,0,14,14
Chandigarh,Urban,UPS (I-VIII),Private Unaided (Recognized),Co-Ed,11,11,5,11,8,11,11,1,9,6,11,11,11,11,5,11,0,10,6,0,11,11
Chandigarh,Urban,HSS (I-XII),Unrecognized,Co-Ed,1,1,0,1,0,1,1,0,1,0,1,1,1,1,0,1,0,0,0,0,1,1
Chandigarh,Urban,PS (I-V),Unrecognized,Co-Ed,7,7,2,7,0,6,4,1,5,1,7,7,7,7,1,7,0,1,0,0,6,7
Chandigarh,Urban,SS (I-X),Unrecognized,Co-Ed,3,3,0,3,0,3,3,2,2,0,3,3,3,3,1,3,1,1,1,0,3,3
Chandigarh,Urban,UPS (I-VIII),Unrecognized,Co-Ed,13,13,4,13,2,12,13,3,13,7,13,13,13,13,1,13,3,7,2,1,12,13
Chhattisgarh,Rural,PS (I-V),Central Tibetan School,Co-Ed,1,1,1,1,0,1,1,0,1,1,1,1,1,1,0,1,0,0,0,0,1,1
Chhattisgarh,Rural,HSS (I-XII),Department of Education,Co-Ed,123,116,111,121,6,117,122,62,105,41,117,123,122,85,55,121,25,92,56,76,94,122
Chhattisgarh,Urban,HSS (I-XII),Department of Education,Girls,1,1,1,1,0,0,1,0,0,1,1,1,1,0,0,1,1,1,1,1,1,1
Chhattisgarh,Urban,HSS (I-XII),Department of Education,Co-Ed,125,118,101,125,11,114,124,78,103,39,120,125,124,70,62,125,43,115,91,67,92,125
Chhattisgarh,Rural,HSS (IX-XII),Department of Education,Boys,21,18,20,21,2,21,21,5,17,2,20,21,21,6,10,21,1,20,12,14,14,21
Chhattisgarh,Rural,HSS (IX-XII),Department of Education,Girls,52,37,43,52,4,46,52,8,42,8,52,52,52,20,23,51,23,41,31,33,33,52
Chhattisgarh,Rural,HSS (IX-XII),Department of Education,Co-Ed,2117,1668,2004,2101,79,1963,2108,317,1647,471,2079,2107,2084,681,1066,2081,772,1885,1193,1304,1280,2115
Chhattisgarh,Urban,HSS (IX-XII),Department of Education,Boys,44,42,43,44,4,41,44,7,35,15,43,44,44,21,23,43,6,41,30,27,32,44
Chhattisgarh,Urban,HSS (IX-XII),Department of Education,Girls,114,103,86,114,7,98,113,17,101,37,111,114,114,65,56,113,52,105,82,61,82,114
Chhattisgarh,Urban,HSS (IX-XII),Department of Education,Co-Ed,198,178,164,197,13,186,196,26,167,81,196,198,196,109,105,195,68,187,147,98,159,198
Chhattisgarh,Rural,HSS (VI-XII),Department of Education,Girls,26,21,22,25,8,24,25,4,20,23,26,26,26,17,11,26,18,22,18,19,13,21
Chhattisgarh,Urban,HSS (VI-XII),Department of Education,Girls,12,11,8,12,5,11,12,3,11,10,11,12,12,9,10,12,7,12,11,7,9,12
Chhattisgarh,Rural,HSS (XI-XII),Department of Education,Co-Ed,8,4,7,6,0,8,7,1,5,1,8,8,6,3,3,6,3,4,4,6,2,8
Chhattisgarh,Rural,PS (I-V),Department of Education,Boys,459,224,384,426,127,366,459,23,136,365,169,455,457,89,125,440,0,368,283,184,143,426
Chhattisgarh,Rural,PS (I-V),Department of Education,Girls,390,165,298,369,90,281,389,26,127,305,136,385,377,83,130,381,0,311,242,161,142,365
Chhattisgarh,Rural,PS (I-V),Department of Education,Co-Ed,28274,11386,22570,24675,1852,20312,28023,1563,4930,17131,4774,27691,27774,2699,10043,27659,0,24857,19063,10749,8783,25504
Chhattisgarh,Urban,PS (I-V),Department of Education,Boys,58,30,37,58,5,42,58,6,16,33,26,57,58,4,22,58,0,52,39,23,15,56
Chhattisgarh,Urban,PS (I-V),Department of Education,Girls,80,48,46,79,9,62,79,4,22,48,32,80,79,12,27,80,0,73,51,22,22,73
Chhattisgarh,Urban,PS (I-V),Department of Education,Co-Ed,1414,776,931,1367,54,1044,1408,87,226,830,561,1389,1390,154,519,1386,0,1327,962,441,351,1288
Chhattisgarh,Rural,SS (I-X),Department of Education,Boys,27,16,23,27,7,20,27,2,11,26,23,27,27,7,7,26,1,25,21,15,11,27
Chhattisgarh,Rural,SS (I-X),Department of Education,Girls,13,9,11,13,8,7,13,1,7,13,13,13,13,3,2,12,4,13,12,6,3,13
Chhattisgarh,Rural,SS (I-X),Department of Education,Co-Ed,8,6,8,8,4,8,8,0,4,7,6,8,8,4,0,8,1,7,6,4,5,7
Chhattisgarh,Urban,SS (I-X),Department of Education,Boys,1,1,0,1,0,0,1,0,1,1,1,1,1,1,0,1,0,1,1,1,0,1
Chhattisgarh,Urban,SS (I-X),Department of Education,Girls,2,1,1,2,0,1,2,0,1,2,2,2,2,1,1,2,2,2,2,1,1,2
Chhattisgarh,Rural,SS (IX-X),Department of Education,Girls,22,12,19,22,0,18,21,0,15,7,21,22,21,4,8,21,6,18,12,16,13,22
Chhattisgarh,Rural,SS (IX-X),Department of Education,Co-Ed,1765,1254,1630,1662,69,1553,1735,97,969,337,1720,1743,1738,378,794,1720,464,1445,750,1080,969,1665
Chhattisgarh,Urban,SS (IX-X),Department of Education,Girls,4,3,4,4,0,4,4,0,3,1,4,4,4,1,3,4,2,4,3,2,3,4
Chhattisgarh,Urban,SS (IX-X),Department of Education,Co-Ed,76,62,64,74,2,63,76,6,50,22,75,76,75,31,43,76,24,68,43,51,43,74
Chhattisgarh,Rural,SS (VI-X),Department of Education,Girls,4,1,3,4,2,2,4,0,2,4,4,4,4,1,2,4,2,3,3,1,1,4
Chhattisgarh,Urban,SS (VI-X),Department of Education,Girls,1,0,1,1,1,0,1,1,0,1,1,1,1,1,1,1,1,1,1,0,0,1
Chhattisgarh,Rural,UPS (I-VIII),Department of Education,Boys,32,16,28,31,13,26,32,1,18,29,22,32,32,10,10,31,0,30,27,16,9,32
Chhattisgarh,Rural,UPS (I-VIII),Department of Education,Girls,41,25,35,41,15,32,41,1,15,38,28,41,41,12,6,39,8,38,30,22,13,41
Chhattisgarh,Rural,UPS (I-VIII),Department of Education,Co-Ed,29,22,24,28,9,19,29,3,10,23,24,29,29,13,8,27,6,27,24,13,6,27
Chhattisgarh,Urban,UPS (I-VIII),Department of Education,Boys,2,1,1,1,0,2,2,0,0,2,2,2,2,1,0,2,0,2,2,1,2,2
Chhattisgarh,Urban,UPS (I-VIII),Department of Education,Girls,6,3,4,6,1,5,6,0,4,6,5,6,6,0,2,6,0,5,4,4,2,5
Chhattisgarh,Urban,UPS (I-VIII),Department of Education,Co-Ed,2,2,1,2,0,2,2,1,1,1,1,2,2,1,1,2,0,2,2,0,0,2
Chhattisgarh,Rural,UPS (VI-VIII),Department of Education,Boys,195,98,171,181,20,174,195,8,75,149,167,194,195,24,76,192,8,168,117,127,59,190
Chhattisgarh,Rural,UPS (VI-VIII),Department of Education,Girls,272,158,220,267,32,230,272,25,135,188,246,271,267,58,128,270,61,239,189,159,108,257
Chhattisgarh,Rural,UPS (VI-VIII),Department of Education,Co-Ed,11630,6006,9697,10834,706,9448,11574,559,2979,7489,9827,11486,11478,1274,4339,11432,1635,10522,7837,6330,3590,10820
Chhattisgarh,Urban,UPS (VI-VIII),Department of Education,Boys,96,55,73,96,3,83,95,3,29,53,88,96,94,23,36,95,5,88,68,51,29,89
Chhattisgarh,Urban,UPS (VI-VIII),Department of Education,Girls,162,81,102,159,10,128,162,8,83,112,153,161,162,58,77,161,38,150,120,78,50,156
Chhattisgarh,Urban,UPS (VI-VIII),Department of Education,Co-Ed,667,429,450,655,16,547,663,33,212,390,620,656,658,134,265,657,123,628,465,371,145,634
Chhattisgarh,Rural,HSS (I-XII),Government Aided,Boys,1,1,1,1,0,1,1,0,1,1,1,1,1,0,0,1,0,0,0,0,1,1
Chhattisgarh,Rural,HSS (I-XII),Government Aided,Girls,1,1,1,1,0,1,1,0,1,1,1,1,1,1,1,1,1,0,0,1,0,1
Chhattisgarh,Rural,HSS (I-XII),Government Aided,Co-Ed,2,2,2,2,0,2,2,1,2,2,2,2,2,2,1,2,2,2,2,2,2,2
Chhattisgarh,Urban,HSS (I-XII),Government Aided,Boys,1,1,1,1,0,1,1,0,1,1,1,1,1,1,1,1,0,1,1,1,1,1
Chhattisgarh,Urban,HSS (I-XII),Government Aided,Co-Ed,19,19,15,19,0,19,19,3,13,11,17,19,19,14,7,19,2,15,6,9,13,17
Chhattisgarh,Rural,HSS (IX-XII),Government Aided,Boys,1,1,1,1,0,1,1,0,1,1,1,1,1,0,0,1,0,0,0,0,0,0
Chhattisgarh,Rural,HSS (IX-XII),Government Aided,Girls,3,3,2,3,0,3,3,0,3,1,3,3,3,0,2,3,2,2,1,2,2,3
Chhattisgarh,Rural,HSS (IX-XII),Government Aided,Co-Ed,27,27,25,27,1,27,25,10,24,9,27,27,27,13,16,27,3,13,6,14,14,26
Chhattisgarh,Urban,HSS (IX-XII),Government Aided,Co-Ed,1,1,1,1,0,1,1,1,1,0,1,1,1,1,0,1,0,0,0,0,1,1
Chhattisgarh,Rural,HSS (VI-XII),Government Aided,Boys,1,1,1,1,0,1,1,0,1,1,1,1,1,1,1,1,0,1,1,1,1,1
Chhattisgarh,Rural,HSS (VI-XII),Government Aided,Girls,1,1,1,1,0,1,1,1,1,1,1,1,1,1,1,1,0,1,1,1,1,1
Chhattisgarh,Rural,HSS (VI-XII),Government Aided,Co-Ed,7,7,7,7,0,7,7,0,6,2,6,7,7,2,5,7,1,5,2,5,2,5
Chhattisgarh,Urban,HSS (VI-XII),Government Aided,Boys,5,5,4,5,0,5,5,0,4,5,3,5,5,3,2,5,0,2,2,1,3,5
Chhattisgarh,Urban,HSS (VI-XII),Government Aided,Girls,6,5,4,6,0,6,6,1,6,3,6,6,6,3,3,6,0,2,1,2,4,6
Chhattisgarh,Urban,HSS (VI-XII),Government Aided,Co-Ed,19,19,13,19,1,18,19,7,14,8,18,19,19,12,8,19,2,13,7,9,14,18
Chhattisgarh,Rural,PS (I-V),Government Aided,Boys,18,9,17,14,2,13,18,1,11,14,8,18,18,1,6,18,0,11,9,7,2,5
Chhattisgarh,Rural,PS (I-V),Government Aided,Girls,14,10,11,13,1,10,14,0,6,12,6,14,14,3,5,14,0,7,6,6,5,5
Chhattisgarh,Rural,PS (I-V),Government Aided,Co-Ed,132,77,115,100,9,126,130,9,29,65,25,129,132,25,53,131,0,80,50,71,32,28
Chhattisgarh,Urban,PS (I-V),Government Aided,Girls,2,2,1,2,0,1,2,0,1,1,0,2,2,0,0,2,0,0,0,0,1,0
Chhattisgarh,Urban,PS (I-V),Government Aided,Co-Ed,38,34,28,38,1,38,35,4,19,18,29,38,37,18,14,38,0,25,14,10,13,17
Chhattisgarh,Rural,SS (I-X),Government Aided,Girls,1,1,1,1,1,1,1,0,1,1,1,1,1,1,0,1,1,0,0,1,0,1
Chhattisgarh,Rural,SS (I-X),Government Aided,Co-Ed,2,2,2,2,1,2,2,0,2,2,2,2,2,0,0,2,0,0,0,2,0,2
Chhattisgarh,Urban,SS (I-X),Government Aided,Boys,1,1,1,1,1,1,1,1,1,0,1,1,1,1,0,1,0,1,1,1,0,1
Chhattisgarh,Urban,SS (I-X),Government Aided,Co-Ed,5,5,3,5,0,5,5,2,5,3,5,5,5,4,1,5,2,5,4,3,3,5
Chhattisgarh,Urban,SS (IX-X),Government Aided,Girls,1,1,1,1,0,1,1,0,1,0,1,1,1,1,1,1,0,1,1,1,1,1
Chhattisgarh,Urban,SS (VI-X),Government Aided,Co-Ed,1,0,0,1,0,1,1,0,1,1,1,1,1,1,1,1,0,1,1,0,0,1
Chhattisgarh,Rural,UPS (I-VIII),Government Aided,Boys,1,0,1,1,0,1,1,0,0,1,0,1,1,0,0,1,0,0,0,1,0,0
Chhattisgarh,Rural,UPS (I-VIII),Government Aided,Girls,7,5,4,7,3,6,5,0,0,5,4,7,6,2,0,7,1,5,5,4,1,3
Chhattisgarh,Rural,UPS (I-VIII),Government Aided,Co-Ed,19,14,17,17,4,18,19,3,13,17,14,19,19,7,6,19,4,11,9,11,8,11
Chhattisgarh,Urban,UPS (I-VIII),Government Aided,Girls,2,1,2,2,0,2,2,0,1,2,0,2,2,1,0,2,0,2,2,0,1,2
Chhattisgarh,Urban,UPS (I-VIII),Government Aided,Co-Ed,11,11,7,11,1,10,8,1,11,8,11,11,11,10,7,11,1,8,5,3,9,11
Chhattisgarh,Rural,UPS (VI-VIII),Government Aided,Boys,11,10,10,9,0,11,11,0,6,7,10,11,11,2,9,11,0,7,4,8,2,4
Chhattisgarh,Rural,UPS (VI-VIII),Government Aided,Girls,11,10,8,10,1,11,11,2,8,10,8,11,11,4,7,11,6,7,5,9,2,8
Chhattisgarh,Rural,UPS (VI-VIII),Government Aided,Co-Ed,29,24,29,27,2,29,28,1,21,15,21,29,29,9,14,29,5,16,7,16,9,19
Chhattisgarh,Urban,UPS (VI-VIII),Government Aided,Boys,1,1,1,1,1,1,1,0,0,1,1,1,1,1,1,1,1,1,0,1,0,1
Chhattisgarh,Urban,UPS (VI-VIII),Government Aided,Girls,2,1,2,2,0,2,2,0,2,1,1,2,2,0,0,2,0,0,0,1,1,1
Chhattisgarh,Urban,UPS (VI-VIII),Government Aided,Co-Ed,13,13,13,13,1,12,10,2,5,5,9,13,13,6,2,13,3,6,6,3,4,6
Chhattisgarh,Rural,HSS (I-XII),Jawahar Navodaya Vidyalaya,Co-Ed,1,1,1,1,0,1,1,1,1,0,1,1,1,1,0,1,1,1,1,1,1,1
Chhattisgarh,Rural,HSS (VI-XII),Jawahar Navodaya Vidyalaya,Co-Ed,14,13,14,14,3,14,14,12,14,10,13,14,14,13,6,14,11,11,11,10,13,14
Chhattisgarh,Urban,HSS (VI-XII),Jawahar Navodaya Vidyalaya,Co-Ed,9,9,9,9,5,9,9,8,9,8,9,9,9,8,3,9,8,9,9,4,9,9
Chhattisgarh,Urban,SS (I-X),Jawahar Navodaya Vidyalaya,Co-Ed,1,1,0,1,1,1,1,0,1,0,1,1,1,1,0,1,1,0,0,0,1,1
Chhattisgarh,Rural,SS (VI-X),Jawahar Navodaya Vidyalaya,Co-Ed,1,0,0,1,0,1,1,0,1,1,1,1,1,1,0,1,1,1,1,1,1,1
Chhattisgarh,Urban,SS (VI-X),Jawahar Navodaya Vidyalaya,Co-Ed,2,2,2,2,0,2,2,2,2,1,2,2,2,1,0,2,1,2,1,2,2,2
Chhattisgarh,Rural,HSS (I-XII),Kendriya Vidyalaya / Central School,Co-Ed,4,4,4,4,0,4,4,3,4,2,4,4,4,4,3,4,1,4,4,3,4,4
Chhattisgarh,Urban,HSS (I-XII),Kendriya Vidyalaya / Central School,Co-Ed,23,23,22,23,2,23,23,21,23,11,23,23,22,23,15,23,7,23,21,8,23,23
Chhattisgarh,Urban,PS (I-V),Kendriya Vidyalaya / Central School,Co-Ed,1,1,1,1,0,1,1,0,1,1,1,1,1,1,0,1,0,1,0,0,1,1
Chhattisgarh,Rural,SS (I-X),Kendriya Vidyalaya / Central School,Co-Ed,2,2,1,2,0,2,2,2,2,0,2,2,2,2,1,2,0,2,2,0,2,2
Chhattisgarh,Urban,SS (I-X),Kendriya Vidyalaya / Central School,Co-Ed,2,2,2,2,0,2,2,2,2,0,2,2,2,2,1,2,0,1,0,0,2,2
Chhattisgarh,Rural,UPS (I-VIII),Kendriya Vidyalaya / Central School,Co-Ed,1,1,1,1,0,1,1,1,1,0,1,1,1,1,0,1,0,0,0,0,1,1
Chhattisgarh,Urban,UPS (I-VIII),Kendriya Vidyalaya / Central School,Co-Ed,3,3,3,3,0,3,3,1,3,1,3,3,3,2,0,3,0,3,2,3,3,3
Chhattisgarh,Rural,HSS (I-XII),Madarsa recognized (by Wakf board/Madarsa Board),Co-Ed,1,1,1,1,0,1,1,0,1,0,0,1,1,1,0,1,0,0,0,0,0,1
Chhattisgarh,Rural,PS (I-V),Madarsa recognized (by Wakf board/Madarsa Board),Boys,1,1,0,1,0,1,1,0,0,1,0,1,1,1,0,1,0,1,0,1,0,0
Chhattisgarh,Rural,PS (I-V),Madarsa recognized (by Wakf board/Madarsa Board),Girls,1,1,1,1,1,1,1,0,0,1,1,1,1,1,1,1,0,1,1,0,0,1
Chhattisgarh,Rural,PS (I-V),Madarsa recognized (by Wakf board/Madarsa Board),Co-Ed,57,33,40,46,3,43,55,7,13,15,19,57,55,14,19,57,0,21,9,31,8,4
Chhattisgarh,Urban,PS (I-V),Madarsa recognized (by Wakf board/Madarsa Board),Boys,7,4,3,7,0,5,5,0,5,2,4,7,7,3,1,6,0,3,1,1,1,4
Chhattisgarh,Urban,PS (I-V),Madarsa recognized (by Wakf board/Madarsa Board),Girls,3,2,0,3,0,1,2,0,2,0,0,3,3,1,2,3,0,1,0,1,0,2
Chhattisgarh,Urban,PS (I-V),Madarsa recognized (by Wakf board/Madarsa Board),Co-Ed,91,49,35,90,0,77,67,5,42,18,33,90,89,25,9,91,0,35,9,28,12,38
Chhattisgarh,Rural,UPS (I-VIII),Madarsa recognized (by Wakf board/Madarsa Board),Boys,1,1,1,1,1,1,1,0,0,0,1,1,1,0,0,1,0,0,0,0,0,1
Chhattisgarh,Rural,UPS (I-VIII),Madarsa recognized (by Wakf board/Madarsa Board),Co-Ed,8,5,5,8,1,7,8,0,4,4,1,8,8,1,1,8,2,3,0,3,2,5
Chhattisgarh,Urban,UPS (I-VIII),Madarsa recognized (by Wakf board/Madarsa Board),Co-Ed,16,15,10,15,0,15,15,1,9,7,13,16,16,8,6,16,2,6,1,5,7,14
Chhattisgarh,Rural,UPS (VI-VIII),Madarsa recognized (by Wakf board/Madarsa Board),Co-Ed,21,11,10,18,1,19,20,2,5,5,10,21,20,4,5,20,4,5,2,13,2,8
Chhattisgarh,Urban,UPS (VI-VIII),Madarsa recognized (by Wakf board/Madarsa Board),Boys,1,1,0,1,0,1,0,0,1,0,0,1,1,1,0,1,0,0,0,0,0,1
Chhattisgarh,Urban,UPS (VI-VIII),Madarsa recognized (by Wakf board/Madarsa Board),Girls,2,2,0,2,0,1,1,0,1,0,0,2,2,0,0,2,0,1,0,0,0,1
Chhattisgarh,Urban,UPS (VI-VIII),Madarsa recognized (by Wakf board/Madarsa Board),Co-Ed,49,23,17,48,1,38,35,1,27,5,21,49,47,16,8,49,2,16,8,15,6,27
Chhattisgarh,Rural,PS (I-V),Madarsa unrecognized,Boys,1,1,1,1,0,1,1,0,0,1,0,1,1,0,1,1,0,1,1,1,1,0
Chhattisgarh,Rural,PS (I-V),Madarsa unrecognized,Co-Ed,3,1,2,3,0,1,3,0,2,2,0,3,3,0,1,3,0,1,1,2,1,1
Chhattisgarh,Urban,PS (I-V),Madarsa unrecognized,Boys,1,1,0,1,0,1,1,0,0,1,0,1,1,0,0,1,0,0,0,0,0,1
Chhattisgarh,Urban,PS (I-V),Madarsa unrecognized,Girls,1,1,0,1,0,1,1,0,1,1,0,1,1,1,1,1,0,1,0,0,0,1
Chhattisgarh,Urban,PS (I-V),Madarsa unrecognized,Co-Ed,13,8,9,13,1,13,10,1,8,5,6,13,13,8,5,13,0,5,3,2,5,7
Chhattisgarh,Rural,UPS (I-VIII),Madarsa unrecognized,Co-Ed,3,3,3,3,0,3,3,0,1,1,1,3,3,0,0,3,2,1,1,1,0,1
Chhattisgarh,Urban,UPS (I-VIII),Madarsa unrecognized,Co-Ed,1,1,1,1,0,0,1,0,0,0,0,1,1,0,0,1,0,1,0,0,0,0
Chhattisgarh,Rural,UPS (VI-VIII),Madarsa unrecognized,Co-Ed,1,0,1,1,0,1,1,1,0,0,0,1,1,0,0,1,0,1,1,1,0,1
Chhattisgarh,Urban,UPS (VI-VIII),Madarsa unrecognized,Co-Ed,6,4,4,6,0,6,6,0,4,3,3,6,6,2,2,6,0,3,2,1,2,3
Chhattisgarh,Rural,HSS (I-XII),Other Govt. managed schools,Co-Ed,1,1,1,1,1,1,1,0,1,1,1,1,1,1,1,1,0,1,0,0,1,1
Chhattisgarh,Urban,HSS (I-XII),Other Govt. managed schools,Co-Ed,1,1,1,1,0,1,1,1,1,1,1,1,1,1,1,1,1,1,1,0,1,1
Chhattisgarh,Urban,HSS (VI-XII),Other Govt. managed schools,Boys,1,0,0,1,0,1,1,0,1,0,1,1,1,0,0,1,0,1,1,0,0,1
Chhattisgarh,Rural,UPS (I-VIII),Other Govt. managed schools,Co-Ed,1,1,1,1,1,1,1,0,1,1,0,1,1,1,0,1,0,0,0,1,1,1
Chhattisgarh,Urban,UPS (I-VIII),Other Govt. managed schools,Co-Ed,1,1,0,1,0,0,1,0,0,1,0,1,1,0,0,1,0,0,0,0,0,0
Chhattisgarh,Rural,HSS (I-XII),Private Unaided (Recognized),Boys,1,1,1,1,1,1,1,0,1,1,1,1,1,1,0,1,0,1,0,1,1,1
Chhattisgarh,Rural,HSS (I-XII),Private Unaided (Recognized),Co-Ed,516,495,483,514,46,510,506,273,481,210,469,515,506,316,265,515,143,305,190,205,395,491
Chhattisgarh,Urban,HSS (I-XII),Private Unaided (Recognized),Girls,4,4,3,4,1,4,4,2,4,1,4,4,4,4,3,4,0,1,1,2,3,4
Chhattisgarh,Urban,HSS (I-XII),Private Unaided (Recognized),Co-Ed,876,863,723,874,53,872,863,478,841,313,849,876,866,656,458,876,168,460,227,259,749,854
Chhattisgarh,Rural,HSS (IX-XII),Private Unaided (Recognized),Co-Ed,74,68,66,72,5,72,71,23,69,18,65,74,73,31,33,73,14,41,19,34,38,65
Chhattisgarh,Urban,HSS (IX-XII),Private Unaided (Recognized),Girls,3,3,2,3,0,3,3,2,2,1,3,3,3,0,0,3,1,2,1,2,2,3
Chhattisgarh,Urban,HSS (IX-XII),Private Unaided (Recognized),Co-Ed,45,43,35,45,2,45,43,22,39,18,43,45,43,31,27,45,12,30,16,11,30,41
Chhattisgarh,Rural,HSS (VI-XII),Private Unaided (Recognized),Girls,1,1,1,1,0,1,1,0,1,1,1,1,1,0,1,1,0,1,0,1,1,1
Chhattisgarh,Rural,HSS (VI-XII),Private Unaided (Recognized),Co-Ed,26,26,24,26,3,26,25,7,23,11,21,26,26,7,9,26,5,15,8,11,13,23
Chhattisgarh,Urban,HSS (VI-XII),Private Unaided (Recognized),Boys,3,3,2,3,0,3,3,2,3,1,3,3,3,2,0,3,0,0,0,0,0,3
Chhattisgarh,Urban,HSS (VI-XII),Private Unaided (Recognized),Girls,2,2,1,2,0,2,2,0,2,0,2,2,2,2,0,2,0,0,0,1,0,2
Chhattisgarh,Urban,HSS (VI-XII),Private Unaided (Recognized),Co-Ed,21,20,16,21,2,21,19,10,19,7,21,21,20,12,10,21,6,13,9,7,17,21
Chhattisgarh,Rural,HSS (XI-XII),Private Unaided (Recognized),Co-Ed,1,1,1,1,0,1,1,0,1,0,1,1,1,0,0,1,0,1,0,1,0,1
Chhattisgarh,Urban,HSS (XI-XII),Private Unaided (Recognized),Girls,1,1,1,1,0,1,1,0,1,1,1,1,1,1,1,1,0,1,0,1,1,1
Chhattisgarh,Rural,PS (I-V),Private Unaided (Recognized),Boys,1,0,1,1,1,1,1,0,0,0,0,1,1,0,0,1,0,0,0,1,1,0
Chhattisgarh,Rural,PS (I-V),Private Unaided (Recognized),Co-Ed,1214,969,953,1134,78,1149,997,159,729,255,489,1209,1177,320,325,1206,0,647,387,471,446,556
Chhattisgarh,Urban,PS (I-V),Private Unaided (Recognized),Girls,2,1,2,2,0,2,1,0,1,1,2,2,2,2,0,2,0,0,0,0,1,1
Chhattisgarh,Urban,PS (I-V),Private Unaided (Recognized),Co-Ed,435,414,309,434,24,421,382,78,351,139,364,434,427,250,154,433,0,213,119,95,289,361
Chhattisgarh,Rural,SS (I-X),Private Unaided (Recognized),Boys,2,2,2,2,0,2,2,1,1,2,1,2,2,1,0,2,0,1,1,0,2,2
Chhattisgarh,Rural,SS (I-X),Private Unaided (Recognized),Co-Ed,360,345,336,360,25,356,355,160,325,112,323,358,349,177,153,360,88,225,139,140,235,330
Chhattisgarh,Urban,SS (I-X),Private Unaided (Recognized),Co-Ed,386,374,284,385,9,376,373,143,354,100,366,385,376,262,179,383,69,168,75,108,276,362
Chhattisgarh,Rural,SS (IX-X),Private Unaided (Recognized),Girls,1,1,1,0,0,1,1,0,1,1,1,1,1,0,0,1,0,0,0,1,0,0
Chhattisgarh,Rural,SS (IX-X),Private Unaided (Recognized),Co-Ed,14,12,9,14,0,13,14,4,11,2,11,14,13,3,5,14,1,8,3,9,2,9
Chhattisgarh,Urban,SS (IX-X),Private Unaided (Recognized),Boys,1,1,1,1,0,1,1,1,1,0,1,1,1,1,1,1,0,1,0,0,1,1
Chhattisgarh,Urban,SS (IX-X),Private Unaided (Recognized),Co-Ed,12,12,5,12,1,12,11,3,12,2,12,12,12,4,5,12,2,6,1,7,5,9
Chhattisgarh,Rural,SS (VI-X),Private Unaided (Recognized),Co-Ed,7,7,6,7,0,7,7,4,6,3,6,7,6,5,4,7,1,4,2,4,4,6
Chhattisgarh,Urban,SS (VI-X),Private Unaided (Recognized),Girls,1,1,1,1,0,1,1,0,1,0,1,1,1,0,1,1,1,0,0,0,1,1
Chhattisgarh,Urban,SS (VI-X),Private Unaided (Recognized),Co-Ed,4,4,3,4,1,4,3,0,4,1,4,4,4,2,2,4,0,3,2,2,4,4
Chhattisgarh,Rural,UPS (I-VIII),Private Unaided (Recognized),Boys,1,1,1,1,1,1,1,0,0,1,0,1,1,1,0,1,0,0,0,0,0,1
Chhattisgarh,Rural,UPS (I-VIII),Private Unaided (Recognized),Girls,1,1,0,1,0,1,1,0,0,1,0,1,0,1,0,1,0,0,0,0,1,0
Chhattisgarh,Rural,UPS (I-VIII),Private Unaided (Recognized),Co-Ed,1889,1670,1606,1853,111,1815,1721,361,1420,482,1102,1885,1840,677,742,1871,433,989,620,708,888,1272
Chhattisgarh,Urban,UPS (I-VIII),Private Unaided (Recognized),Boys,2,2,1,2,0,2,2,1,1,0,2,2,2,2,0,2,0,1,0,1,1,2
Chhattisgarh,Urban,UPS (I-VIII),Private Unaided (Recognized),Girls,2,2,2,2,1,2,2,0,2,1,2,2,2,2,0,2,0,1,1,2,2,2
Chhattisgarh,Urban,UPS (I-VIII),Private Unaided (Recognized),Co-Ed,1066,1025,761,1061,38,1028,980,217,924,316,895,1066,1047,574,408,1063,186,492,204,288,624,925
Chhattisgarh,Rural,UPS (VI-VIII),Private Unaided (Recognized),Boys,2,2,2,2,0,2,2,0,2,1,2,2,2,1,2,2,0,2,2,1,1,2
Chhattisgarh,Rural,UPS (VI-VIII),Private Unaided (Recognized),Girls,1,1,0,1,0,0,1,0,0,0,0,1,1,0,0,1,0,0,0,0,0,0
Chhattisgarh,Rural,UPS (VI-VIII),Private Unaided (Recognized),Co-Ed,64,60,55,60,3,60,62,10,41,21,42,64,59,24,24,64,12,37,15,42,23,34
Chhattisgarh,Urban,UPS (VI-VIII),Private Unaided (Recognized),Girls,1,1,1,1,0,1,1,0,1,1,1,1,1,1,1,1,0,1,0,1,1,1
Chhattisgarh,Urban,UPS (VI-VIII),Private Unaided (Recognized),Co-Ed,20,18,14,20,0,20,19,4,15,6,14,20,20,10,7,20,1,12,7,4,8,18
Chhattisgarh,Urban,HSS (I-XII),Railway School,Co-Ed,3,3,3,3,1,3,3,2,3,3,3,3,3,3,1,3,1,2,1,1,3,3
Chhattisgarh,Urban,SS (I-X),Railway School,Co-Ed,1,1,1,1,0,1,1,0,1,1,1,1,1,1,0,1,0,1,0,1,1,1
Chhattisgarh,Rural,HSS (I-XII),Sainik School,Boys,1,1,0,1,0,1,1,1,1,0,1,1,1,1,1,1,1,0,0,0,1,1
Chhattisgarh,Urban,HSS (IX-XII),Social welfare Department,Co-Ed,2,2,2,2,0,2,2,1,2,1,2,2,2,2,1,2,1,2,2,0,2,2
Chhattisgarh,Rural,PS (I-V),Social welfare Department,Co-Ed,5,4,3,5,0,3,5,0,4,4,4,5,5,5,1,5,0,5,4,2,1,5
Chhattisgarh,Urban,PS (I-V),Social welfare Department,Boys,1,1,0,1,0,1,1,0,0,0,1,1,1,0,0,1,0,1,1,0,1,1
Chhattisgarh,Urban,PS (I-V),Social welfare Department,Girls,1,1,1,1,0,1,1,0,1,1,1,1,1,1,1,1,0,1,1,0,1,1
Chhattisgarh,Urban,PS (I-V),Social welfare Department,Co-Ed,2,2,0,2,0,2,2,0,0,1,2,2,2,2,1,2,0,2,2,1,2,2
Chhattisgarh,Rural,SS (I-X),Social welfare Department,Co-Ed,1,1,1,1,0,1,1,0,1,0,1,1,1,1,1,1,0,1,1,1,1,1
Chhattisgarh,Urban,SS (I-X),Social welfare Department,Girls,1,1,1,1,0,1,0,0,0,0,1,1,1,1,0,1,0,1,1,1,1,1
Chhattisgarh,Urban,UPS (I-VIII),Social welfare Department,Co-Ed,3,3,3,3,1,3,3,1,3,1,3,3,3,3,2,3,2,3,3,0,1,3
Chhattisgarh,Rural,HSS (IX-XII),Tribal Welfare Department,Boys,1,1,1,1,0,1,1,0,1,1,1,1,1,0,0,1,0,1,0,1,1,1
Chhattisgarh,Rural,HSS (IX-XII),Tribal Welfare Department,Girls,1,1,1,1,0,1,1,0,1,1,1,1,1,1,1,1,0,1,1,0,1,1
Chhattisgarh,Rural,HSS (IX-XII),Tribal Welfare Department,Co-Ed,2,2,0,2,0,1,2,0,2,2,2,2,2,1,1,2,0,2,1,2,2,2
Chhattisgarh,Urban,HSS (IX-XII),Tribal Welfare Department,Co-Ed,1,1,1,1,1,1,1,0,1,0,1,1,1,1,0,1,0,0,0,0,1,1
Chhattisgarh,Rural,HSS (VI-XII),Tribal Welfare Department,Boys,4,4,4,4,3,4,4,0,3,3,4,4,4,2,1,4,0,4,3,2,3,4
Chhattisgarh,Rural,HSS (VI-XII),Tribal Welfare Department,Girls,2,2,1,2,0,1,2,1,2,1,2,2,2,1,0,2,1,1,1,2,1,2
Chhattisgarh,Rural,HSS (VI-XII),Tribal Welfare Department,Co-Ed,20,18,14,18,4,16,16,3,14,13,19,20,20,8,8,19,6,15,8,15,17,17
Chhattisgarh,Urban,HSS (VI-XII),Tribal Welfare Department,Girls,1,1,1,1,0,1,1,0,0,1,1,1,1,1,1,1,1,1,1,1,1,1
Chhattisgarh,Urban,HSS (VI-XII),Tribal Welfare Department,Co-Ed,7,6,6,7,2,7,7,1,7,6,7,7,7,4,5,7,4,6,2,6,6,6
Chhattisgarh,Rural,PS (I-V),Tribal Welfare Department,Girls,2,2,1,2,0,2,2,0,1,2,0,2,2,0,1,2,0,1,0,1,0,0
Chhattisgarh,Rural,SS (I-X),Tribal Welfare Department,Co-Ed,1,1,1,1,0,1,1,0,0,1,1,1,1,0,0,1,0,1,0,1,0,1
Chhattisgarh,Rural,SS (VI-X),Tribal Welfare Department,Co-Ed,1,1,1,1,0,0,1,0,0,1,1,1,1,1,0,1,0,0,0,0,0,0
Chhattisgarh,Urban,SS (VI-X),Tribal Welfare Department,Boys,1,0,1,1,0,0,1,0,0,0,1,1,1,0,0,1,0,0,0,1,1,1
Chhattisgarh,Urban,SS (VI-X),Tribal Welfare Department,Co-Ed,1,1,0,1,0,0,1,0,0,0,1,1,1,0,0,1,0,1,1,1,1,0
Chhattisgarh,Rural,UPS (I-VIII),Tribal Welfare Department,Boys,1,1,1,1,1,1,1,0,1,1,1,1,1,1,0,1,0,1,1,0,1,1
Chhattisgarh,Rural,UPS (VI-VIII),Tribal Welfare Department,Boys,1,1,1,1,0,1,1,0,1,1,1,1,1,1,0,1,0,1,0,1,1,1
Chhattisgarh,Rural,UPS (VI-VIII),Tribal Welfare Department,Girls,5,4,4,4,3,4,3,1,4,4,4,5,4,3,2,5,1,3,2,4,4,2
Chhattisgarh,Rural,UPS (VI-VIII),Tribal Welfare Department,Co-Ed,23,17,14,22,6,19,19,0,11,14,21,23,23,8,6,22,13,16,15,14,13,13
Chhattisgarh,Urban,UPS (VI-VIII),Tribal Welfare Department,Co-Ed,4,4,3,4,0,3,4,0,2,1,4,4,4,1,1,4,2,3,2,2,4,3
Dadra & Nagar Haveli and Daman & Diu,Rural,HSS (IX-XII),Department of Education,Boys,1,1,1,1,1,1,1,0,1,0,1,1,1,1,1,1,0,1,1,1,1,1
Dadra & Nagar Haveli and Daman & Diu,Rural,HSS (IX-XII),Department of Education,Girls,1,1,1,1,1,1,1,0,1,1,1,1,1,0,1,1,1,1,1,1,1,1
Dadra & Nagar Haveli and Daman & Diu,Rural,HSS (IX-XII),Department of Education,Co-Ed,16,14,12,16,5,16,16,1,16,2,16,16,16,14,13,16,11,15,14,12,16,16
Dadra & Nagar Haveli and Daman & Diu,Urban,HSS (IX-XII),Department of Education,Girls,1,1,1,1,1,1,1,0,1,0,1,1,1,1,1,1,1,1,1,1,1,1
Dadra & Nagar Haveli and Daman & Diu,Urban,HSS (IX-XII),Department of Education,Co-Ed,5,5,1,5,1,5,5,1,5,2,5,5,5,5,1,5,4,5,4,3,5,5
Dadra & Nagar Haveli and Daman & Diu,Rural,HSS (XI-XII),Department of Education,Co-Ed,1,1,0,1,1,1,1,0,0,0,1,1,1,1,1,1,0,1,1,0,1,1
Dadra & Nagar Haveli and Daman & Diu,Urban,HSS (XI-XII),Department of Education,Co-Ed,2,2,1,2,1,1,2,0,2,0,2,2,2,2,1,2,0,2,1,1,2,2
Dadra & Nagar Haveli and Daman & Diu,Rural,PS (I-V),Department of Education,Co-Ed,156,6,46,156,7,156,154,0,10,153,156,156,156,31,150,156,0,156,154,144,54,111
Dadra & Nagar Haveli and Daman & Diu,Urban,PS (I-V),Department of Education,Co-Ed,11,3,4,11,2,11,11,0,2,10,11,11,11,5,8,11,0,11,11,9,5,11
Dadra & Nagar Haveli and Daman & Diu,Rural,SS (IX-X),Department of Education,Co-Ed,19,10,7,19,7,19,19,0,18,10,19,19,19,15,11,19,14,19,19,10,19,19
Dadra & Nagar Haveli and Daman & Diu,Urban,SS (IX-X),Department of Education,Boys,1,1,0,1,1,1,1,0,1,0,1,1,1,1,0,1,1,1,1,1,1,1
Dadra & Nagar Haveli and Daman & Diu,Urban,SS (IX-X),Department of Education,Girls,1,1,0,1,1,1,1,0,1,0,1,1,1,1,0,1,1,1,1,1,1,1
Dadra & Nagar Haveli and Daman & Diu,Urban,SS (IX-X),Department of Education,Co-Ed,4,4,2,4,0,4,4,0,4,0,4,4,4,4,1,4,2,4,3,3,4,4
Dadra & Nagar Haveli and Daman & Diu,Rural,UPS (I-VIII),Department of Education,Co-Ed,144,78,64,144,27,144,144,0,47,141,144,144,144,69,130,144,119,143,141,118,58,142
Dadra & Nagar Haveli and Daman & Diu,Urban,UPS (I-VIII),Department of Education,Co-Ed,14,12,3,14,3,14,14,1,5,11,14,14,14,8,9,14,8,14,12,12,14,14
Dadra & Nagar Haveli and Daman & Diu,Rural,UPS (VI-VIII),Department of Education,Girls,1,1,1,1,0,1,1,0,0,1,1,1,1,1,0,1,1,1,1,1,1,1
Dadra & Nagar Haveli and Daman & Diu,Rural,UPS (VI-VIII),Department of Education,Co-Ed,2,1,2,2,1,2,2,0,2,1,2,2,2,1,1,2,1,2,2,1,2,2
Dadra & Nagar Haveli and Daman & Diu,Urban,UPS (VI-VIII),Department of Education,Co-Ed,2,2,1,2,2,2,2,0,0,2,2,2,2,1,0,2,0,2,2,1,2,2
Dadra & Nagar Haveli and Daman & Diu,Urban,HSS (I-XII),Government Aided,Co-Ed,1,1,0,1,0,1,1,1,1,0,1,1,1,1,1,1,1,1,1,0,1,1
Dadra & Nagar Haveli and Daman & Diu,Urban,HSS (VI-XII),Government Aided,Co-Ed,2,2,2,2,0,2,2,1,2,1,2,2,2,2,2,2,1,2,1,0,2,2
Dadra & Nagar Haveli and Daman & Diu,Rural,SS (I-X),Government Aided,Co-Ed,4,4,3,4,0,4,4,1,4,4,4,4,4,4,1,4,3,4,2,3,4,4
Dadra & Nagar Haveli and Daman & Diu,Urban,SS (I-X),Government Aided,Co-Ed,1,1,0,1,0,1,1,0,1,0,1,1,1,1,0,1,1,1,0,1,1,1
Dadra & Nagar Haveli and Daman & Diu,Rural,HSS (VI-XII),Jawahar Navodaya Vidyalaya,Co-Ed,3,3,3,3,1,3,3,3,3,1,3,3,3,3,0,3,3,3,2,2,3,3
Dadra & Nagar Haveli and Daman & Diu,Urban,HSS (I-XII),Kendriya Vidyalaya / Central School,Co-Ed,2,2,0,2,0,2,2,1,2,0,2,2,2,2,0,2,0,2,2,1,2,2
Dadra & Nagar Haveli and Daman & Diu,Urban,SS (I-X),Local body,Co-Ed,1,1,1,1,1,1,1,0,1,1,1,1,1,1,0,1,1,1,1,0,1,1
Dadra & Nagar Haveli and Daman & Diu,Rural,HSS (I-XII),Madarsa recognized (by Wakf board/Madarsa Board),Boys,1,1,1,1,0,1,1,1,1,0,0,1,1,1,0,1,0,1,1,0,1,1
Dadra & Nagar Haveli and Daman & Diu,Rural,HSS (I-XII),Private Unaided (Recognized),Co-Ed,13,13,9,13,0,13,13,8,12,5,13,13,13,13,6,13,4,8,5,3,13,13
Dadra & Nagar Haveli and Daman & Diu,Urban,HSS (I-XII),Private Unaided (Recognized),Co-Ed,5,5,3,5,0,5,5,4,5,0,5,5,5,5,3,5,2,5,4,2,5,5
Dadra & Nagar Haveli and Daman & Diu,Rural,PS (I-V),Private Unaided (Recognized),Co-Ed,12,8,9,12,0,12,9,1,4,5,12,12,12,5,1,12,0,4,2,8,10,9
Dadra & Nagar Haveli and Daman & Diu,Urban,PS (I-V),Private Unaided (Recognized),Co-Ed,5,5,3,5,0,5,4,3,5,1,5,5,5,5,1,5,0,2,2,0,5,5
Dadra & Nagar Haveli and Daman & Diu,Rural,SS (I-X),Private Unaided (Recognized),Co-Ed,11,11,9,11,0,11,11,6,11,5,11,11,11,11,5,11,5,7,6,0,11,11
Dadra & Nagar Haveli and Daman & Diu,Urban,SS (I-X),Private Unaided (Recognized),Co-Ed,3,3,2,3,0,3,3,1,3,1,3,3,3,3,2,3,0,2,2,0,3,3
Dadra & Nagar Haveli and Daman & Diu,Rural,UPS (I-VIII),Private Unaided (Recognized),Co-Ed,8,8,7,8,0,8,8,5,8,3,8,8,8,7,3,8,2,3,1,2,8,8
Dadra & Nagar Haveli and Daman & Diu,Urban,UPS (I-VIII),Private Unaided (Recognized),Co-Ed,6,6,2,6,0,6,6,0,5,0,6,6,6,6,2,6,0,1,1,1,6,6
Delhi,Rural,HSS (I-XII),Department of Education,Co-Ed,13,12,11,13,3,13,13,13,13,5,13,13,13,13,13,13,9,13,13,1,13,13
Delhi,Urban,HSS (I-XII),Department of Education,Boys,101,96,38,101,45,100,101,92,99,28,98,101,101,99,100,101,0,101,101,35,101,101
Delhi,Urban,HSS (I-XII),Department of Education,Girls,90,86,37,90,42,89,90,84,84,39,88,90,90,89,88,90,61,90,90,15,90,90
Delhi,Urban,HSS (I-XII),Department of Education,Co-Ed,241,230,95,241,115,241,241,207,224,103,246,241,241,239,231,241,169,241,241,72,241,241
Delhi,Urban,HSS (IX-XII),Department of Education,Girls,1,1,0,1,0,1,1,1,1,1,1,1,1,1,1,1,0,1,1,0,1,1
Delhi,Urban,HSS (IX-XII),Department of Education,Co-Ed,20,18,8,20,14,20,20,11,14,13,19,20,20,19,19,20,20,20,20,7,20,20
Delhi,Rural,HSS (VI-XII),Department of Education,Boys,8,7,4,8,0,8,8,8,8,2,8,8,8,7,8,8,0,8,8,4,8,8
Delhi,Rural,HSS (VI-XII),Department of Education,Girls,5,5,1,5,0,5,5,4,5,1,5,5,5,5,5,5,3,5,5,0,5,5
Delhi,Rural,HSS (VI-XII),Department of Education,Co-Ed,13,12,10,13,7,13,13,13,12,4,13,13,13,13,13,13,10,13,13,8,13,13
Delhi,Urban,HSS (VI-XII),Department of Education,Boys,231,217,96,231,77,227,231,197,219,60,231,231,231,228,220,231,1,231,231,82,231,231
Delhi,Urban,HSS (VI-XII),Department of Education,Girls,161,150,39,161,40,157,161,141,152,65,161,161,161,160,148,161,115,161,161,39,161,161
Delhi,Urban,HSS (VI-XII),Department of Education,Co-Ed,64,62,28,64,30,64,64,59,62,26,64,64,64,64,61,64,44,64,64,16,64,64
Delhi,Rural,SS (I-X),Department of Education,Co-Ed,1,0,1,1,0,1,1,1,1,1,1,1,1,1,1,1,1,1,1,0,1,1
Delhi,Urban,SS (I-X),Department of Education,Boys,3,2,1,3,0,3,3,2,3,0,3,3,3,3,3,3,0,3,3,1,3,3
Delhi,Urban,SS (I-X),Department of Education,Girls,1,1,0,1,0,1,1,0,1,1,1,1,1,1,1,1,1,1,1,0,1,1
Delhi,Urban,SS (I-X),Department of Education,Co-Ed,3,3,0,3,2,3,3,3,3,1,3,3,3,3,3,3,1,3,3,1,3,3
Delhi,Rural,SS (VI-X),Department of Education,Boys,1,1,1,1,0,1,1,1,1,1,1,1,1,1,1,1,0,1,1,0,1,1
Delhi,Rural,SS (VI-X),Department of Education,Co-Ed,1,0,1,1,0,1,1,1,0,0,1,1,1,0,1,1,1,1,1,0,1,1
Delhi,Urban,SS (VI-X),Department of Education,Boys,29,26,6,29,6,29,29,27,28,9,29,29,29,29,27,29,0,29,29,6,29,29
Delhi,Urban,SS (VI-X),Department of Education,Girls,28,22,4,28,3,26,28,23,25,8,28,28,28,24,24,28,18,28,28,5,28,28
Delhi,Urban,SS (VI-X),Department of Education,Co-Ed,17,17,2,17,2,16,17,16,16,6,17,17,17,17,17,17,11,17,17,8,17,17
Delhi,Urban,UPS (I-VIII),Department of Education,Co-Ed,2,1,0,2,0,2,2,1,1,1,2,2,2,2,0,2,2,2,2,1,2,2
Delhi,Rural,UPS (VI-VIII),Department of Education,Co-Ed,1,1,0,1,0,1,1,1,1,0,1,1,1,1,1,1,1,1,1,0,1,1
Delhi,Urban,UPS (VI-VIII),Department of Education,Boys,4,3,1,4,0,3,4,4,4,1,4,4,4,4,3,4,0,4,4,2,4,4
Delhi,Urban,UPS (VI-VIII),Department of Education,Girls,3,3,1,3,1,3,3,3,3,2,3,3,3,3,3,3,3,3,3,2,3,3
Delhi,Urban,UPS (VI-VIII),Department of Education,Co-Ed,5,5,1,5,2,5,5,5,5,0,5,5,5,5,3,5,1,5,5,0,5,5
Delhi,Urban,HSS (I-XII),Government Aided,Boys,13,11,2,13,4,13,13,8,11,2,13,13,13,13,9,13,0,13,13,5,13,13
Delhi,Urban,HSS (I-XII),Government Aided,Girls,28,27,10,28,5,23,28,19,21,9,28,28,28,27,22,28,12,28,28,9,28,28
Delhi,Urban,HSS (I-XII),Government Aided,Co-Ed,49,47,18,49,14,48,49,36,42,19,49,49,49,48,43,49,27,49,49,13,49,49
Delhi,Urban,HSS (IX-XII),Government Aided,Boys,1,1,1,1,0,1,1,1,1,0,1,1,1,1,0,1,0,1,1,0,1,1
Delhi,Rural,HSS (VI-XII),Government Aided,Co-Ed,1,1,1,1,0,1,1,0,1,1,1,1,1,1,1,1,0,1,1,0,1,1
Delhi,Urban,HSS (VI-XII),Government Aided,Boys,38,37,15,38,8,37,38,28,30,5,38,38,38,33,33,38,2,38,38,18,38,38
Delhi,Urban,HSS (VI-XII),Government Aided,Girls,20,18,1,20,3,19,20,16,19,3,20,20,20,20,16,20,11,20,20,4,20,20
Delhi,Urban,HSS (VI-XII),Government Aided,Co-Ed,5,5,2,5,1,5,5,2,4,2,5,5,5,5,5,5,5,5,5,2,5,5
Delhi,Urban,PS (I-V),Government Aided,Boys,5,4,0,5,0,3,5,0,2,0,5,5,5,5,1,5,0,5,5,0,5,5
Delhi,Urban,PS (I-V),Government Aided,Girls,4,4,0,4,1,3,4,0,0,0,4,4,4,4,3,4,1,4,4,0,4,4
Delhi,Urban,PS (I-V),Government Aided,Co-Ed,36,33,8,36,4,31,36,1,8,7,36,36,36,27,17,36,8,36,36,6,36,36
Delhi,Urban,SS (I-X),Government Aided,Boys,2,2,0,2,0,2,2,0,2,0,2,2,2,2,2,2,0,2,2,0,2,2
Delhi,Urban,SS (I-X),Government Aided,Girls,1,1,1,1,0,1,1,1,1,1,1,1,1,1,1,1,1,1,1,1,1,1
Delhi,Urban,SS (I-X),Government Aided,Co-Ed,7,6,1,7,1,6,7,5,5,3,6,7,7,7,6,7,7,7,7,4,7,7
Delhi,Urban,SS (VI-X),Government Aided,Boys,6,4,2,6,1,5,6,5,6,0,6,6,6,4,5,6,0,6,6,0,6,6
Delhi,Urban,SS (VI-X),Government Aided,Co-Ed,9,7,3,9,1,8,9,7,7,2,9,9,9,7,7,9,2,9,9,1,9,9
Delhi,Urban,UPS (I-VIII),Government Aided,Boys,3,3,1,3,1,3,3,0,2,1,3,3,3,3,1,3,0,3,3,1,3,3
Delhi,Urban,UPS (I-VIII),Government Aided,Girls,1,1,0,1,0,1,1,0,1,0,1,1,1,1,0,1,0,1,1,0,1,1
Delhi,Urban,UPS (I-VIII),Government Aided,Co-Ed,7,7,4,7,1,6,7,1,2,1,7,7,7,5,5,7,3,7,7,0,7,7
Delhi,Urban,UPS (VI-VIII),Government Aided,Boys,2,2,1,2,0,2,2,0,1,0,2,2,2,2,1,2,0,2,2,1,2,2
Delhi,Urban,UPS (VI-VIII),Government Aided,Girls,3,3,2,3,0,3,3,0,2,2,3,3,3,3,2,3,0,3,3,0,3,3
Delhi,Urban,UPS (VI-VIII),Government Aided,Co-Ed,6,6,2,6,0,6,6,0,2,1,6,6,6,5,3,6,1,6,6,1,6,6
Delhi,Urban,HSS (VI-XII),Jawahar Navodaya Vidyalaya,Co-Ed,2,2,2,2,2,2,2,2,2,2,2,2,2,2,2,2,1,2,2,2,2,2
Delhi,Urban,HSS (I-XII),Kendriya Vidyalaya / Central School,Co-Ed,43,43,27,43,24,43,43,43,43,23,43,43,43,43,37,43,25,43,43,5,43,43
Delhi,Urban,SS (I-X),Kendriya Vidyalaya / Central School,Co-Ed,3,3,1,3,1,3,3,3,2,1,3,3,3,3,2,3,0,3,3,0,3,3
Delhi,Urban,HSS (I-XII),Local body,Boys,1,1,0,1,1,1,1,1,1,0,1,1,1,1,1,1,0,1,1,1,1,1
Delhi,Urban,HSS (I-XII),Local body,Girls,2,2,1,2,1,2,2,2,2,0,2,2,2,1,2,2,1,2,2,1,2,2
Delhi,Urban,HSS (I-XII),Local body,Co-Ed,23,23,4,23,17,23,23,13,18,10,23,23,23,19,22,23,13,23,23,10,23,23
Delhi,Rural,PS (I-V),Local body,Boys,15,15,11,15,6,15,15,2,2,6,15,15,15,11,14,15,0,15,15,7,15,15
Delhi,Rural,PS (I-V),Local body,Girls,17,15,7,17,8,17,17,1,0,6,17,17,17,14,15,17,5,17,17,3,17,17
Delhi,Rural,PS (I-V),Local body,Co-Ed,66,55,50,66,22,65,66,2,1,30,66,66,66,61,59,66,13,66,66,21,66,66
Delhi,Urban,PS (I-V),Local body,Boys,455,435,209,455,214,421,455,16,13,141,459,455,455,314,405,455,1,455,455,115,455,455
Delhi,Urban,PS (I-V),Local body,Girls,454,437,194,454,213,422,454,10,15,184,471,454,454,329,381,454,85,454,454,80,454,454
Delhi,Urban,PS (I-V),Local body,Co-Ed,618,600,258,618,280,562,618,34,31,263,597,618,618,529,514,618,94,618,618,122,618,618
Delhi,Urban,SS (I-X),Local body,Girls,1,1,0,1,0,1,1,0,0,0,1,1,1,0,0,1,0,1,1,0,1,1
Delhi,Urban,SS (I-X),Local body,Co-Ed,8,7,2,8,7,8,8,6,5,1,8,8,8,4,7,8,5,8,8,3,8,8
Delhi,Urban,UPS (I-VIII),Local body,Co-Ed,1,1,0,1,1,1,1,0,0,0,1,1,1,1,1,1,1,1,1,0,1,1
Delhi,Rural,HSS (I-XII),Private Unaided (Recognized),Co-Ed,24,24,19,24,11,24,24,24,24,8,24,24,24,24,23,24,15,24,24,5,24,24
Delhi,Urban,HSS (I-XII),Private Unaided (Recognized),Boys,2,2,0,2,2,2,2,2,2,1,2,2,2,2,2,2,0,2,2,0,2,2
Delhi,Urban,HSS (I-XII),Private Unaided (Recognized),Girls,19,19,4,19,11,19,19,18,19,10,19,19,19,19,19,19,9,19,19,2,19,19
Delhi,Urban,HSS (I-XII),Private Unaided (Recognized),Co-Ed,611,607,263,611,247,609,611,591,601,326,611,611,611,607,601,611,278,611,611,90,611,611
Delhi,Urban,HSS (IX-XII),Private Unaided (Recognized),Girls,1,1,1,1,1,1,1,1,1,0,1,1,1,1,0,1,1,1,1,0,1,1
Delhi,Urban,HSS (IX-XII),Private Unaided (Recognized),Co-Ed,1,1,1,1,1,1,1,1,1,0,1,1,1,1,1,1,0,1,1,0,1,1
Delhi,Urban,HSS (VI-XII),Private Unaided (Recognized),Co-Ed,7,7,2,7,5,7,7,7,7,5,7,7,7,7,7,7,0,7,7,1,7,7
Delhi,Rural,PS (I-V),Private Unaided (Recognized),Boys,1,1,0,1,0,1,1,0,1,0,0,1,1,1,1,1,1,1,1,1,1,1
Delhi,Rural,PS (I-V),Private Unaided (Recognized),Co-Ed,17,17,12,17,0,17,17,5,14,7,17,17,17,15,15,17,8,17,17,2,17,16
Delhi,Urban,PS (I-V),Private Unaided (Recognized),Boys,1,1,0,1,0,0,1,0,0,0,0,1,1,1,1,1,0,1,1,1,1,1
Delhi,Urban,PS (I-V),Private Unaided (Recognized),Girls,1,1,0,1,1,1,1,0,0,0,0,1,1,1,0,1,0,1,1,0,1,1
Delhi,Urban,PS (I-V),Private Unaided (Recognized),Co-Ed,903,886,262,903,68,876,903,128,620,176,905,903,903,816,755,903,331,903,903,89,903,904
Delhi,Rural,SS (I-X),Private Unaided (Recognized),Co-Ed,11,11,10,11,3,11,11,11,11,4,11,11,11,11,11,11,10,11,11,0,11,11
Delhi,Urban,SS (I-X),Private Unaided (Recognized),Boys,1,1,1,1,0,1,1,1,1,0,1,1,1,1,1,1,0,1,1,0,1,1
Delhi,Urban,SS (I-X),Private Unaided (Recognized),Girls,2,2,0,2,0,2,2,2,2,0,2,2,2,2,2,2,0,2,2,0,2,2
Delhi,Urban,SS (I-X),Private Unaided (Recognized),Co-Ed,216,205,99,216,38,214,216,178,204,82,215,216,216,211,203,216,89,216,216,44,216,216
Delhi,Urban,SS (VI-X),Private Unaided (Recognized),Co-Ed,5,5,3,5,1,5,5,2,5,3,5,5,5,5,4,5,3,5,5,1,5,5
Delhi,Rural,UPS (I-VIII),Private Unaided (Recognized),Co-Ed,30,30,16,30,2,30,30,12,25,9,30,30,30,30,30,30,20,30,30,6,30,30
Delhi,Urban,UPS (I-VIII),Private Unaided (Recognized),Boys,2,2,1,2,0,2,2,1,2,2,2,2,2,2,2,2,0,2,2,0,2,2
Delhi,Urban,UPS (I-VIII),Private Unaided (Recognized),Co-Ed,750,746,310,750,89,741,750,237,669,213,750,750,750,714,717,750,356,750,750,110,750,750
Delhi,Urban,UPS (VI-VIII),Private Unaided (Recognized),Co-Ed,5,5,1,5,0,5,5,0,4,2,5,5,5,5,5,5,2,5,5,0,5,5
Delhi,Rural,HSS (I-XII),Social welfare Department,Co-Ed,1,1,1,1,0,1,1,1,1,1,1,1,1,1,1,1,1,1,1,0,1,1
Delhi,Urban,HSS (I-XII),Social welfare Department,Boys,1,1,0,1,0,1,1,0,0,1,1,1,1,1,0,1,0,1,1,0,1,1
Delhi,Urban,HSS (I-XII),Social welfare Department,Co-Ed,1,1,1,1,0,1,1,0,1,0,1,1,1,1,0,1,1,1,1,0,1,1
Delhi,Urban,PS (I-V),Social welfare Department,Co-Ed,1,1,1,1,0,1,1,0,0,0,1,1,1,1,0,1,0,1,1,0,1,1
Delhi,Urban,SS (I-X),Social welfare Department,Co-Ed,1,1,0,1,0,1,1,0,0,0,1,1,1,1,1,1,0,1,1,0,1,1
Delhi,Urban,UPS (I-VIII),Social welfare Department,Co-Ed,1,1,0,1,1,1,1,0,1,1,1,1,1,1,1,1,1,1,1,1,1,1
Goa,Rural,HSS (XI-XII),Department of Education,Co-Ed,1,1,1,1,0,1,1,0,1,0,1,1,1,0,0,1,1,1,1,1,1,1
Goa,Urban,HSS (XI-XII),Department of Education,Co-Ed,8,8,7,8,3,7,8,4,8,1,8,8,8,6,0,8,7,5,3,4,8,8
Goa,Rural,PS (I-V),Department of Education,Co-Ed,597,56,269,597,3,492,597,1,92,79,597,597,597,296,9,597,0,532,523,17,178,45
Goa,Urban,PS (I-V),Department of Education,Co-Ed,83,17,20,83,0,64,83,0,13,16,83,83,83,48,0,83,0,70,68,8,26,7
Goa,Rural,SS (IX-X),Department of Education,Co-Ed,1,1,1,1,0,1,1,0,1,0,1,1,1,0,0,1,0,1,0,0,0,0
Goa,Urban,SS (IX-X),Department of Education,Co-Ed,1,0,0,1,0,0,1,0,1,0,1,1,1,1,0,1,0,1,1,0,0,1
Goa,Rural,SS (VI-X),Department of Education,Co-Ed,66,56,45,66,3,65,66,4,63,30,66,66,66,47,3,66,25,59,57,46,55,66
Goa,Urban,SS (VI-X),Department of Education,Co-Ed,12,12,3,12,0,12,12,2,11,4,12,12,12,9,0,12,2,11,9,9,10,12
Goa,Rural,UPS (I-VIII),Department of Education,Co-Ed,29,20,21,29,0,25,29,0,13,10,29,29,29,18,0,29,0,26,24,7,8,24
Goa,Urban,UPS (I-VIII),Department of Education,Co-Ed,9,6,6,9,0,5,9,0,4,0,9,9,9,6,0,9,0,9,9,1,6,6
Goa,Rural,HSS (I-XII),Government Aided,Co-Ed,1,1,1,1,0,1,1,0,1,1,1,1,1,1,1,1,1,1,1,1,1,1
Goa,Rural,HSS (XI-XII),Government Aided,Girls,3,3,3,3,1,3,3,2,3,2,3,3,3,3,0,3,2,0,0,1,3,3
Goa,Rural,HSS (XI-XII),Government Aided,Co-Ed,66,59,41,66,4,66,65,52,66,15,66,66,66,59,5,66,30,15,10,32,59,66
Goa,Urban,HSS (XI-XII),Government Aided,Boys,1,1,0,1,0,1,1,0,0,0,1,1,1,1,0,1,0,0,0,0,1,1
Goa,Urban,HSS (XI-XII),Government Aided,Girls,1,1,0,1,0,1,1,1,1,0,1,1,1,1,0,1,1,0,0,0,1,1
Goa,Urban,HSS (XI-XII),Government Aided,Co-Ed,21,21,14,21,3,21,21,17,21,6,21,21,21,20,2,21,12,7,6,6,21,21
Goa,Rural,PS (I-V),Government Aided,Boys,1,0,1,1,0,1,1,0,1,0,1,1,1,1,0,1,0,0,0,0,0,1
Goa,Rural,PS (I-V),Government Aided,Co-Ed,88,49,42,88,3,85,88,1,52,21,88,88,88,69,2,88,0,20,14,8,51,58
Goa,Urban,PS (I-V),Government Aided,Girls,1,1,0,1,0,1,1,0,0,0,1,1,1,1,0,1,0,0,0,0,1,1
Goa,Urban,PS (I-V),Government Aided,Co-Ed,25,16,7,25,1,24,24,2,18,6,25,25,25,19,0,25,0,2,1,0,16,24
Goa,Rural,SS (I-X),Government Aided,Boys,1,1,0,1,0,1,1,0,1,0,1,1,1,1,0,1,0,0,0,0,1,1
Goa,Rural,SS (I-X),Government Aided,Girls,1,1,0,1,0,1,1,1,1,1,1,1,1,1,0,1,0,1,1,1,1,1
Goa,Rural,SS (I-X),Government Aided,Co-Ed,122,111,74,122,5,120,122,43,122,63,122,122,122,117,4,122,77,45,29,63,114,121
Goa,Urban,SS (I-X),Government Aided,Boys,4,4,2,4,2,4,4,2,4,0,4,4,4,4,1,4,0,0,0,3,4,4
Goa,Urban,SS (I-X),Government Aided,Girls,5,5,1,5,0,4,5,3,5,2,5,5,5,5,0,5,5,1,1,2,5,5
Goa,Urban,SS (I-X),Government Aided,Co-Ed,42,39,18,42,2,37,42,12,39,15,42,42,42,38,0,42,26,17,12,21,35,42
Goa,Rural,SS (IX-X),Government Aided,Co-Ed,1,1,0,1,0,1,1,0,0,0,1,1,1,1,0,1,1,0,0,0,1,1
Goa,Urban,SS (IX-X),Government Aided,Boys,1,1,0,1,0,1,1,0,0,0,1,1,1,1,0,1,0,1,1,0,0,1
Goa,Rural,SS (VI-X),Government Aided,Boys,2,2,1,2,0,2,2,1,2,2,2,2,2,2,0,2,0,1,0,2,2,2
Goa,Rural,SS (VI-X),Government Aided,Co-Ed,102,86,54,102,6,99,102,22,100,31,102,102,102,92,5,102,57,33,18,62,89,102
Goa,Urban,SS (VI-X),Government Aided,Co-Ed,39,37,16,39,1,37,39,17,39,8,39,39,39,34,1,39,14,5,4,19,35,39
Goa,Rural,UPS (I-VIII),Government Aided,Co-Ed,15,12,6,15,1,15,13,1,11,3,15,15,15,13,1,15,2,7,6,5,10,15
Goa,Urban,UPS (I-VIII),Government Aided,Co-Ed,6,4,3,6,0,5,6,0,4,0,6,6,6,4,1,6,1,2,2,2,4,6
Goa,Rural,UPS (VI-VIII),Government Aided,Girls,1,1,0,1,0,1,1,0,1,0,1,1,1,1,0,1,0,0,0,0,1,1
Goa,Rural,UPS (VI-VIII),Government Aided,Co-Ed,6,4,3,6,0,5,6,0,4,1,6,6,6,5,0,6,2,2,1,3,2,6
Goa,Urban,UPS (VI-VIII),Government Aided,Co-Ed,1,1,0,1,0,1,1,0,1,1,1,1,1,1,0,1,0,0,0,0,1,1
Goa,Urban,HSS (VI-XII),Jawahar Navodaya Vidyalaya,Co-Ed,2,2,2,2,2,2,2,2,2,0,2,2,2,2,0,2,2,2,2,2,2,2
Goa,Rural,HSS (I-XII),Kendriya Vidyalaya / Central School,Co-Ed,3,3,3,3,0,3,3,2,3,0,3,3,3,3,0,3,3,3,2,1,3,3
Goa,Urban,HSS (I-XII),Kendriya Vidyalaya / Central School,Co-Ed,2,2,2,2,0,2,2,1,2,2,2,2,2,2,0,2,1,2,2,0,2,2
Goa,Rural,HSS (I-XII),Private Unaided (Recognized),Co-Ed,6,6,6,6,2,6,6,4,6,3,6,6,6,6,1,6,2,4,3,1,6,6
Goa,Urban,HSS (I-XII),Private Unaided (Recognized),Co-Ed,3,3,2,3,0,3,3,3,3,2,3,3,3,3,1,3,2,1,0,1,3,3
Goa,Rural,HSS (XI-XII),Private Unaided (Recognized),Co-Ed,3,3,3,3,0,3,3,1,3,0,3,3,3,3,0,3,1,0,0,1,3,3
Goa,Urban,HSS (XI-XII),Private Unaided (Recognized),Co-Ed,2,2,1,2,0,2,2,2,2,0,2,2,2,1,0,2,0,1,1,0,2,2
Goa,Rural,PS (I-V),Private Unaided (Recognized),Co-Ed,52,46,27,52,5,52,52,10,40,13,52,52,52,40,3,52,0,9,5,5,42,48
Goa,Urban,PS (I-V),Private Unaided (Recognized),Boys,1,1,0,1,1,1,1,0,1,1,1,1,1,0,1,1,0,0,0,0,1,1
Goa,Urban,PS (I-V),Private Unaided (Recognized),Co-Ed,44,35,12,44,1,38,44,11,36,7,44,44,44,38,1,44,0,6,4,3,37,43
Goa,Rural,SS (I-X),Private Unaided (Recognized),Co-Ed,10,10,6,10,1,10,10,8,10,5,10,10,10,10,0,10,3,7,6,0,10,10
Goa,Urban,SS (I-X),Private Unaided (Recognized),Co-Ed,5,5,4,5,1,5,5,3,5,3,5,5,5,4,1,5,1,1,1,0,5,5
Goa,Rural,SS (VI-X),Private Unaided (Recognized),Boys,1,1,1,1,1,1,1,1,1,1,1,1,1,1,1,1,0,1,0,1,1,1
Goa,Rural,SS (VI-X),Private Unaided (Recognized),Co-Ed,2,1,2,2,1,2,2,0,2,2,2,2,2,2,0,2,0,0,0,1,2,2
Goa,Urban,SS (VI-X),Private Unaided (Recognized),Co-Ed,2,2,1,2,0,2,2,1,2,1,2,2,2,2,1,2,1,1,0,0,2,2
Goa,Rural,UPS (I-VIII),Private Unaided (Recognized),Co-Ed,4,4,3,4,0,4,4,1,2,0,4,4,4,4,1,4,1,3,3,0,4,4
Goa,Urban,UPS (I-VIII),Private Unaided (Recognized),Co-Ed,4,4,1,4,0,4,4,1,2,1,4,4,4,3,0,4,0,1,0,0,3,3
Gujarat,Rural,HSS (IX-XII),Department of Education,Boys,1,1,1,1,0,1,1,0,1,0,0,1,1,0,0,1,0,1,0,1,0,1
Gujarat,Rural,HSS (IX-XII),Department of Education,Co-Ed,216,168,159,215,23,199,207,6,124,36,156,215,216,103,30,207,113,201,130,162,162,216
Gujarat,Urban,HSS (IX-XII),Department of Education,Boys,14,13,6,14,0,13,14,2,13,0,11,14,14,10,3,14,1,14,9,8,14,14
Gujarat,Urban,HSS (IX-XII),Department of Education,Girls,13,12,10,13,1,13,13,3,12,1,12,13,13,10,0,13,9,12,7,10,13,13
Gujarat,Urban,HSS (IX-XII),Department of Education,Co-Ed,21,19,15,21,3,21,21,5,20,0,19,21,21,13,5,19,6,20,12,15,20,21
Gujarat,Rural,HSS (VI-XII),Department of Education,Co-Ed,60,51,44,60,20,57,59,2,46,24,49,60,60,35,10,57,32,60,44,50,49,57
Gujarat,Urban,HSS (VI-XII),Department of Education,Co-Ed,25,22,18,25,10,25,24,0,23,13,22,25,25,16,3,25,12,25,16,15,23,25
Gujarat,Rural,HSS (XI-XII),Department of Education,Co-Ed,131,83,80,131,20,110,124,3,75,18,101,130,131,61,30,116,51,114,78,84,88,130
Gujarat,Urban,HSS (XI-XII),Department of Education,Co-Ed,11,7,6,11,2,10,9,0,3,1,9,11,11,5,2,10,3,9,2,2,8,11
Gujarat,Rural,SS (IX-X),Department of Education,Co-Ed,857,353,432,857,76,627,689,18,287,100,517,833,852,277,107,737,301,648,414,533,562,800
Gujarat,Urban,SS (IX-X),Department of Education,Girls,1,0,0,1,0,1,0,0,0,0,0,1,1,1,0,1,1,1,0,0,0,1
Gujarat,Urban,SS (IX-X),Department of Education,Co-Ed,13,6,4,13,0,8,7,0,5,2,3,13,13,3,1,10,4,9,2,4,9,10
Gujarat,Rural,SS (VI-X),Department of Education,Co-Ed,4,1,3,4,0,2,4,0,1,1,3,4,4,2,2,4,0,3,3,3,4,4
Gujarat,Rural,UPS (I-VIII),Department of Education,Co-Ed,1,0,1,1,0,1,1,0,1,1,1,1,1,1,0,1,0,1,1,1,1,1
Gujarat,Rural,UPS (VI-VIII),Department of Education,Girls,55,34,42,55,39,49,55,5,52,44,36,55,55,46,46,55,41,41,29,44,53,55
Gujarat,Rural,UPS (VI-VIII),Department of Education,Co-Ed,4,2,3,4,1,4,4,1,2,2,4,4,4,1,1,3,2,4,4,3,2,4
Gujarat,Urban,UPS (VI-VIII),Department of Education,Girls,6,4,5,6,5,5,6,0,6,4,3,6,6,3,4,6,4,5,5,4,6,6
Gujarat,Rural,HSS (I-XII),Government Aided,Co-Ed,7,7,6,7,0,7,7,1,7,3,6,7,7,4,1,7,1,7,6,5,7,7
Gujarat,Urban,HSS (I-XII),Government Aided,Co-Ed,6,6,3,6,1,6,5,4,6,3,6,6,6,4,4,6,2,6,3,3,5,6
Gujarat,Rural,HSS (IX-XII),Government Aided,Boys,19,16,15,19,4,19,19,7,18,4,18,19,19,12,5,18,1,13,8,11,18,19
Gujarat,Rural,HSS (IX-XII),Government Aided,Girls,66,58,52,66,7,63,66,7,61,18,60,66,66,37,15,64,38,46,25,47,60,66
Gujarat,Rural,HSS (IX-XII),Government Aided,Co-Ed,2022,1833,1770,2022,181,1989,2009,422,1961,318,1777,2021,2021,834,347,1802,744,1341,786,1439,1752,2014
Gujarat,Urban,HSS (IX-XII),Government Aided,Boys,58,55,41,58,7,53,56,23,56,4,55,58,58,34,20,55,9,49,29,28,53,58
Gujarat,Urban,HSS (IX-XII),Government Aided,Girls,202,187,118,202,28,195,199,67,194,31,185,202,202,152,61,195,92,153,85,114,199,201
Gujarat,Urban,HSS (IX-XII),Government Aided,Co-Ed,733,702,431,733,123,705,725,326,702,84,637,733,733,474,213,704,271,588,377,340,686,733
Gujarat,Rural,HSS (VI-XII),Government Aided,Girls,2,2,1,2,0,2,2,0,2,2,2,2,2,2,0,2,1,2,1,2,2,2
Gujarat,Rural,HSS (VI-XII),Government Aided,Co-Ed,51,49,44,51,3,51,50,20,50,18,47,51,51,29,13,48,28,38,29,41,42,51
Gujarat,Urban,HSS (VI-XII),Government Aided,Co-Ed,21,18,17,21,0,20,21,10,19,10,18,21,21,11,1,21,10,18,11,17,21,20
Gujarat,Rural,HSS (XI-XII),Government Aided,Girls,4,3,4,4,1,4,4,2,3,0,4,4,4,4,0,4,1,2,0,0,4,4
Gujarat,Rural,HSS (XI-XII),Government Aided,Co-Ed,9,6,8,9,2,8,9,3,8,2,7,9,9,5,3,9,6,8,6,8,8,9
Gujarat,Urban,HSS (XI-XII),Government Aided,Boys,1,1,0,1,0,1,1,0,1,0,1,1,1,1,0,1,1,1,0,1,1,1
Gujarat,Urban,HSS (XI-XII),Government Aided,Girls,2,2,0,2,0,1,1,0,2,0,1,2,2,2,1,2,0,1,0,1,2,2
Gujarat,Urban,HSS (XI-XII),Government Aided,Co-Ed,18,18,13,18,3,18,18,8,17,2,16,18,18,16,7,17,6,14,8,10,18,18
Gujarat,Rural,PS (I-V),Government Aided,Boys,2,2,1,2,2,2,2,0,0,1,2,2,2,1,0,2,0,2,0,2,2,2
Gujarat,Rural,PS (I-V),Government Aided,Co-Ed,15,12,12,15,4,14,15,3,7,6,13,15,15,6,2,14,0,12,7,12,15,15
Gujarat,Urban,PS (I-V),Government Aided,Boys,1,1,0,1,0,1,1,0,0,0,1,1,1,1,0,1,0,0,0,0,1,1
Gujarat,Urban,PS (I-V),Government Aided,Girls,2,2,0,2,0,2,2,0,0,0,1,2,2,1,0,2,0,2,2,0,1,2
Gujarat,Urban,PS (I-V),Government Aided,Co-Ed,44,35,19,44,3,42,36,4,25,17,36,44,44,24,4,42,0,27,12,19,31,41
Gujarat,Rural,SS (I-X),Government Aided,Boys,1,1,1,1,0,1,1,0,1,1,1,1,1,1,0,1,0,0,0,1,1,1
Gujarat,Rural,SS (IX-X),Government Aided,Boys,2,2,2,2,0,2,2,0,1,1,2,2,2,1,0,2,1,2,0,2,1,2
Gujarat,Rural,SS (IX-X),Government Aided,Girls,30,27,23,30,3,28,29,0,28,4,28,30,30,15,5,29,5,17,7,20,23,29
Gujarat,Rural,SS (IX-X),Government Aided,Co-Ed,1447,1170,1129,1446,81,1387,1413,45,1359,131,1287,1444,1446,402,170,1181,382,790,441,1025,1083,1437
Gujarat,Urban,SS (IX-X),Government Aided,Boys,17,16,10,17,1,15,17,1,15,4,15,17,17,10,3,16,3,13,7,8,17,17
Gujarat,Urban,SS (IX-X),Government Aided,Girls,26,21,11,26,6,22,24,5,24,2,21,26,26,14,6,25,10,18,5,14,23,26
Gujarat,Urban,SS (IX-X),Government Aided,Co-Ed,312,287,147,312,35,286,301,46,280,23,264,312,312,172,76,285,84,225,130,155,248,309
Gujarat,Rural,SS (VI-X),Government Aided,Boys,1,1,1,1,0,1,1,0,1,0,0,1,1,1,0,1,0,0,0,1,1,1
Gujarat,Rural,SS (VI-X),Government Aided,Co-Ed,5,4,4,5,2,5,4,0,4,0,4,5,5,2,0,5,2,5,1,4,3,5
Gujarat,Urban,SS (VI-X),Government Aided,Girls,1,1,0,1,0,1,1,0,1,0,1,1,1,1,0,1,0,0,0,1,1,1
Gujarat,Urban,SS (VI-X),Government Aided,Co-Ed,2,2,0,2,0,1,2,0,1,0,2,2,2,0,0,2,0,1,0,2,2,2
Gujarat,Rural,UPS (I-VIII),Government Aided,Boys,4,2,3,4,1,3,3,0,2,2,3,4,4,4,1,3,1,3,2,2,3,3
Gujarat,Rural,UPS (I-VIII),Government Aided,Girls,5,3,5,5,2,5,5,0,3,2,4,5,5,3,0,5,2,5,4,3,3,5
Gujarat,Rural,UPS (I-VIII),Government Aided,Co-Ed,40,33,33,40,1,40,38,1,31,16,34,39,40,18,7,39,16,26,15,34,33,40
Gujarat,Urban,UPS (I-VIII),Government Aided,Boys,9,8,4,9,1,9,9,0,4,5,7,9,8,7,1,8,2,7,6,3,8,9
Gujarat,Urban,UPS (I-VIII),Government Aided,Girls,12,11,6,12,0,12,12,1,6,4,9,12,12,8,3,12,5,9,6,7,10,12
Gujarat,Urban,UPS (I-VIII),Government Aided,Co-Ed,97,84,53,97,19,89,88,10,69,29,75,97,97,58,21,93,38,75,39,47,72,87
Gujarat,Rural,UPS (VI-VIII),Government Aided,Boys,3,2,1,3,1,3,3,0,3,1,2,3,3,2,0,2,0,3,1,3,3,3
Gujarat,Rural,UPS (VI-VIII),Government Aided,Girls,3,2,2,3,1,3,3,0,2,1,2,3,3,3,2,3,2,3,3,3,3,3
Gujarat,Rural,UPS (VI-VIII),Government Aided,Co-Ed,195,120,158,195,13,192,184,16,133,74,183,195,195,101,32,183,88,123,53,141,148,193
Gujarat,Urban,UPS (VI-VIII),Government Aided,Boys,3,3,2,3,1,3,3,0,1,0,3,3,3,1,0,3,0,3,2,1,2,3
Gujarat,Urban,UPS (VI-VIII),Government Aided,Girls,8,5,3,8,0,7,8,1,4,2,7,8,8,4,1,7,5,7,5,4,6,8
Gujarat,Urban,UPS (VI-VIII),Government Aided,Co-Ed,82,64,57,82,7,76,78,6,55,25,72,82,82,45,11,80,30,62,34,57,63,80
Gujarat,Rural,HSS (VI-XII),Jawahar Navodaya Vidyalaya,Co-Ed,25,23,23,25,10,24,25,21,23,15,24,25,25,22,7,25,21,21,19,20,25,25
Gujarat,Urban,HSS (VI-XII),Jawahar Navodaya Vidyalaya,Co-Ed,4,4,0,4,1,3,4,2,3,2,4,4,4,3,1,4,2,3,3,4,4,4
Gujarat,Rural,SS (VI-X),Jawahar Navodaya Vidyalaya,Co-Ed,3,3,1,3,1,3,3,3,3,0,3,3,3,2,0,3,1,1,1,2,3,3
Gujarat,Urban,SS (VI-X),Jawahar Navodaya Vidyalaya,Co-Ed,1,1,0,1,0,1,1,0,1,0,1,1,1,1,0,1,1,1,0,1,1,1
Gujarat,Rural,UPS (VI-VIII),Jawahar Navodaya Vidyalaya,Co-Ed,1,0,0,1,1,1,1,0,1,0,1,1,1,1,1,1,0,0,0,1,1,1
Gujarat,Rural,HSS (I-XII),Kendriya Vidyalaya / Central School,Co-Ed,12,12,11,12,0,12,12,9,12,4,11,12,12,11,4,12,4,11,9,1,12,12
Gujarat,Urban,HSS (I-XII),Kendriya Vidyalaya / Central School,Co-Ed,28,28,24,28,4,28,28,23,28,8,27,28,28,26,10,28,15,28,23,10,28,28
Gujarat,Rural,SS (I-X),Kendriya Vidyalaya / Central School,Co-Ed,3,3,2,3,0,3,3,2,3,1,2,3,3,2,0,3,1,2,1,0,3,3
Gujarat,Urban,SS (I-X),Kendriya Vidyalaya / Central School,Co-Ed,2,2,2,2,1,1,2,1,2,0,1,2,2,0,1,2,0,2,1,1,2,2
Gujarat,Rural,HSS (IX-XII),Local body,Co-Ed,34,30,31,34,1,34,34,3,33,2,32,32,34,20,9,31,12,27,14,23,31,34
Gujarat,Urban,HSS (IX-XII),Local body,Boys,4,4,3,4,1,4,4,1,4,0,4,4,4,1,2,4,0,4,3,0,3,4
Gujarat,Urban,HSS (IX-XII),Local body,Girls,8,8,4,8,2,8,8,2,8,1,8,8,8,5,4,8,8,7,5,6,7,8
Gujarat,Urban,HSS (IX-XII),Local body,Co-Ed,5,5,5,5,0,5,5,0,5,1,5,5,5,4,1,5,1,5,3,4,5,5
Gujarat,Rural,PS (I-V),Local body,Boys,26,14,12,26,1,21,26,1,12,9,25,26,26,20,7,26,0,25,17,16,26,25
Gujarat,Rural,PS (I-V),Local body,Girls,42,17,17,42,3,33,42,0,19,16,37,40,42,32,10,41,0,41,32,29,42,42
Gujarat,Rural,PS (I-V),Local body,Co-Ed,11860,1279,7025,11849,703,9608,11819,292,4235,7000,10065,11602,11849,4005,1695,11542,0,11635,8811,8918,11004,11464
Gujarat,Urban,PS (I-V),Local body,Boys,17,10,3,17,0,12,17,1,9,1,13,17,17,9,1,17,0,16,11,9,17,16
Gujarat,Urban,PS (I-V),Local body,Girls,14,9,4,14,1,8,14,1,5,3,12,14,14,7,1,14,0,13,10,9,13,13
Gujarat,Urban,PS (I-V),Local body,Co-Ed,520,161,192,518,36,394,495,28,168,213,422,514,519,288,55,512,0,491,378,336,480,491
Gujarat,Rural,SS (IX-X),Local body,Girls,5,4,2,5,0,5,5,0,5,0,5,5,5,4,0,5,2,3,1,3,4,5
Gujarat,Rural,SS (IX-X),Local body,Co-Ed,62,52,48,62,1,60,61,1,58,4,60,62,62,27,7,60,26,39,18,41,53,62
Gujarat,Urban,SS (IX-X),Local body,Girls,1,1,1,1,1,1,1,0,1,0,1,1,1,1,0,1,0,0,0,0,1,1
Gujarat,Urban,SS (IX-X),Local body,Co-Ed,5,5,4,5,1,5,5,1,5,0,4,5,5,2,2,2,2,4,3,2,5,5
Gujarat,Rural,UPS (I-VIII),Local body,Boys,564,309,334,564,19,512,563,10,302,320,514,560,564,389,154,562,33,558,435,398,560,564
Gujarat,Rural,UPS (I-VIII),Local body,Girls,584,252,267,584,28,483,583,16,296,286,522,580,584,405,126,581,288,571,422,434,576,581
Gujarat,Rural,UPS (I-VIII),Local body,Co-Ed,16117,4662,10663,16110,922,13945,16104,327,8373,10031,14574,15951,16111,9742,3762,15998,6392,15986,12799,12843,15750,16094
Gujarat,Urban,UPS (I-VIII),Local body,Boys,251,181,127,251,21,210,251,7,114,104,220,250,251,182,44,250,31,245,150,163,249,251
Gujarat,Urban,UPS (I-VIII),Local body,Girls,290,207,116,290,21,229,290,7,146,119,246,289,290,225,53,290,122,278,182,199,290,290
Gujarat,Urban,UPS (I-VIII),Local body,Co-Ed,1592,1031,697,1592,107,1277,1588,90,795,703,1350,1584,1592,1168,284,1584,552,1544,1167,1154,1577,1587
Gujarat,Rural,UPS (VI-VIII),Local body,Boys,3,2,2,3,0,2,3,0,2,2,3,3,3,2,0,3,0,3,3,1,3,3
Gujarat,Rural,UPS (VI-VIII),Local body,Girls,2,1,2,2,1,2,2,0,0,1,2,2,2,1,0,2,1,2,2,1,2,2
Gujarat,Rural,UPS (VI-VIII),Local body,Co-Ed,21,4,18,21,0,18,21,1,8,8,16,21,21,12,5,20,10,21,16,16,21,21
Gujarat,Urban,UPS (VI-VIII),Local body,Boys,6,5,3,6,1,6,6,1,3,1,6,6,6,3,0,6,2,6,2,3,6,6
Gujarat,Urban,UPS (VI-VIII),Local body,Girls,7,6,4,7,0,7,7,3,6,3,6,7,7,3,0,7,4,7,5,3,7,7
Gujarat,Urban,UPS (VI-VIII),Local body,Co-Ed,61,51,18,61,1,56,61,9,34,32,57,61,61,46,9,61,22,57,42,49,59,61
Gujarat,Urban,HSS (I-XII),Madarsa recognized (by Wakf board/Madarsa Board),Girls,1,1,1,1,0,1,1,0,1,0,1,1,1,1,1,1,1,1,0,0,1,1
Gujarat,Urban,HSS (I-XII),Madarsa recognized (by Wakf board/Madarsa Board),Co-Ed,1,1,1,1,0,1,1,0,1,0,1,1,1,0,0,1,0,1,1,0,1,1
Gujarat,Urban,SS (I-X),Madarsa recognized (by Wakf board/Madarsa Board),Co-Ed,1,1,1,1,0,1,1,0,1,0,1,1,1,1,0,1,1,1,1,0,1,1
Gujarat,Rural,HSS (I-XII),Other Central Govt. Schools,Co-Ed,1,1,1,1,0,1,1,1,1,0,1,1,1,0,1,1,0,1,0,0,1,1
Gujarat,Rural,UPS (I-VIII),Other Central Govt. Schools,Co-Ed,1,1,1,1,0,1,1,1,1,1,1,1,1,1,0,1,1,1,0,1,1,1
Gujarat,Urban,UPS (I-VIII),Other Central Govt. Schools,Co-Ed,1,1,1,1,0,1,1,0,1,1,1,1,1,1,0,1,0,0,0,0,1,1
Gujarat,Urban,UPS (I-VIII),Other Govt. managed schools,Boys,1,1,1,1,0,1,1,0,1,1,1,1,1,1,0,1,0,1,1,1,1,1
Gujarat,Urban,UPS (I-VIII),Other Govt. managed schools,Co-Ed,1,1,1,1,0,1,1,0,1,0,1,1,1,1,0,1,0,1,1,0,1,1
Gujarat,Rural,HSS (I-XII),Private Unaided (Recognized),Boys,13,13,12,13,6,13,13,6,12,8,12,13,13,13,4,13,3,7,6,5,12,13
Gujarat,Rural,HSS (I-XII),Private Unaided (Recognized),Girls,15,15,13,15,3,15,15,7,15,4,13,15,15,13,7,15,7,8,6,4,15,15
Gujarat,Rural,HSS (I-XII),Private Unaided (Recognized),Co-Ed,905,885,787,905,117,898,866,395,855,218,768,905,905,747,387,893,431,477,292,334,877,902
Gujarat,Urban,HSS (I-XII),Private Unaided (Recognized),Boys,10,10,9,10,5,10,10,8,10,2,10,10,10,10,6,10,2,6,3,5,10,10
Gujarat,Urban,HSS (I-XII),Private Unaided (Recognized),Girls,18,18,12,18,4,17,17,10,18,4,15,18,18,16,8,18,9,10,5,6,18,18
Gujarat,Urban,HSS (I-XII),Private Unaided (Recognized),Co-Ed,1017,1000,715,1017,143,990,955,436,935,187,813,1017,1016,829,408,1000,473,554,336,335,990,1015
Gujarat,Rural,HSS (IX-XII),Private Unaided (Recognized),Boys,15,15,13,15,5,15,14,6,14,5,14,15,15,13,6,14,5,6,1,4,15,15
Gujarat,Rural,HSS (IX-XII),Private Unaided (Recognized),Girls,24,20,21,24,4,23,23,4,22,2,19,24,23,13,11,24,17,15,7,13,20,24
Gujarat,Rural,HSS (IX-XII),Private Unaided (Recognized),Co-Ed,718,673,609,718,88,696,666,164,672,138,572,717,718,441,240,680,312,356,205,338,639,695
Gujarat,Urban,HSS (IX-XII),Private Unaided (Recognized),Boys,11,11,10,11,4,11,8,1,10,1,9,11,11,9,6,9,0,7,4,2,9,11
Gujarat,Urban,HSS (IX-XII),Private Unaided (Recognized),Girls,25,24,22,25,9,25,21,10,23,4,20,25,25,20,10,23,9,17,9,8,21,24
Gujarat,Urban,HSS (IX-XII),Private Unaided (Recognized),Co-Ed,672,655,440,672,75,637,613,208,632,84,543,672,671,530,258,652,311,356,213,235,643,668
Gujarat,Rural,HSS (VI-XII),Private Unaided (Recognized),Boys,4,4,3,4,1,4,4,3,4,1,3,4,4,4,3,4,1,4,2,2,4,4
Gujarat,Rural,HSS (VI-XII),Private Unaided (Recognized),Girls,2,2,2,2,0,2,2,1,2,0,2,2,2,2,1,2,0,1,1,0,2,2
Gujarat,Rural,HSS (VI-XII),Private Unaided (Recognized),Co-Ed,28,28,26,28,1,28,26,11,27,6,22,28,28,20,11,28,16,10,7,12,26,28
Gujarat,Urban,HSS (VI-XII),Private Unaided (Recognized),Boys,4,4,3,4,0,4,4,1,4,0,4,4,4,3,0,4,0,3,1,1,4,4
Gujarat,Urban,HSS (VI-XII),Private Unaided (Recognized),Girls,3,3,3,3,1,3,3,0,3,2,2,3,3,3,2,3,0,2,1,1,3,3
Gujarat,Urban,HSS (VI-XII),Private Unaided (Recognized),Co-Ed,18,17,15,18,1,18,17,10,15,1,15,18,18,16,5,18,6,7,5,5,17,18
Gujarat,Rural,HSS (XI-XII),Private Unaided (Recognized),Boys,4,4,3,4,0,4,4,1,4,0,3,4,4,4,3,4,2,2,2,1,3,4
Gujarat,Rural,HSS (XI-XII),Private Unaided (Recognized),Girls,11,9,9,11,2,11,10,3,10,0,11,11,11,8,7,11,8,6,3,6,10,11
Gujarat,Rural,HSS (XI-XII),Private Unaided (Recognized),Co-Ed,235,217,186,235,34,223,210,51,214,32,175,235,235,159,86,221,92,126,79,94,206,220
Gujarat,Urban,HSS (XI-XII),Private Unaided (Recognized),Boys,7,5,5,7,1,7,7,2,7,1,6,7,7,6,2,7,2,5,2,3,7,7
Gujarat,Urban,HSS (XI-XII),Private Unaided (Recognized),Girls,14,13,10,14,5,12,12,7,13,2,12,14,14,12,6,14,8,5,3,5,14,13
Gujarat,Urban,HSS (XI-XII),Private Unaided (Recognized),Co-Ed,318,308,201,318,46,298,280,72,295,31,243,318,318,252,136,308,147,155,85,90,294,312
Gujarat,Rural,PS (I-V),Private Unaided (Recognized),Boys,2,1,2,2,1,2,1,1,1,2,2,2,2,2,0,2,0,2,2,2,2,2
Gujarat,Rural,PS (I-V),Private Unaided (Recognized),Girls,4,4,2,4,2,4,2,0,4,2,3,4,4,3,1,4,0,2,2,1,3,3
Gujarat,Rural,PS (I-V),Private Unaided (Recognized),Co-Ed,658,538,460,658,65,613,502,58,446,125,500,658,658,389,110,628,0,280,146,242,525,594
Gujarat,Urban,PS (I-V),Private Unaided (Recognized),Boys,5,5,4,5,2,5,3,0,4,1,5,5,5,4,3,5,0,2,1,2,4,5
Gujarat,Urban,PS (I-V),Private Unaided (Recognized),Girls,11,9,6,11,3,11,8,4,10,1,11,11,11,10,5,11,0,9,6,5,7,8
Gujarat,Urban,PS (I-V),Private Unaided (Recognized),Co-Ed,602,563,356,602,78,543,478,110,425,90,452,602,602,390,120,577,0,278,157,164,507,554
Gujarat,Rural,SS (I-X),Private Unaided (Recognized),Boys,6,6,6,6,1,6,5,2,6,2,6,6,6,6,3,6,2,1,1,4,6,6
Gujarat,Rural,SS (I-X),Private Unaided (Recognized),Girls,4,4,4,4,1,4,4,2,4,2,3,4,4,4,2,4,1,1,0,3,4,4
Gujarat,Rural,SS (I-X),Private Unaided (Recognized),Co-Ed,446,421,370,446,37,441,421,131,400,134,379,446,446,346,130,440,208,244,142,190,416,440
Gujarat,Urban,SS (I-X),Private Unaided (Recognized),Boys,3,3,3,3,1,3,3,2,3,0,1,3,3,3,1,3,0,0,0,2,2,3
Gujarat,Urban,SS (I-X),Private Unaided (Recognized),Girls,4,4,3,4,2,4,4,2,3,1,3,4,4,4,3,4,1,0,0,0,4,4
Gujarat,Urban,SS (I-X),Private Unaided (Recognized),Co-Ed,434,422,298,434,43,416,396,126,383,79,351,434,433,331,131,424,203,232,128,155,410,433
Gujarat,Rural,SS (IX-X),Private Unaided (Recognized),Boys,9,8,9,9,2,9,9,4,9,6,7,9,9,9,7,9,2,4,2,2,9,9
Gujarat,Rural,SS (IX-X),Private Unaided (Recognized),Girls,15,10,11,15,8,12,13,4,13,2,11,15,15,9,4,13,10,10,6,4,13,13
Gujarat,Rural,SS (IX-X),Private Unaided (Recognized),Co-Ed,336,288,257,335,46,311,296,53,272,60,246,336,336,178,88,313,150,174,105,142,277,298
Gujarat,Urban,SS (IX-X),Private Unaided (Recognized),Boys,4,4,2,4,0,4,4,2,4,1,1,4,4,3,1,4,1,2,0,0,3,4
Gujarat,Urban,SS (IX-X),Private Unaided (Recognized),Girls,7,7,6,7,0,7,5,0,7,0,5,7,7,4,3,6,4,2,0,4,6,6
Gujarat,Urban,SS (IX-X),Private Unaided (Recognized),Co-Ed,317,306,213,317,36,298,282,77,290,32,255,317,315,224,105,306,130,151,97,104,299,314
Gujarat,Rural,SS (VI-X),Private Unaided (Recognized),Boys,3,3,3,3,2,3,2,1,3,1,2,3,3,1,1,3,0,1,1,2,3,3
Gujarat,Rural,SS (VI-X),Private Unaided (Recognized),Girls,1,1,1,1,1,1,1,0,1,1,1,1,1,1,0,1,1,1,1,0,1,1
Gujarat,Rural,SS (VI-X),Private Unaided (Recognized),Co-Ed,12,11,12,12,5,12,12,5,11,1,11,12,12,8,4,11,7,5,5,6,11,12
Gujarat,Urban,SS (VI-X),Private Unaided (Recognized),Co-Ed,5,4,3,5,0,5,5,1,3,0,4,5,5,5,0,5,2,2,2,3,5,5
Gujarat,Rural,UPS (I-VIII),Private Unaided (Recognized),Boys,18,17,16,18,3,18,17,5,16,6,12,18,18,16,7,18,4,7,6,7,15,18
Gujarat,Rural,UPS (I-VIII),Private Unaided (Recognized),Girls,11,10,10,11,2,11,11,2,9,3,10,11,11,8,3,11,6,9,6,7,10,11
Gujarat,Rural,UPS (I-VIII),Private Unaided (Recognized),Co-Ed,2175,2011,1696,2175,194,2112,1886,294,1815,389,1617,2175,2173,1396,589,2092,903,1003,575,1016,1903,2087
Gujarat,Urban,UPS (I-VIII),Private Unaided (Recognized),Boys,43,42,32,43,12,42,32,7,37,3,35,43,43,33,12,41,11,26,13,11,40,43
Gujarat,Urban,UPS (I-VIII),Private Unaided (Recognized),Girls,96,88,54,96,14,86,77,25,75,12,80,96,96,72,32,91,48,55,25,30,90,94
Gujarat,Urban,UPS (I-VIII),Private Unaided (Recognized),Co-Ed,3963,3811,2444,3963,464,3712,3320,936,3220,434,2959,3961,3960,2815,1160,3782,1593,2121,1217,1193,3492,3834
Gujarat,Rural,UPS (VI-VIII),Private Unaided (Recognized),Boys,12,11,10,12,4,12,12,5,10,5,12,12,12,11,6,12,2,4,1,3,12,12
Gujarat,Rural,UPS (VI-VIII),Private Unaided (Recognized),Girls,12,12,10,12,5,12,10,3,12,6,8,12,12,8,2,12,9,5,3,5,10,12
Gujarat,Rural,UPS (VI-VIII),Private Unaided (Recognized),Co-Ed,134,117,113,134,11,131,117,17,112,33,101,134,134,72,26,126,64,68,41,60,103,122
Gujarat,Urban,UPS (VI-VIII),Private Unaided (Recognized),Boys,19,18,15,19,5,19,15,2,14,1,17,19,19,16,6,17,3,12,9,9,15,18
Gujarat,Urban,UPS (VI-VIII),Private Unaided (Recognized),Girls,20,19,13,20,4,19,14,2,18,2,19,20,20,17,7,20,12,9,5,9,19,20
Gujarat,Urban,UPS (VI-VIII),Private Unaided (Recognized),Co-Ed,77,70,48,77,8,72,61,18,61,12,63,77,77,52,16,72,34,39,21,26,68,71
Gujarat,Urban,SS (I-X),Railway School,Co-Ed,1,1,1,1,0,1,1,0,1,0,1,1,1,1,0,1,1,0,0,1,1,1
Gujarat,Rural,SS (IX-X),Railway School,Co-Ed,1,1,1,1,0,1,1,1,0,0,0,1,1,1,0,1,1,1,1,0,1,1
Gujarat,Rural,UPS (I-VIII),Railway School,Co-Ed,1,1,1,1,0,1,1,0,0,1,1,1,1,0,0,1,1,1,1,1,0,0
Gujarat,Rural,HSS (VI-XII),Sainik School,Co-Ed,1,1,1,1,0,1,1,1,1,1,1,1,1,1,1,1,1,0,0,0,1,1
Gujarat,Rural,HSS (IX-XII),Social welfare Department,Boys,8,6,5,8,2,8,8,1,7,2,7,8,8,6,2,8,0,7,6,2,7,8
Gujarat,Rural,HSS (IX-XII),Social welfare Department,Girls,3,3,2,3,0,2,3,0,1,0,3,3,3,2,1,3,2,3,3,2,3,3
Gujarat,Urban,HSS (IX-XII),Social welfare Department,Boys,16,15,11,16,4,15,15,1,14,5,15,16,16,10,4,16,2,12,5,14,14,15
Gujarat,Urban,HSS (IX-XII),Social welfare Department,Girls,8,7,5,8,3,7,8,0,7,1,6,8,8,6,2,8,4,7,4,6,6,8
Gujarat,Urban,PS (I-V),Social welfare Department,Co-Ed,1,1,1,1,0,1,1,0,0,1,1,1,1,1,0,1,0,1,1,0,1,1
Gujarat,Rural,SS (IX-X),Social welfare Department,Boys,7,4,4,7,2,7,7,0,7,1,6,7,7,2,1,7,0,4,2,3,3,7
Gujarat,Urban,SS (IX-X),Social welfare Department,Boys,2,2,2,2,1,2,2,0,2,0,1,2,2,2,0,2,1,2,0,0,1,2
Gujarat,Rural,UPS (I-VIII),Social welfare Department,Girls,2,2,2,2,1,2,2,0,2,2,2,2,2,2,0,2,2,1,0,2,2,2
Gujarat,Rural,UPS (I-VIII),Social welfare Department,Co-Ed,61,45,49,61,8,61,60,3,46,43,42,61,61,24,15,61,26,34,23,42,49,61
Gujarat,Urban,UPS (I-VIII),Social welfare Department,Co-Ed,20,17,13,20,3,19,20,0,15,10,13,20,20,14,5,20,11,17,7,9,15,20
Gujarat,Rural,HSS (I-XII),Tribal Welfare Department,Co-Ed,15,11,13,15,5,14,14,0,7,9,12,15,15,4,2,14,6,10,4,7,10,14
Gujarat,Rural,HSS (IX-XII),Tribal Welfare Department,Boys,17,16,13,17,8,14,17,2,16,7,14,17,17,11,7,17,3,12,10,10,12,17
Gujarat,Rural,HSS (IX-XII),Tribal Welfare Department,Girls,15,13,10,15,4,13,15,0,14,10,12,15,15,11,9,15,7,11,8,10,10,15
Gujarat,Rural,HSS (IX-XII),Tribal Welfare Department,Co-Ed,44,40,39,44,11,42,43,2,33,27,36,44,44,14,7,43,18,23,14,29,33,43
Gujarat,Urban,HSS (IX-XII),Tribal Welfare Department,Boys,4,4,3,4,2,4,4,0,4,1,4,4,4,3,0,4,1,4,4,4,2,4
Gujarat,Urban,HSS (IX-XII),Tribal Welfare Department,Girls,5,5,3,5,2,4,3,1,4,2,3,5,5,4,3,5,1,4,1,4,3,4
Gujarat,Urban,HSS (IX-XII),Tribal Welfare Department,Co-Ed,1,1,1,1,0,1,1,0,1,0,1,1,1,1,0,1,1,1,1,1,1,1
Gujarat,Rural,HSS (VI-XII),Tribal Welfare Department,Boys,1,1,1,1,0,1,1,1,1,1,1,1,1,1,0,1,1,1,1,1,1,1
Gujarat,Rural,HSS (VI-XII),Tribal Welfare Department,Girls,27,24,17,27,11,26,27,3,26,10,22,27,27,17,9,27,22,23,17,13,22,27
Gujarat,Rural,HSS (VI-XII),Tribal Welfare Department,Co-Ed,32,30,27,32,11,30,32,10,29,14,28,32,32,20,11,31,22,27,22,26,30,31
Gujarat,Urban,HSS (VI-XII),Tribal Welfare Department,Co-Ed,2,2,0,2,1,2,2,1,2,1,2,2,2,2,2,2,1,0,0,1,2,2
Gujarat,Urban,PS (I-V),Tribal Welfare Department,Co-Ed,1,1,0,1,0,1,1,0,1,0,1,1,1,1,0,1,0,1,0,1,1,1
Gujarat,Rural,SS (I-X),Tribal Welfare Department,Girls,2,2,2,2,1,2,1,0,1,2,0,2,2,1,0,2,1,1,1,1,1,2
Gujarat,Rural,SS (I-X),Tribal Welfare Department,Co-Ed,74,46,69,74,11,73,73,6,47,56,57,74,74,31,14,71,27,43,25,48,53,73
Gujarat,Rural,SS (IX-X),Tribal Welfare Department,Boys,8,8,7,8,1,7,8,0,8,3,7,8,8,6,2,8,0,6,4,4,4,8
Gujarat,Rural,SS (IX-X),Tribal Welfare Department,Girls,9,6,5,9,2,7,7,0,6,2,8,9,9,8,4,9,5,7,5,6,6,5
Gujarat,Rural,SS (IX-X),Tribal Welfare Department,Co-Ed,89,59,68,89,22,75,76,4,68,44,67,88,89,20,18,84,41,43,31,62,68,81
Gujarat,Urban,SS (IX-X),Tribal Welfare Department,Boys,2,2,1,2,1,2,2,0,2,0,1,2,2,2,0,2,0,1,0,0,1,2
Gujarat,Urban,SS (IX-X),Tribal Welfare Department,Girls,2,2,1,2,0,2,2,0,2,1,1,2,2,0,0,2,1,1,1,1,2,2
Gujarat,Urban,SS (IX-X),Tribal Welfare Department,Co-Ed,6,6,4,6,1,5,6,0,6,3,5,6,6,2,0,6,2,3,1,4,4,6
Gujarat,Rural,SS (VI-X),Tribal Welfare Department,Girls,12,10,10,12,5,12,12,3,12,6,11,12,12,6,2,12,10,7,5,10,12,12
Gujarat,Rural,SS (VI-X),Tribal Welfare Department,Co-Ed,13,11,10,13,4,13,13,2,11,7,11,13,13,7,5,12,9,9,8,7,8,13
Gujarat,Urban,SS (VI-X),Tribal Welfare Department,Girls,2,2,1,2,0,2,2,0,2,0,2,2,2,2,2,2,2,1,0,2,2,2
Gujarat,Rural,UPS (I-VIII),Tribal Welfare Department,Boys,1,1,1,1,0,1,1,0,1,1,1,1,1,1,0,1,0,1,1,1,0,1
Gujarat,Rural,UPS (I-VIII),Tribal Welfare Department,Girls,9,5,8,9,2,9,9,0,6,4,6,9,9,3,2,9,3,4,3,5,5,9
Gujarat,Rural,UPS (I-VIII),Tribal Welfare Department,Co-Ed,516,324,456,516,86,500,511,19,350,356,308,515,516,171,109,490,198,306,193,371,368,491
Gujarat,Urban,UPS (I-VIII),Tribal Welfare Department,Co-Ed,29,25,25,29,5,28,27,1,26,19,18,29,29,14,5,28,14,12,9,20,21,29
Gujarat,Rural,UPS (VI-VIII),Tribal Welfare Department,Girls,1,1,1,1,0,1,1,0,1,1,0,1,1,1,1,1,1,1,1,0,0,1
Gujarat,Rural,UPS (VI-VIII),Tribal Welfare Department,Co-Ed,10,7,3,10,4,7,7,1,6,3,9,10,10,4,2,10,3,8,4,5,6,9
Haryana,Urban,HSS (IX-XII),Department of Education,Co-Ed,1,1,1,1,0,0,1,0,0,0,1,1,1,1,0,1,1,1,1,0,1,1
Haryana,Rural,HSS (VI-XII),Department of Education,Boys,81,72,74,81,12,79,81,2,63,42,76,81,81,21,29,81,5,75,42,63,62,80
Haryana,Rural,HSS (VI-XII),Department of Education,Girls,223,186,165,217,58,186,223,4,157,104,212,219,221,84,67,221,169,196,126,166,172,222
Haryana,Rural,HSS (VI-XII),Department of Education,Co-Ed,1664,1463,1500,1654,447,1573,1661,55,1181,817,1574,1660,1661,516,781,1661,865,1539,949,1221,1268,1654
Haryana,Urban,HSS (VI-XII),Department of Education,Boys,25,22,22,25,2,22,25,0,23,8,24,25,25,10,15,25,0,24,17,22,24,25
Haryana,Urban,HSS (VI-XII),Department of Education,Girls,100,87,57,99,26,67,100,4,72,31,95,98,99,55,43,99,68,92,56,61,95,100
Haryana,Urban,HSS (VI-XII),Department of Education,Co-Ed,178,164,125,178,30,145,178,4,130,71,171,178,178,91,78,178,52,162,92,114,166,177
Haryana,Rural,PS (I-V),Department of Education,Boys,306,188,240,297,32,283,305,4,16,102,274,304,303,33,71,305,0,267,169,144,57,276
Haryana,Rural,PS (I-V),Department of Education,Girls,395,236,277,387,46,341,394,5,21,131,360,392,393,55,70,393,0,314,208,194,67,347
Haryana,Rural,PS (I-V),Department of Education,Co-Ed,6994,3285,5473,6708,748,6119,6973,77,392,2793,6191,6922,6945,914,1917,6967,0,5837,3584,3593,1051,6283
Haryana,Urban,PS (I-V),Department of Education,Boys,31,14,15,30,4,25,30,0,0,8,27,29,31,4,8,31,0,27,15,7,3,27
Haryana,Urban,PS (I-V),Department of Education,Girls,40,24,13,40,3,32,40,0,1,10,36,39,40,15,11,40,0,32,20,12,4,38
Haryana,Urban,PS (I-V),Department of Education,Co-Ed,905,408,385,890,52,553,898,10,34,252,768,873,899,199,175,898,0,728,405,364,134,819
Haryana,Rural,SS (VI-X),Department of Education,Boys,56,45,49,56,5,54,56,0,39,31,52,56,56,13,18,56,2,47,23,38,35,56
Haryana,Rural,SS (VI-X),Department of Education,Girls,136,114,101,134,34,115,136,5,83,67,128,136,136,45,39,136,61,120,85,97,89,136
Haryana,Rural,SS (VI-X),Department of Education,Co-Ed,842,709,720,832,152,771,842,21,497,466,776,838,841,210,351,841,388,767,470,614,518,842
Haryana,Urban,SS (VI-X),Department of Education,Boys,3,2,2,3,1,3,3,0,1,1,3,3,3,2,2,3,0,3,1,1,2,3
Haryana,Urban,SS (VI-X),Department of Education,Girls,11,9,7,11,4,9,11,0,8,5,10,11,10,4,5,11,5,11,7,8,10,11
Haryana,Urban,SS (VI-X),Department of Education,Co-Ed,51,41,22,51,13,30,51,1,25,18,48,50,50,18,14,50,5,45,26,29,48,51
Haryana,Rural,UPS (VI-VIII),Department of Education,Boys,19,16,13,18,2,17,19,1,3,0,14,19,19,0,4,19,1,16,7,12,4,19
Haryana,Rural,UPS (VI-VIII),Department of Education,Girls,259,191,190,238,49,226,256,4,59,96,197,229,248,48,59,247,91,192,128,168,58,223
Haryana,Rural,UPS (VI-VIII),Department of Education,Co-Ed,1976,1414,1702,1889,202,1758,1939,13,281,882,1674,1891,1953,306,650,1947,535,1640,990,1271,359,1840
Haryana,Urban,UPS (VI-VIII),Department of Education,Boys,1,1,0,1,0,0,1,0,0,0,1,1,1,0,0,1,0,0,0,1,0,1
Haryana,Urban,UPS (VI-VIII),Department of Education,Girls,8,5,7,8,1,5,7,0,0,3,5,8,8,3,2,8,0,6,2,7,1,7
Haryana,Urban,UPS (VI-VIII),Department of Education,Co-Ed,179,124,94,175,15,114,179,1,12,65,158,174,177,39,32,177,34,150,78,93,39,170
Haryana,Rural,HSS (I-XII),Government Aided,Girls,1,1,1,1,1,1,1,1,1,0,1,1,1,1,0,1,0,0,0,0,1,1
Haryana,Rural,HSS (I-XII),Government Aided,Co-Ed,1,1,1,1,0,1,1,0,1,0,1,1,1,1,0,1,0,1,1,0,1,1
Haryana,Urban,HSS (I-XII),Government Aided,Co-Ed,8,6,2,8,3,7,8,4,8,1,8,8,8,8,2,8,3,5,4,3,8,8
Haryana,Rural,HSS (VI-XII),Government Aided,Co-Ed,1,1,1,1,1,1,1,0,1,0,1,1,1,0,1,1,1,1,1,0,1,0
Haryana,Urban,PS (I-V),Government Aided,Co-Ed,1,1,1,1,1,1,0,0,0,0,1,1,1,1,0,1,0,1,1,0,1,1
Haryana,Urban,SS (I-X),Government Aided,Co-Ed,3,2,1,3,0,3,2,1,3,1,3,3,3,3,0,3,1,1,1,0,2,3
Haryana,Urban,SS (VI-X),Government Aided,Co-Ed,1,1,0,1,0,1,1,0,1,0,1,1,1,1,0,1,1,0,0,1,0,0
Haryana,Rural,HSS (VI-XII),Jawahar Navodaya Vidyalaya,Co-Ed,21,21,19,21,8,21,21,21,21,14,21,21,20,17,11,21,17,19,18,14,21,21
Haryana,Rural,HSS (I-XII),Kendriya Vidyalaya / Central School,Co-Ed,11,11,10,11,1,11,11,11,11,3,11,11,11,11,6,11,5,10,5,7,11,11
Haryana,Urban,HSS (I-XII),Kendriya Vidyalaya / Central School,Co-Ed,16,16,13,16,0,16,16,16,16,5,16,16,16,16,3,16,4,15,11,1,16,16
Haryana,Rural,PS (I-V),Kendriya Vidyalaya / Central School,Co-Ed,1,1,0,1,0,1,0,0,1,0,1,1,1,1,0,1,0,0,0,0,1,1
Haryana,Rural,SS (I-X),Kendriya Vidyalaya / Central School,Co-Ed,3,3,3,3,0,3,3,3,3,1,3,3,3,3,1,3,2,3,2,2,3,3
Haryana,Urban,SS (I-X),Kendriya Vidyalaya / Central School,Co-Ed,1,1,1,1,0,1,1,1,1,0,1,1,1,1,0,1,0,1,1,0,1,1
Haryana,Rural,UPS (I-VIII),Kendriya Vidyalaya / Central School,Co-Ed,2,2,1,2,0,2,2,1,2,2,1,2,2,2,0,2,0,2,0,0,2,2
Haryana,Urban,UPS (I-VIII),Kendriya Vidyalaya / Central School,Co-Ed,1,1,1,1,0,1,1,0,0,1,1,1,1,1,0,1,1,1,1,0,1,1
Haryana,Rural,UPS (I-VIII),Madarsa recognized (by Wakf board/Madarsa Board),Co-Ed,2,2,2,2,1,2,1,0,2,0,1,2,2,1,0,2,0,1,1,0,1,1
Haryana,Rural,PS (I-V),Madarsa unrecognized,Boys,1,0,0,1,0,1,1,0,1,0,0,1,1,0,1,0,0,0,0,0,0,0
Haryana,Rural,PS (I-V),Madarsa unrecognized,Co-Ed,2,1,1,2,0,2,0,0,1,0,0,2,2,0,0,2,0,0,0,2,1,1
Haryana,Urban,PS (I-V),Madarsa unrecognized,Boys,1,1,1,1,0,1,1,0,0,0,1,1,1,0,0,1,0,0,0,0,0,0
Haryana,Rural,UPS (I-VIII),Madarsa unrecognized,Girls,1,0,0,1,0,0,0,0,0,1,1,1,1,0,0,1,0,0,0,0,1,1
Haryana,Rural,UPS (I-VIII),Madarsa unrecognized,Co-Ed,5,4,5,5,2,5,3,1,4,1,4,5,5,2,1,5,2,2,1,1,4,4
Haryana,Urban,UPS (I-VIII),Madarsa unrecognized,Boys,1,1,0,1,0,1,1,0,0,0,1,1,1,0,1,1,0,1,1,1,1,1
Haryana,Urban,SS (I-X),Other Central Govt. Schools,Co-Ed,1,1,0,1,0,1,1,0,1,1,1,1,1,1,0,1,0,0,0,0,1,1
Haryana,Rural,HSS (I-XII),Other Govt. managed schools,Co-Ed,3,3,3,3,1,3,3,3,3,1,3,3,3,3,1,3,2,1,1,0,3,3
Haryana,Urban,HSS (I-XII),Other Govt. managed schools,Co-Ed,7,7,7,7,1,7,7,6,6,2,7,7,7,6,3,7,2,4,3,4,7,7
Haryana,Urban,PS (I-V),Other Govt. managed schools,Co-Ed,4,4,2,4,1,2,1,0,1,0,4,4,4,3,1,4,0,3,2,0,4,4
Haryana,Urban,UPS (I-VIII),Other Govt. managed schools,Co-Ed,3,3,3,3,1,3,3,0,0,0,3,3,3,3,0,3,1,2,0,1,3,3
Haryana,Rural,UPS (VI-VIII),Other Govt. managed schools,Girls,1,1,1,1,0,1,1,0,1,0,1,1,1,1,1,1,0,1,0,0,1,1
Haryana,Rural,UPS (VI-VIII),Other Govt. managed schools,Co-Ed,1,1,1,1,0,1,1,1,1,0,1,1,1,1,0,1,1,1,0,1,1,1
Haryana,Rural,HSS (I-XII),Private Unaided (Recognized),Boys,3,3,3,3,2,3,3,2,3,1,3,3,3,3,2,3,2,3,3,2,3,3
Haryana,Rural,HSS (I-XII),Private Unaided (Recognized),Girls,10,10,9,10,7,9,10,5,10,8,10,10,10,9,5,10,8,6,5,6,9,9
Haryana,Rural,HSS (I-XII),Private Unaided (Recognized),Co-Ed,1895,1865,1837,1879,789,1887,1859,1021,1847,664,1859,1895,1895,1420,783,1892,764,1298,999,842,1804,1880
Haryana,Urban,HSS (I-XII),Private Unaided (Recognized),Boys,4,4,3,4,1,4,4,4,4,1,4,4,4,4,2,4,0,3,2,1,4,4
Haryana,Urban,HSS (I-XII),Private Unaided (Recognized),Girls,9,9,6,9,4,9,9,9,9,3,9,9,9,9,4,9,1,3,2,2,9,9
Haryana,Urban,HSS (I-XII),Private Unaided (Recognized),Co-Ed,1235,1226,1019,1235,380,1219,1218,801,1204,416,1217,1233,1234,1093,588,1233,455,752,558,342,1198,1228
Haryana,Urban,HSS (IX-XII),Private Unaided (Recognized),Co-Ed,2,2,2,2,0,2,2,1,2,0,2,2,2,1,1,2,0,1,1,1,2,2
Haryana,Rural,HSS (VI-XII),Private Unaided (Recognized),Boys,4,4,4,4,2,4,4,2,4,3,4,4,4,4,1,4,0,3,2,0,4,4
Haryana,Rural,HSS (VI-XII),Private Unaided (Recognized),Girls,1,1,1,1,0,1,1,0,1,0,1,1,1,1,1,1,0,0,0,1,1,1
Haryana,Rural,HSS (VI-XII),Private Unaided (Recognized),Co-Ed,8,8,7,8,2,8,8,3,8,3,8,8,8,5,3,8,1,4,2,5,7,7
Haryana,Urban,HSS (VI-XII),Private Unaided (Recognized),Boys,9,9,6,9,3,9,8,3,8,3,9,9,9,7,1,9,0,4,2,0,7,9
Haryana,Urban,HSS (VI-XII),Private Unaided (Recognized),Girls,13,13,5,13,1,13,12,1,12,1,13,13,13,11,8,13,3,7,6,6,12,13
Haryana,Urban,HSS (VI-XII),Private Unaided (Recognized),Co-Ed,30,29,22,30,6,30,28,11,30,3,29,30,30,23,14,30,10,16,11,10,28,29
Haryana,Rural,HSS (XI-XII),Private Unaided (Recognized),Co-Ed,1,1,1,1,0,1,1,1,1,0,1,1,1,1,1,1,0,1,0,0,1,1
Haryana,Urban,HSS (XI-XII),Private Unaided (Recognized),Co-Ed,1,1,1,1,0,1,1,0,1,0,1,1,1,1,0,1,0,0,0,0,1,1
Haryana,Rural,PS (I-V),Private Unaided (Recognized),Girls,1,1,1,1,1,1,1,0,1,0,1,1,1,1,0,1,0,0,0,1,1,1
Haryana,Rural,PS (I-V),Private Unaided (Recognized),Co-Ed,332,311,280,325,109,311,275,41,283,57,300,330,331,139,56,329,0,149,78,110,237,264
Haryana,Urban,PS (I-V),Private Unaided (Recognized),Boys,2,2,0,2,0,1,1,0,2,0,2,2,2,1,0,2,0,1,0,0,0,1
Haryana,Urban,PS (I-V),Private Unaided (Recognized),Girls,2,2,0,2,1,1,1,0,2,1,2,2,2,2,0,2,0,1,1,1,1,1
Haryana,Urban,PS (I-V),Private Unaided (Recognized),Co-Ed,374,359,243,374,64,330,315,53,305,42,363,374,372,255,74,372,0,152,89,79,264,313
Haryana,Rural,SS (I-X),Private Unaided (Recognized),Boys,3,3,3,3,0,3,3,1,3,1,3,3,3,2,0,3,0,2,1,3,2,3
Haryana,Rural,SS (I-X),Private Unaided (Recognized),Girls,2,2,2,2,1,2,2,0,2,1,2,2,2,1,0,2,1,2,1,1,2,2
Haryana,Rural,SS (I-X),Private Unaided (Recognized),Co-Ed,1001,972,913,993,341,984,968,288,948,223,967,1001,1000,579,292,994,331,499,339,361,844,959
Haryana,Urban,SS (I-X),Private Unaided (Recognized),Co-Ed,844,823,603,844,144,781,807,216,788,147,834,844,844,598,229,840,253,380,235,247,736,822
Haryana,Rural,SS (VI-X),Private Unaided (Recognized),Boys,1,1,1,1,0,1,1,1,1,1,1,1,1,1,1,1,0,1,1,1,1,1
Haryana,Rural,SS (VI-X),Private Unaided (Recognized),Co-Ed,11,10,11,11,5,11,11,0,11,1,11,11,11,3,0,11,4,3,0,6,9,11
Haryana,Urban,SS (VI-X),Private Unaided (Recognized),Boys,3,3,3,3,1,3,2,1,3,1,3,3,3,3,1,3,0,2,0,2,3,3
Haryana,Urban,SS (VI-X),Private Unaided (Recognized),Girls,1,1,1,1,0,1,1,0,1,1,1,1,1,1,0,1,1,1,1,0,1,1
Haryana,Urban,SS (VI-X),Private Unaided (Recognized),Co-Ed,13,10,6,13,3,11,13,0,13,0,13,13,13,11,3,13,4,3,2,2,8,12
Haryana,Rural,UPS (I-VIII),Private Unaided (Recognized),Boys,1,1,1,1,0,1,1,1,1,0,1,1,1,1,1,1,1,1,0,0,1,1
Haryana,Rural,UPS (I-VIII),Private Unaided (Recognized),Girls,2,2,2,2,1,2,2,0,2,1,2,2,2,2,0,2,2,1,1,2,2,2
Haryana,Rural,UPS (I-VIII),Private Unaided (Recognized),Co-Ed,1239,1211,1107,1223,439,1187,1130,276,1102,278,1161,1239,1236,659,298,1232,426,650,418,458,990,1125
Haryana,Urban,UPS (I-VIII),Private Unaided (Recognized),Girls,1,1,1,1,0,1,1,1,1,1,1,1,1,1,0,1,0,0,0,0,1,1
Haryana,Urban,UPS (I-VIII),Private Unaided (Recognized),Co-Ed,1197,1171,906,1196,144,1089,1115,244,1077,242,1168,1196,1193,839,324,1190,342,602,387,296,964,1139
Haryana,Rural,UPS (VI-VIII),Private Unaided (Recognized),Co-Ed,4,4,4,4,1,4,4,1,2,0,4,4,4,3,2,4,3,3,3,2,2,3
Haryana,Urban,UPS (VI-VIII),Private Unaided (Recognized),Co-Ed,2,2,1,2,0,2,2,0,2,0,2,2,2,1,0,2,0,1,1,1,1,1
Haryana,Rural,HSS (VI-XII),Sainik School,Co-Ed,1,1,1,1,1,1,1,1,1,1,1,1,1,1,1,1,1,0,0,1,1,1
Haryana,Urban,HSS (VI-XII),Sainik School,Co-Ed,1,1,1,1,0,1,1,1,1,1,1,1,1,1,0,1,0,0,0,0,1,1
Haryana,Rural,HSS (I-XII),Unrecognized,Co-Ed,8,7,7,8,4,8,8,2,7,1,8,8,8,5,3,8,2,4,4,3,6,8
Haryana,Urban,HSS (I-XII),Unrecognized,Co-Ed,2,1,2,2,0,1,1,0,2,0,2,2,2,1,0,2,0,1,0,0,2,1
Haryana,Rural,PS (I-V),Unrecognized,Co-Ed,174,164,144,170,61,150,129,15,138,25,147,174,174,74,27,174,0,64,37,56,101,119
Haryana,Urban,PS (I-V),Unrecognized,Co-Ed,150,142,95,150,23,125,111,19,118,19,142,150,150,106,18,150,0,38,23,47,100,132
Haryana,Rural,SS (I-X),Unrecognized,Co-Ed,15,14,12,15,4,14,15,1,12,2,13,15,15,10,2,15,3,5,4,7,15,13
Haryana,Urban,SS (I-X),Unrecognized,Co-Ed,6,5,5,6,1,5,5,2,4,0,6,6,6,3,0,6,3,2,1,3,6,6
Haryana,Urban,SS (VI-X),Unrecognized,Co-Ed,1,1,0,1,0,1,1,0,1,1,1,1,1,0,0,1,1,0,0,0,0,1
Haryana,Rural,UPS (I-VIII),Unrecognized,Boys,1,1,1,1,0,1,1,0,1,1,0,1,1,1,0,1,0,0,0,1,1,1
Haryana,Rural,UPS (I-VIII),Unrecognized,Girls,1,1,1,1,0,1,1,0,1,1,1,1,1,1,0,1,0,1,0,1,1,1
Haryana,Rural,UPS (I-VIII),Unrecognized,Co-Ed,281,271,237,277,84,249,233,55,225,78,254,278,278,133,65,279,104,119,68,102,212,239
Haryana,Urban,UPS (I-VIII),Unrecognized,Girls,1,1,0,1,0,1,0,0,1,0,1,1,1,0,0,1,0,0,0,0,1,1
Haryana,Urban,UPS (I-VIII),Unrecognized,Co-Ed,232,225,183,232,31,204,191,55,191,47,226,232,232,159,48,230,58,80,37,75,185,210
Haryana,Urban,UPS (VI-VIII),Unrecognized,Co-Ed,2,2,2,2,0,2,2,1,0,0,2,2,2,2,0,2,0,0,0,0,1,1
Himachal Pradesh,Rural,HSS (I-XII),Central Tibetan School,Co-Ed,2,2,0,2,0,2,2,2,2,1,2,2,2,2,0,2,1,1,1,1,2,2
Himachal Pradesh,Urban,HSS (I-XII),Central Tibetan School,Co-Ed,1,1,1,1,1,1,1,0,1,1,1,1,1,1,0,1,0,0,0,1,1,1
Himachal Pradesh,Urban,HSS (VI-XII),Central Tibetan School,Co-Ed,1,1,1,1,0,1,1,0,1,1,1,1,1,1,0,1,1,1,0,0,1,1
Himachal Pradesh,Rural,PS (I-V),Central Tibetan School,Co-Ed,1,1,0,1,1,1,1,1,1,1,1,1,1,1,0,1,0,1,1,0,1,1
Himachal Pradesh,Urban,HSS (I-XII),Department of Education,Co-Ed,1,1,1,1,0,1,1,0,1,0,1,1,1,1,0,1,1,1,1,0,1,1
Himachal Pradesh,Rural,HSS (VI-XII),Department of Education,Boys,1,1,1,1,0,1,1,0,1,1,1,1,1,0,0,1,0,1,1,0,1,1
Himachal Pradesh,Rural,HSS (VI-XII),Department of Education,Girls,13,12,9,13,1,13,13,0,10,9,12,13,13,5,4,13,8,10,9,1,13,13
Himachal Pradesh,Rural,HSS (VI-XII),Department of Education,Co-Ed,1762,1578,1465,1761,140,1685,1719,132,1267,730,1702,1756,1760,745,613,1758,1015,1570,1304,425,1555,1760
Himachal Pradesh,Urban,HSS (VI-XII),Department of Education,Boys,18,17,13,18,0,18,18,13,18,9,17,18,18,10,8,18,0,16,14,2,18,18
Himachal Pradesh,Urban,HSS (VI-XII),Department of Education,Girls,33,33,23,33,3,33,33,11,30,16,33,33,33,19,14,33,24,28,20,7,33,33
Himachal Pradesh,Urban,HSS (VI-XII),Department of Education,Co-Ed,48,47,32,48,6,46,47,18,42,20,47,48,48,29,16,48,24,45,35,12,48,48
Himachal Pradesh,Rural,PS (I-V),Department of Education,Boys,6,4,3,6,0,5,6,1,0,3,6,6,6,0,0,6,0,5,5,3,1,2
Himachal Pradesh,Rural,PS (I-V),Department of Education,Girls,6,1,5,6,0,6,6,1,0,2,6,6,6,1,0,6,0,6,6,1,1,1
Himachal Pradesh,Rural,PS (I-V),Department of Education,Co-Ed,10294,2798,7024,10006,483,8589,10101,250,480,3300,9005,10217,10285,2446,416,10220,2,9158,7775,989,1618,1496
Himachal Pradesh,Urban,PS (I-V),Department of Education,Boys,6,0,1,6,0,5,6,0,0,3,6,6,6,4,0,6,0,5,3,1,1,1
Himachal Pradesh,Urban,PS (I-V),Department of Education,Girls,6,3,3,6,0,4,6,0,0,3,6,5,6,2,0,6,0,6,5,1,1,1
Himachal Pradesh,Urban,PS (I-V),Department of Education,Co-Ed,237,102,117,236,14,176,236,5,21,58,221,236,237,81,5,237,0,203,164,15,39,80
Himachal Pradesh,Rural,SS (VI-X),Department of Education,Girls,5,5,4,5,1,5,5,0,4,3,5,5,5,3,2,5,2,5,4,1,5,5
Himachal Pradesh,Rural,SS (VI-X),Department of Education,Co-Ed,908,692,714,905,55,824,884,4,377,406,870,904,904,312,127,904,390,760,654,158,476,751
Himachal Pradesh,Urban,SS (VI-X),Department of Education,Girls,1,1,1,1,0,1,1,0,1,1,1,1,1,1,0,1,0,1,1,0,1,1
Himachal Pradesh,Urban,SS (VI-X),Department of Education,Co-Ed,19,16,12,19,1,15,19,0,11,4,19,19,19,15,1,19,3,13,7,0,15,17
Himachal Pradesh,Rural,UPS (VI-VIII),Department of Education,Girls,5,3,3,5,0,5,5,0,2,4,5,5,5,1,0,5,0,4,4,1,1,4
Himachal Pradesh,Rural,UPS (VI-VIII),Department of Education,Co-Ed,1908,1121,1325,1805,196,1660,1772,31,252,696,1724,1866,1899,545,73,1885,318,1496,1315,215,284,510
Himachal Pradesh,Urban,UPS (VI-VIII),Department of Education,Girls,1,1,1,1,0,1,1,0,0,1,1,1,1,1,0,1,0,1,1,1,1,1
Himachal Pradesh,Urban,UPS (VI-VIII),Department of Education,Co-Ed,35,23,15,35,4,22,34,0,9,5,34,35,35,14,1,33,4,26,18,4,3,8
Himachal Pradesh,Rural,HSS (VI-XII),Jawahar Navodaya Vidyalaya,Co-Ed,10,10,8,10,5,10,10,10,9,6,10,10,10,10,3,10,9,9,8,8,10,10
Himachal Pradesh,Urban,HSS (VI-XII),Jawahar Navodaya Vidyalaya,Co-Ed,1,1,1,1,1,1,1,1,1,0,1,1,1,0,0,1,1,1,0,0,1,1
Himachal Pradesh,Rural,SS (VI-X),Jawahar Navodaya Vidyalaya,Co-Ed,1,1,1,1,1,1,1,1,1,1,1,1,1,0,0,1,1,1,1,1,1,1
Himachal Pradesh,Rural,HSS (I-XII),Kendriya Vidyalaya / Central School,Co-Ed,16,16,9,16,2,16,16,13,16,2,15,16,16,16,0,16,6,12,10,6,16,16
Himachal Pradesh,Urban,HSS (I-XII),Kendriya Vidyalaya / Central School,Co-Ed,4,4,3,4,1,4,4,4,4,0,4,4,4,4,0,4,1,4,3,0,4,4
Himachal Pradesh,Rural,SS (I-X),Kendriya Vidyalaya / Central School,Co-Ed,3,3,0,3,0,3,3,1,3,0,3,3,3,3,1,3,0,2,1,1,3,3
Himachal Pradesh,Urban,SS (I-X),Kendriya Vidyalaya / Central School,Co-Ed,2,2,0,2,0,2,2,2,2,0,2,2,2,2,0,2,0,1,0,0,2,2
Himachal Pradesh,Rural,PS (I-V),Local body,Co-Ed,5,2,5,5,1,4,0,0,1,0,5,5,5,1,0,5,0,2,0,1,0,2
Himachal Pradesh,Urban,PS (I-V),Local body,Co-Ed,1,1,1,1,0,1,1,0,0,0,1,1,1,1,0,1,0,1,1,0,0,1
Himachal Pradesh,Urban,SS (I-X),Local body,Co-Ed,1,1,1,1,0,1,1,0,1,0,1,1,1,1,0,1,0,1,0,1,1,1
Himachal Pradesh,Rural,SS (VI-X),Local body,Co-Ed,2,2,2,2,0,2,2,0,1,0,2,2,2,2,0,2,1,2,0,0,2,2
Himachal Pradesh,Rural,UPS (I-VIII),Local body,Co-Ed,2,2,2,2,0,2,1,0,1,0,2,2,2,2,1,2,1,0,0,0,1,1
Himachal Pradesh,Urban,UPS (I-VIII),Local body,Co-Ed,1,1,1,1,0,1,1,0,1,1,1,1,1,1,0,1,0,0,0,0,1,1
Himachal Pradesh,Rural,PS (I-V),Madarsa recognized (by Wakf board/Madarsa Board),Co-Ed,2,1,2,2,0,2,1,1,1,0,0,2,2,0,1,2,0,0,0,0,0,0
Himachal Pradesh,Rural,HSS (I-XII),Other Central Govt. Schools,Co-Ed,2,2,1,2,1,2,2,1,2,0,2,2,2,2,0,2,1,0,0,1,2,2
Himachal Pradesh,Rural,HSS (VI-XII),Other Central Govt. Schools,Co-Ed,1,1,0,1,1,1,1,1,1,1,1,1,1,1,1,1,1,0,0,1,1,1
Himachal Pradesh,Urban,PS (I-V),Other Central Govt. Schools,Co-Ed,1,1,0,1,0,0,0,0,0,0,1,1,1,1,0,1,0,0,0,0,1,1
Himachal Pradesh,Rural,HSS (I-XII),Private Unaided (Recognized),Co-Ed,419,418,364,419,82,407,413,323,385,153,410,418,417,280,120,419,290,126,94,102,401,419
Himachal Pradesh,Urban,HSS (I-XII),Private Unaided (Recognized),Boys,3,3,3,3,2,3,3,3,3,2,3,3,3,3,3,3,0,1,0,1,3,3
Himachal Pradesh,Urban,HSS (I-XII),Private Unaided (Recognized),Girls,3,3,3,3,3,3,3,3,3,2,3,3,3,3,3,3,3,2,2,0,3,3
Himachal Pradesh,Urban,HSS (I-XII),Private Unaided (Recognized),Co-Ed,162,161,110,162,26,161,161,132,155,54,161,162,162,129,40,162,105,31,21,32,158,162
Himachal Pradesh,Rural,HSS (IX-XII),Private Unaided (Recognized),Co-Ed,7,7,5,7,3,7,7,5,7,2,6,7,7,4,2,7,4,0,0,3,6,7
Himachal Pradesh,Urban,HSS (IX-XII),Private Unaided (Recognized),Co-Ed,6,6,4,6,0,6,6,4,5,0,6,6,6,6,0,6,4,1,0,0,6,6
Himachal Pradesh,Rural,HSS (VI-XII),Private Unaided (Recognized),Co-Ed,2,2,2,2,1,2,2,2,2,2,2,2,2,2,1,2,0,0,0,1,2,2
Himachal Pradesh,Urban,HSS (VI-XII),Private Unaided (Recognized),Co-Ed,6,6,3,6,1,6,6,6,5,4,6,6,6,6,1,6,4,1,1,0,6,6
Himachal Pradesh,Rural,HSS (XI-XII),Private Unaided (Recognized),Co-Ed,6,6,3,6,0,6,6,5,6,0,6,6,6,6,1,6,5,0,0,1,6,6
Himachal Pradesh,Urban,HSS (XI-XII),Private Unaided (Recognized),Co-Ed,1,1,1,1,1,1,1,1,1,0,1,1,1,1,1,1,1,1,1,0,1,1
Himachal Pradesh,Rural,PS (I-V),Private Unaided (Recognized),Co-Ed,465,402,284,461,47,404,324,39,236,80,446,461,464,150,56,464,1,101,72,133,232,354
Himachal Pradesh,Urban,PS (I-V),Private Unaided (Recognized),Co-Ed,55,55,30,55,4,50,39,5,38,18,54,55,55,35,8,55,0,10,9,8,40,53
Himachal Pradesh,Rural,SS (I-X),Private Unaided (Recognized),Boys,1,1,1,1,0,1,1,0,1,1,1,1,1,1,0,1,0,1,0,0,1,1
Himachal Pradesh,Rural,SS (I-X),Private Unaided (Recognized),Co-Ed,665,657,525,665,70,639,637,241,569,134,654,664,664,304,96,664,359,148,112,188,567,659
Himachal Pradesh,Urban,SS (I-X),Private Unaided (Recognized),Co-Ed,120,120,56,120,11,112,116,50,100,28,117,120,120,74,21,120,65,20,14,25,108,120
Himachal Pradesh,Rural,UPS (I-VIII),Private Unaided (Recognized),Co-Ed,647,631,474,647,57,594,526,105,461,141,626,646,643,229,76,646,253,131,100,177,435,618
Himachal Pradesh,Urban,UPS (I-VIII),Private Unaided (Recognized),Co-Ed,78,78,53,78,4,72,69,19,61,25,74,78,78,50,13,78,36,11,7,21,65,75
Himachal Pradesh,Urban,HSS (I-XII),Sainik School,Co-Ed,1,1,1,1,0,1,1,0,1,1,1,1,1,1,0,1,1,0,0,1,1,1
Himachal Pradesh,Urban,HSS (VI-XII),Sainik School,Co-Ed,1,1,1,1,0,1,1,1,1,0,1,1,1,1,0,1,0,0,0,1,1,1
Himachal Pradesh,Urban,HSS (I-XII),Tribal Welfare Department,Boys,2,2,2,2,2,2,2,0,2,0,2,2,2,2,1,2,0,0,0,0,2,2
Himachal Pradesh,Urban,HSS (I-XII),Tribal Welfare Department,Girls,1,1,1,1,1,1,1,0,1,1,1,1,1,1,1,1,0,1,1,1,1,1
Himachal Pradesh,Rural,HSS (VI-XII),Tribal Welfare Department,Co-Ed,4,4,2,4,1,4,3,1,3,1,4,4,4,3,0,4,2,2,1,3,3,4
Jammu & Kashmir,Rural,HSS (I-XII),Department of Education,Girls,1,1,1,1,0,1,1,1,1,0,1,1,1,1,0,1,1,1,1,1,0,1
Jammu & Kashmir,Rural,HSS (I-XII),Department of Education,Co-Ed,183,142,160,178,134,153,169,48,110,47,167,180,176,39,7,175,89,143,89,49,62,181
Jammu & Kashmir,Urban,HSS (I-XII),Department of Education,Girls,3,3,1,3,2,2,3,3,2,0,3,3,3,1,0,3,2,3,3,0,2,3
Jammu & Kashmir,Urban,HSS (I-XII),Department of Education,Co-Ed,6,5,5,6,5,5,5,5,4,1,5,6,6,5,0,6,3,4,3,1,5,5
Jammu & Kashmir,Rural,HSS (IX-XII),Department of Education,Boys,8,7,7,7,6,7,8,8,8,2,7,8,8,4,0,8,0,8,5,3,5,8
Jammu & Kashmir,Rural,HSS (IX-XII),Department of Education,Girls,18,17,9,17,18,14,18,10,12,3,18,18,18,11,0,17,10,10,3,5,11,18
Jammu & Kashmir,Rural,HSS (IX-XII),Department of Education,Co-Ed,291,264,242,286,251,264,288,129,221,26,278,290,283,160,9,284,149,248,144,100,142,291
Jammu & Kashmir,Urban,HSS (IX-XII),Department of Education,Boys,38,36,34,38,34,38,38,25,36,6,37,37,38,26,1,37,1,29,13,4,35,38
Jammu & Kashmir,Urban,HSS (IX-XII),Department of Education,Girls,53,50,35,53,47,45,53,37,48,10,53,53,53,43,2,53,23,45,23,22,49,53
Jammu & Kashmir,Urban,HSS (IX-XII),Department of Education,Co-Ed,56,54,43,56,51,52,56,36,55,7,53,56,56,45,2,55,24,54,31,20,51,56
Jammu & Kashmir,Rural,HSS (VI-XII),Department of Education,Boys,2,2,1,2,2,2,2,2,2,1,2,2,2,2,0,2,1,1,0,1,2,2
Jammu & Kashmir,Rural,HSS (VI-XII),Department of Education,Co-Ed,118,98,96,118,94,102,116,50,78,31,109,117,115,51,6,118,63,106,68,41,51,117
Jammu & Kashmir,Urban,HSS (VI-XII),Department of Education,Girls,2,2,1,2,1,2,2,1,2,0,2,2,2,1,0,2,1,2,1,1,0,2
Jammu & Kashmir,Urban,HSS (VI-XII),Department of Education,Co-Ed,8,8,6,8,5,7,7,6,8,0,7,8,8,4,0,7,5,4,1,2,7,8
Jammu & Kashmir,Urban,HSS (XI-XII),Department of Education,Boys,2,2,2,2,2,2,2,1,2,1,2,2,2,2,0,2,0,2,1,0,2,2
Jammu & Kashmir,Rural,PS (I-V),Department of Education,Boys,38,8,17,31,2,26,27,0,2,6,23,34,37,4,1,37,0,24,10,11,8,2
Jammu & Kashmir,Rural,PS (I-V),Department of Education,Girls,91,17,50,75,1,58,71,0,6,18,58,81,89,12,2,90,0,47,21,25,23,1
Jammu & Kashmir,Rural,PS (I-V),Department of Education,Co-Ed,12013,2021,7582,6794,385,5231,6989,18,386,1028,4423,9927,11155,1101,88,11363,0,3448,1004,2394,2410,273
Jammu & Kashmir,Urban,PS (I-V),Department of Education,Boys,6,0,2,2,0,1,1,0,0,0,0,2,2,0,0,2,0,1,1,0,0,0
Jammu & Kashmir,Urban,PS (I-V),Department of Education,Girls,5,0,0,3,0,3,3,0,2,2,3,3,4,1,0,3,0,3,0,2,0,0
Jammu & Kashmir,Urban,PS (I-V),Department of Education,Co-Ed,820,134,164,573,43,331,488,2,56,47,393,749,773,131,12,766,0,245,67,197,87,36
Jammu & Kashmir,Rural,SS (I-X),Department of Education,Boys,3,3,3,3,1,3,3,0,0,2,3,3,3,1,0,3,0,2,1,1,1,3
Jammu & Kashmir,Rural,SS (I-X),Department of Education,Girls,26,19,20,26,15,21,26,10,18,9,26,26,26,11,1,26,19,24,15,11,9,25
Jammu & Kashmir,Rural,SS (I-X),Department of Education,Co-Ed,1215,731,999,1166,456,954,1110,121,562,211,1111,1161,1181,336,30,1191,477,952,461,422,295,1130
Jammu & Kashmir,Urban,SS (I-X),Department of Education,Boys,6,6,4,6,1,4,6,2,5,1,6,6,6,4,0,6,0,6,1,1,3,6
Jammu & Kashmir,Urban,SS (I-X),Department of Education,Girls,12,10,6,12,11,11,11,1,11,3,12,12,12,6,0,12,9,11,10,7,6,11
Jammu & Kashmir,Urban,SS (I-X),Department of Education,Co-Ed,102,88,58,101,64,85,98,24,55,20,98,102,101,42,2,97,36,69,31,33,32,97
Jammu & Kashmir,Rural,SS (IX-X),Department of Education,Boys,2,2,1,2,1,2,2,0,1,1,2,2,2,2,0,2,0,2,1,1,1,2
Jammu & Kashmir,Rural,SS (IX-X),Department of Education,Girls,2,1,1,2,1,2,2,0,1,0,2,2,2,1,0,2,0,2,1,2,1,2
Jammu & Kashmir,Rural,SS (IX-X),Department of Education,Co-Ed,25,20,20,25,16,23,25,5,10,2,24,23,24,16,0,23,15,22,6,18,3,25
Jammu & Kashmir,Urban,SS (IX-X),Department of Education,Girls,1,1,1,1,1,1,1,1,1,0,1,1,1,1,0,1,0,1,0,0,0,0
Jammu & Kashmir,Urban,SS (IX-X),Department of Education,Co-Ed,2,2,1,2,1,1,2,1,1,1,2,2,2,2,0,2,1,2,1,2,1,2
Jammu & Kashmir,Rural,SS (VI-X),Department of Education,Boys,6,6,5,5,5,6,6,1,2,1,6,6,6,2,0,6,2,4,0,3,2,6
Jammu & Kashmir,Rural,SS (VI-X),Department of Education,Girls,23,17,16,23,16,18,23,4,12,5,21,23,23,14,0,23,14,18,11,12,5,21
Jammu & Kashmir,Rural,SS (VI-X),Department of Education,Co-Ed,286,204,218,278,194,232,278,55,154,16,270,284,282,141,3,284,141,239,104,141,87,279
Jammu & Kashmir,Urban,SS (VI-X),Department of Education,Boys,7,6,3,7,4,5,7,3,5,1,7,7,7,5,0,7,0,6,3,2,3,6
Jammu & Kashmir,Urban,SS (VI-X),Department of Education,Girls,6,3,3,6,2,5,6,1,4,1,6,6,6,6,0,6,3,5,3,3,2,6
Jammu & Kashmir,Urban,SS (VI-X),Department of Education,Co-Ed,19,18,12,19,12,18,19,7,10,3,19,19,19,13,0,18,6,17,8,9,6,18
Jammu & Kashmir,Rural,UPS (I-VIII),Department of Education,Boys,39,19,21,33,9,28,36,1,9,7,27,37,36,7,0,39,2,23,13,13,5,20
Jammu & Kashmir,Rural,UPS (I-VIII),Department of Education,Girls,72,29,47,63,20,52,63,0,12,14,59,68,72,20,2,71,12,49,28,30,21,41
Jammu & Kashmir,Rural,UPS (I-VIII),Department of Education,Co-Ed,6810,2347,4819,5440,724,4204,5636,15,786,840,4946,6333,6550,1239,112,6606,307,3971,1446,1971,1573,2079
Jammu & Kashmir,Urban,UPS (I-VIII),Department of Education,Boys,17,13,11,15,8,16,13,0,10,10,17,16,17,1,2,16,0,13,11,4,1,10
Jammu & Kashmir,Urban,UPS (I-VIII),Department of Education,Girls,11,6,6,11,2,9,10,0,7,4,9,11,11,7,1,11,2,6,5,3,2,5
Jammu & Kashmir,Urban,UPS (I-VIII),Department of Education,Co-Ed,541,295,218,492,103,365,463,0,114,47,406,530,531,192,10,531,32,286,96,179,76,226
Jammu & Kashmir,Rural,UPS (VI-VIII),Department of Education,Boys,3,1,1,1,0,1,3,0,1,0,2,2,3,1,0,3,0,0,0,0,0,0
Jammu & Kashmir,Rural,UPS (VI-VIII),Department of Education,Girls,82,51,45,71,21,48,54,0,6,9,56,82,77,45,0,82,16,21,9,26,19,58
Jammu & Kashmir,Rural,UPS (VI-VIII),Department of Education,Co-Ed,23,8,17,20,4,14,20,0,4,4,15,23,23,7,0,23,2,16,4,10,6,9
Jammu & Kashmir,Urban,UPS (VI-VIII),Department of Education,Boys,1,1,1,1,0,1,0,0,1,0,1,1,1,1,0,1,0,0,0,0,0,0
Jammu & Kashmir,Urban,UPS (VI-VIII),Department of Education,Girls,7,7,3,6,3,6,5,0,2,2,3,7,7,2,0,6,0,2,1,2,2,5
Jammu & Kashmir,Urban,UPS (VI-VIII),Department of Education,Co-Ed,6,3,1,4,0,5,6,0,4,2,4,6,6,4,0,6,1,3,1,3,1,2
Jammu & Kashmir,Rural,SS (I-X),Government Aided,Co-Ed,1,1,1,1,1,1,1,1,0,1,1,1,1,1,0,1,0,0,0,1,1,1
Jammu & Kashmir,Rural,HSS (VI-XII),Jawahar Navodaya Vidyalaya,Co-Ed,13,13,13,13,5,13,13,11,13,6,13,13,13,12,2,13,8,7,7,10,13,13
Jammu & Kashmir,Urban,HSS (VI-XII),Jawahar Navodaya Vidyalaya,Co-Ed,5,5,5,5,1,5,5,4,5,3,4,5,5,3,0,5,3,2,2,4,5,5
Jammu & Kashmir,Rural,SS (VI-X),Jawahar Navodaya Vidyalaya,Co-Ed,2,2,1,2,1,2,2,2,2,2,2,2,2,1,0,2,2,0,0,1,2,2
Jammu & Kashmir,Rural,HSS (I-XII),Kendriya Vidyalaya / Central School,Co-Ed,14,14,8,14,0,14,14,10,14,5,13,14,14,13,0,14,6,11,5,2,14,14
Jammu & Kashmir,Urban,HSS (I-XII),Kendriya Vidyalaya / Central School,Co-Ed,13,13,9,13,0,13,13,13,13,1,13,13,13,12,2,13,4,13,5,2,13,13
Jammu & Kashmir,Rural,PS (I-V),Kendriya Vidyalaya / Central School,Co-Ed,1,1,1,1,0,1,1,0,0,0,1,1,1,0,0,1,0,0,0,0,0,1
Jammu & Kashmir,Rural,SS (I-X),Kendriya Vidyalaya / Central School,Co-Ed,4,4,4,4,0,4,4,4,4,2,4,4,4,3,0,4,0,2,0,1,4,4
Jammu & Kashmir,Urban,SS (I-X),Kendriya Vidyalaya / Central School,Co-Ed,3,2,1,3,0,2,3,3,3,0,3,3,3,3,0,3,0,2,1,0,3,3
Jammu & Kashmir,Rural,SS (VI-X),Kendriya Vidyalaya / Central School,Co-Ed,1,1,0,1,0,1,1,1,0,0,1,1,1,1,0,0,1,1,0,0,0,1
Jammu & Kashmir,Rural,HSS (I-XII),Madarsa recognized (by Wakf board/Madarsa Board),Co-Ed,1,1,0,1,0,1,1,0,1,1,1,1,1,1,0,1,1,0,0,0,0,1
Jammu & Kashmir,Rural,HSS (IX-XII),Madarsa recognized (by Wakf board/Madarsa Board),Girls,1,1,1,1,1,1,1,1,1,1,1,1,1,1,0,1,1,0,0,0,1,1
Jammu & Kashmir,Rural,PS (I-V),Madarsa recognized (by Wakf board/Madarsa Board),Boys,7,5,6,6,2,3,3,1,1,3,3,7,7,1,0,7,0,1,1,3,0,4
Jammu & Kashmir,Rural,PS (I-V),Madarsa recognized (by Wakf board/Madarsa Board),Girls,2,2,2,2,1,0,2,0,0,0,2,2,2,0,0,2,0,0,0,2,0,1
Jammu & Kashmir,Rural,PS (I-V),Madarsa recognized (by Wakf board/Madarsa Board),Co-Ed,19,13,10,16,6,12,10,3,4,7,9,19,19,3,1,19,0,1,0,2,13,10
Jammu & Kashmir,Urban,PS (I-V),Madarsa recognized (by Wakf board/Madarsa Board),Boys,1,1,0,0,1,0,0,0,0,0,0,1,1,0,0,1,0,1,0,0,1,0
Jammu & Kashmir,Urban,PS (I-V),Madarsa recognized (by Wakf board/Madarsa Board),Co-Ed,1,1,0,1,0,1,1,1,1,0,0,1,1,1,0,1,0,0,0,0,1,1
Jammu & Kashmir,Rural,SS (I-X),Madarsa recognized (by Wakf board/Madarsa Board),Co-Ed,8,7,8,8,1,8,8,2,6,1,8,8,8,7,0,8,3,1,0,2,3,8
Jammu & Kashmir,Urban,SS (I-X),Madarsa recognized (by Wakf board/Madarsa Board),Co-Ed,1,1,1,1,0,1,1,1,1,0,1,1,1,1,0,1,0,0,0,1,0,1
Jammu & Kashmir,Rural,UPS (I-VIII),Madarsa recognized (by Wakf board/Madarsa Board),Boys,2,2,2,2,2,2,2,1,2,1,1,2,1,0,1,2,0,0,0,2,2,2
Jammu & Kashmir,Rural,UPS (I-VIII),Madarsa recognized (by Wakf board/Madarsa Board),Girls,2,2,2,1,1,2,2,1,2,1,1,2,2,1,1,2,1,0,0,2,2,2
Jammu & Kashmir,Rural,UPS (I-VIII),Madarsa recognized (by Wakf board/Madarsa Board),Co-Ed,20,19,18,16,1,20,17,2,12,3,12,20,20,10,0,20,6,5,2,13,12,17
Jammu & Kashmir,Urban,UPS (I-VIII),Madarsa recognized (by Wakf board/Madarsa Board),Co-Ed,5,5,3,5,2,5,5,1,2,2,2,5,5,3,1,5,2,0,0,1,1,4
Jammu & Kashmir,Rural,PS (I-V),Madarsa unrecognized,Co-Ed,4,3,4,4,0,4,3,0,4,0,1,4,4,1,0,4,0,3,2,0,0,1
Jammu & Kashmir,Urban,PS (I-V),Madarsa unrecognized,Co-Ed,1,1,1,1,0,1,1,0,1,0,0,1,1,0,0,1,0,1,1,0,0,0
Jammu & Kashmir,Rural,HSS (I-XII),Private Unaided (Recognized),Boys,2,2,2,2,1,1,2,2,2,1,2,2,2,2,1,2,0,0,0,2,2,2
Jammu & Kashmir,Rural,HSS (I-XII),Private Unaided (Recognized),Girls,3,3,3,3,1,3,3,2,3,0,3,3,3,2,0,3,1,0,0,1,2,3
Jammu & Kashmir,Rural,HSS (I-XII),Private Unaided (Recognized),Co-Ed,178,176,171,177,26,178,175,116,167,44,170,178,178,123,26,176,59,53,30,44,154,175
Jammu & Kashmir,Urban,HSS (I-XII),Private Unaided (Recognized),Boys,4,4,4,4,2,4,4,4,3,1,4,4,4,4,1,4,1,1,0,1,4,4
Jammu & Kashmir,Urban,HSS (I-XII),Private Unaided (Recognized),Girls,5,5,5,5,1,5,5,5,5,2,5,5,5,5,2,5,3,1,1,1,5,5
Jammu & Kashmir,Urban,HSS (I-XII),Private Unaided (Recognized),Co-Ed,218,217,179,217,32,215,215,156,189,76,207,218,218,192,28,218,78,55,37,43,202,218
Jammu & Kashmir,Rural,HSS (IX-XII),Private Unaided (Recognized),Girls,2,2,2,2,1,2,2,0,2,1,1,2,2,2,0,2,0,0,0,2,1,2
Jammu & Kashmir,Rural,HSS (IX-XII),Private Unaided (Recognized),Co-Ed,7,7,7,7,4,6,6,6,5,2,6,7,7,7,1,7,2,2,2,3,6,7
Jammu & Kashmir,Urban,HSS (IX-XII),Private Unaided (Recognized),Girls,1,1,0,1,0,1,1,0,1,1,1,1,1,0,0,1,0,0,0,1,1,1
Jammu & Kashmir,Urban,HSS (IX-XII),Private Unaided (Recognized),Co-Ed,3,3,2,3,0,3,3,3,2,1,3,3,3,3,0,3,1,1,1,0,2,3
Jammu & Kashmir,Rural,HSS (VI-XII),Private Unaided (Recognized),Boys,3,3,3,3,3,3,3,3,3,3,3,3,3,2,2,3,1,0,0,2,3,2
Jammu & Kashmir,Rural,HSS (VI-XII),Private Unaided (Recognized),Co-Ed,1,1,1,1,0,1,1,0,0,1,0,1,1,1,0,1,0,0,0,0,0,1
Jammu & Kashmir,Urban,HSS (XI-XII),Private Unaided (Recognized),Girls,1,1,1,1,0,1,1,1,1,1,1,1,1,1,0,1,0,0,0,0,1,1
Jammu & Kashmir,Urban,HSS (XI-XII),Private Unaided (Recognized),Co-Ed,1,1,1,1,0,1,1,1,1,0,1,1,1,1,0,1,1,0,0,1,1,1
Jammu & Kashmir,Rural,PS (I-V),Private Unaided (Recognized),Boys,2,1,1,2,0,1,2,0,1,0,2,2,2,1,0,2,0,0,0,1,0,1
Jammu & Kashmir,Rural,PS (I-V),Private Unaided (Recognized),Girls,2,2,1,2,0,2,0,0,1,1,2,2,2,1,0,2,0,0,0,0,2,2
Jammu & Kashmir,Rural,PS (I-V),Private Unaided (Recognized),Co-Ed,1540,1222,1181,1166,170,1321,873,95,520,180,1019,1520,1478,477,54,1495,0,259,120,308,731,865
Jammu & Kashmir,Urban,PS (I-V),Private Unaided (Recognized),Boys,1,1,1,1,1,1,1,1,1,1,1,1,1,1,0,1,0,0,0,1,1,1
Jammu & Kashmir,Urban,PS (I-V),Private Unaided (Recognized),Co-Ed,253,241,175,242,24,229,169,30,140,60,227,252,248,166,11,249,0,50,25,36,169,209
Jammu & Kashmir,Rural,SS (I-X),Private Unaided (Recognized),Girls,1,1,1,1,0,1,1,1,1,1,1,1,1,1,0,1,0,0,0,0,1,1
Jammu & Kashmir,Rural,SS (I-X),Private Unaided (Recognized),Co-Ed,818,789,732,793,119,807,787,366,660,162,676,817,809,509,61,810,213,173,69,284,534,770
Jammu & Kashmir,Urban,SS (I-X),Private Unaided (Recognized),Boys,2,2,2,2,0,2,2,2,2,0,2,2,2,2,0,2,0,1,1,0,2,2
Jammu & Kashmir,Urban,SS (I-X),Private Unaided (Recognized),Girls,5,5,2,5,0,5,4,3,5,3,5,5,5,5,0,5,1,2,1,1,5,5
Jammu & Kashmir,Urban,SS (I-X),Private Unaided (Recognized),Co-Ed,559,551,408,551,69,547,545,314,469,123,536,559,555,436,44,558,184,115,57,118,449,549
Jammu & Kashmir,Rural,SS (IX-X),Private Unaided (Recognized),Co-Ed,1,1,1,1,0,1,1,1,0,0,1,1,1,1,0,1,0,0,0,0,0,1
Jammu & Kashmir,Urban,SS (IX-X),Private Unaided (Recognized),Co-Ed,1,1,0,1,0,1,1,0,1,0,1,1,1,1,0,1,0,0,0,0,1,1
Jammu & Kashmir,Rural,UPS (I-VIII),Private Unaided (Recognized),Boys,2,1,2,2,1,2,2,1,0,1,1,2,2,2,0,2,0,0,0,1,1,2
Jammu & Kashmir,Rural,UPS (I-VIII),Private Unaided (Recognized),Co-Ed,1489,1375,1231,1192,171,1424,1213,167,790,192,1046,1486,1470,626,59,1466,283,298,125,439,790,1097
Jammu & Kashmir,Urban,UPS (I-VIII),Private Unaided (Recognized),Boys,1,1,1,1,1,1,0,0,0,1,0,1,1,1,0,1,0,0,0,0,0,1
Jammu & Kashmir,Urban,UPS (I-VIII),Private Unaided (Recognized),Girls,2,2,2,1,0,2,0,0,1,1,1,2,2,2,0,2,1,0,0,0,2,2
Jammu & Kashmir,Urban,UPS (I-VIII),Private Unaided (Recognized),Co-Ed,418,407,275,384,45,409,358,76,282,67,377,418,415,262,18,412,112,69,24,90,273,380
Jammu & Kashmir,Rural,HSS (I-XII),Unrecognized,Co-Ed,1,1,1,1,0,1,1,0,1,0,1,1,1,1,0,1,0,0,0,0,0,1
Jammu & Kashmir,Rural,PS (I-V),Unrecognized,Co-Ed,11,6,6,6,1,7,4,0,3,1,9,10,11,1,1,9,0,1,0,4,5,3
Jammu & Kashmir,Urban,PS (I-V),Unrecognized,Co-Ed,6,6,4,5,2,5,2,0,5,0,4,6,6,2,0,6,0,0,0,0,3,6
Jammu & Kashmir,Rural,UPS (I-VIII),Unrecognized,Co-Ed,10,8,8,5,0,8,6,0,3,2,6,9,10,1,1,9,1,2,1,5,6,4
Jammu & Kashmir,Urban,UPS (I-VIII),Unrecognized,Co-Ed,2,2,0,2,0,2,2,0,2,1,2,2,2,1,0,2,0,0,0,0,1,2
Jharkhand,Rural,HSS (I-XII),Department of Education,Co-Ed,222,153,179,218,41,185,221,9,175,73,212,220,221,36,82,209,83,193,137,106,127,218
Jharkhand,Urban,HSS (I-XII),Department of Education,Girls,2,2,2,2,1,2,2,0,2,0,2,2,2,1,1,2,0,1,1,1,2,2
Jharkhand,Urban,HSS (I-XII),Department of Education,Co-Ed,9,7,7,9,1,9,9,1,9,3,9,9,8,1,4,9,1,7,5,6,6,9
Jharkhand,Rural,HSS (IX-XII),Department of Education,Boys,1,1,1,1,0,1,1,0,1,0,1,1,1,1,0,1,0,1,0,0,1,1
Jharkhand,Rural,HSS (IX-XII),Department of Education,Girls,5,4,3,5,0,5,5,0,4,2,5,5,5,0,1,5,2,4,4,3,4,5
Jharkhand,Rural,HSS (IX-XII),Department of Education,Co-Ed,277,223,265,276,68,268,275,17,247,42,261,276,273,83,97,263,117,195,118,120,141,274
Jharkhand,Urban,HSS (IX-XII),Department of Education,Boys,1,0,1,1,0,1,1,0,0,0,1,1,1,0,0,1,0,0,0,0,0,1
Jharkhand,Urban,HSS (IX-XII),Department of Education,Girls,10,9,9,10,2,9,10,0,10,3,9,10,10,3,3,10,4,8,4,4,7,10
Jharkhand,Urban,HSS (IX-XII),Department of Education,Co-Ed,38,34,31,38,3,34,38,2,34,6,36,38,38,16,13,37,13,25,9,12,32,38
Jharkhand,Rural,HSS (VI-XII),Department of Education,Boys,3,3,2,3,0,3,3,0,2,0,3,3,3,2,1,2,0,2,2,1,0,3
Jharkhand,Rural,HSS (VI-XII),Department of Education,Girls,241,203,185,232,178,211,230,27,216,173,220,239,239,173,117,237,194,136,98,168,178,236
Jharkhand,Rural,HSS (VI-XII),Department of Education,Co-Ed,119,68,72,106,16,94,92,5,52,19,100,118,116,10,21,109,24,58,39,47,46,87
Jharkhand,Urban,HSS (VI-XII),Department of Education,Boys,2,2,2,2,0,2,2,0,1,1,2,2,2,1,1,2,0,2,1,0,1,2
Jharkhand,Urban,HSS (VI-XII),Department of Education,Girls,32,29,24,32,17,28,30,2,31,14,30,32,32,19,14,32,24,20,12,16,25,31
Jharkhand,Urban,HSS (VI-XII),Department of Education,Co-Ed,23,17,18,22,6,20,19,2,17,6,22,23,23,10,9,21,9,14,6,10,18,22
Jharkhand,Rural,PS (I-V),Department of Education,Boys,2,2,0,2,0,1,1,0,1,0,2,2,2,0,0,2,0,2,0,1,1,2
Jharkhand,Rural,PS (I-V),Department of Education,Girls,5,3,3,4,0,3,5,0,3,1,5,5,5,0,0,5,0,4,1,0,3,4
Jharkhand,Rural,PS (I-V),Department of Education,Co-Ed,20402,10653,13886,18530,1971,13609,19917,625,11379,3000,19260,19764,19229,848,2694,18267,6,13826,7928,3383,6545,17380
Jharkhand,Urban,PS (I-V),Department of Education,Boys,2,2,0,2,0,2,2,0,0,0,2,2,2,1,0,2,0,0,0,1,0,2
Jharkhand,Urban,PS (I-V),Department of Education,Girls,3,3,2,2,0,1,2,0,2,0,2,3,2,0,1,3,0,3,2,1,1,2
Jharkhand,Urban,PS (I-V),Department of Education,Co-Ed,769,451,306,709,54,488,751,34,415,97,739,760,728,36,144,717,0,542,281,103,240,688
Jharkhand,Rural,SS (I-X),Department of Education,Girls,3,3,1,3,1,2,3,0,2,0,3,3,3,2,0,3,1,2,2,1,1,3
Jharkhand,Rural,SS (I-X),Department of Education,Co-Ed,1337,873,980,1310,231,1045,1325,40,977,391,1280,1330,1322,201,415,1282,425,1191,759,585,495,1291
Jharkhand,Urban,SS (I-X),Department of Education,Girls,2,2,1,2,0,1,2,0,2,0,2,2,2,1,2,2,1,2,2,1,1,2
Jharkhand,Urban,SS (I-X),Department of Education,Co-Ed,44,34,22,44,4,32,44,1,34,12,42,44,43,9,16,43,16,40,28,19,24,44
Jharkhand,Rural,SS (IX-X),Department of Education,Boys,2,2,2,2,0,2,2,0,2,0,2,2,2,0,1,2,0,2,1,0,2,2
Jharkhand,Rural,SS (IX-X),Department of Education,Girls,55,37,47,55,10,43,53,4,35,10,54,55,55,7,16,51,16,35,21,27,27,52
Jharkhand,Rural,SS (IX-X),Department of Education,Co-Ed,146,105,135,140,15,133,144,6,112,14,138,143,144,17,49,133,40,92,52,50,83,139
Jharkhand,Urban,SS (IX-X),Department of Education,Boys,5,5,4,5,0,3,5,0,5,0,5,5,5,0,1,5,2,4,2,1,4,5
Jharkhand,Urban,SS (IX-X),Department of Education,Girls,14,10,8,14,0,9,14,0,12,3,14,14,14,6,3,14,7,10,7,5,10,14
Jharkhand,Urban,SS (IX-X),Department of Education,Co-Ed,37,26,21,37,2,31,35,0,31,2,35,36,36,11,12,33,10,24,7,6,23,35
Jharkhand,Rural,SS (VI-X),Department of Education,Girls,20,10,19,20,2,19,19,0,13,5,18,19,19,4,3,16,6,11,6,6,9,16
Jharkhand,Rural,SS (VI-X),Department of Education,Co-Ed,18,11,16,16,6,18,17,1,8,3,17,16,18,3,4,15,4,14,8,9,9,14
Jharkhand,Urban,SS (VI-X),Department of Education,Boys,6,5,4,6,0,3,6,0,5,0,6,6,6,1,0,6,0,5,2,1,4,5
Jharkhand,Urban,SS (VI-X),Department of Education,Girls,6,6,4,6,0,4,5,0,5,3,6,6,6,0,4,6,2,5,2,1,4,6
Jharkhand,Urban,SS (VI-X),Department of Education,Co-Ed,10,8,6,10,0,8,10,0,6,3,10,10,10,3,4,10,2,6,4,2,9,9
Jharkhand,Rural,UPS (I-VIII),Department of Education,Boys,19,16,11,18,6,16,15,0,12,8,17,19,18,7,5,18,0,11,9,8,6,16
Jharkhand,Rural,UPS (I-VIII),Department of Education,Girls,24,15,10,23,7,14,23,0,19,4,24,24,23,2,4,24,8,22,15,8,5,20
Jharkhand,Rural,UPS (I-VIII),Department of Education,Co-Ed,10892,6129,6693,10455,1360,7241,10787,327,7544,2472,10393,10743,10568,731,2573,10159,2556,9271,5581,3292,3558,10367
Jharkhand,Urban,UPS (I-VIII),Department of Education,Boys,6,5,4,6,0,3,6,0,5,0,5,6,6,0,2,6,1,4,3,3,4,6
Jharkhand,Urban,UPS (I-VIII),Department of Education,Girls,23,11,9,23,4,16,23,3,18,5,22,23,23,3,5,22,5,15,8,6,7,22
Jharkhand,Urban,UPS (I-VIII),Department of Education,Co-Ed,589,427,247,578,41,394,584,17,411,132,567,584,572,63,188,560,163,511,287,155,188,554
Jharkhand,Rural,UPS (VI-VIII),Department of Education,Co-Ed,10,8,9,10,0,6,10,1,6,2,9,10,10,0,1,9,2,8,4,7,2,8
Jharkhand,Urban,UPS (VI-VIII),Department of Education,Boys,1,1,0,1,0,1,1,0,1,0,1,1,1,0,0,1,0,0,0,1,0,1
Jharkhand,Urban,UPS (VI-VIII),Department of Education,Co-Ed,1,0,1,1,0,1,1,0,0,0,1,1,1,0,0,1,0,1,0,0,0,1
Jharkhand,Rural,HSS (I-XII),Government Aided,Co-Ed,12,9,12,9,1,9,11,0,8,2,8,11,10,0,1,11,5,5,3,4,7,9
Jharkhand,Urban,HSS (I-XII),Government Aided,Boys,1,1,0,1,0,1,1,0,1,0,1,1,1,0,0,1,0,0,0,0,1,1
Jharkhand,Urban,HSS (I-XII),Government Aided,Co-Ed,3,3,1,3,0,1,3,0,3,1,3,3,3,1,1,3,1,0,0,1,2,3
Jharkhand,Urban,HSS (IX-XII),Government Aided,Co-Ed,3,3,2,3,1,3,3,2,3,1,3,3,3,2,2,3,0,2,1,0,2,3
Jharkhand,Rural,HSS (VI-XII),Government Aided,Girls,1,1,1,1,1,1,1,0,1,1,1,1,1,0,1,1,1,0,0,1,1,1
Jharkhand,Rural,HSS (VI-XII),Government Aided,Co-Ed,2,2,1,2,1,2,2,2,2,2,2,2,2,1,2,2,2,1,1,0,2,2
Jharkhand,Urban,HSS (VI-XII),Government Aided,Boys,1,1,1,1,0,0,1,0,1,0,1,1,1,1,1,1,1,0,0,0,0,1
Jharkhand,Urban,HSS (VI-XII),Government Aided,Girls,2,2,2,2,1,1,2,1,2,0,2,2,2,1,1,2,0,0,0,0,2,2
Jharkhand,Urban,HSS (VI-XII),Government Aided,Co-Ed,3,3,1,3,1,3,3,2,2,2,3,3,3,2,3,3,1,1,0,0,3,3
Jharkhand,Rural,HSS (XI-XII),Government Aided,Co-Ed,7,6,6,6,1,6,6,5,5,1,7,7,7,0,5,7,2,1,1,3,2,6
Jharkhand,Urban,HSS (XI-XII),Government Aided,Girls,2,2,2,2,0,2,2,2,2,0,2,2,2,1,2,2,1,0,0,0,2,2
Jharkhand,Urban,HSS (XI-XII),Government Aided,Co-Ed,2,2,2,2,1,2,2,1,2,0,2,2,2,2,1,2,1,2,1,1,1,2
Jharkhand,Rural,PS (I-V),Government Aided,Boys,3,3,3,3,0,3,3,0,3,2,3,3,3,0,1,3,0,1,1,0,1,1
Jharkhand,Rural,PS (I-V),Government Aided,Girls,2,1,2,1,0,2,2,0,1,1,1,2,2,0,1,2,0,0,0,0,0,0
Jharkhand,Rural,PS (I-V),Government Aided,Co-Ed,461,162,368,190,35,349,409,7,192,104,166,351,428,10,37,348,0,93,26,92,93,55
Jharkhand,Urban,PS (I-V),Government Aided,Boys,5,4,2,5,0,5,5,1,5,1,4,5,5,2,2,5,0,0,0,0,3,3
Jharkhand,Urban,PS (I-V),Government Aided,Girls,5,4,2,5,1,4,5,0,4,2,5,5,5,1,2,5,0,0,0,0,3,3
Jharkhand,Urban,PS (I-V),Government Aided,Co-Ed,20,13,11,18,4,19,18,0,11,2,14,20,19,1,3,19,0,3,0,1,7,7
Jharkhand,Rural,SS (I-X),Government Aided,Girls,1,1,1,1,0,1,1,0,1,1,1,1,1,0,1,1,1,0,0,0,1,1
Jharkhand,Rural,SS (I-X),Government Aided,Co-Ed,11,9,8,10,1,9,11,2,8,3,8,11,10,0,1,9,8,5,1,3,3,7
Jharkhand,Urban,SS (I-X),Government Aided,Girls,1,0,1,0,0,1,1,0,1,1,1,1,1,0,1,1,0,0,0,0,1,1
Jharkhand,Urban,SS (I-X),Government Aided,Co-Ed,2,2,1,2,0,1,2,0,2,1,2,2,2,2,2,2,1,0,0,0,0,1
Jharkhand,Rural,SS (IX-X),Government Aided,Co-Ed,4,3,4,2,0,4,4,1,3,1,4,4,4,0,2,3,1,1,0,0,2,3
Jharkhand,Urban,SS (IX-X),Government Aided,Girls,1,1,1,1,0,1,1,0,1,0,1,1,1,0,0,1,0,1,1,0,1,1
Jharkhand,Urban,SS (IX-X),Government Aided,Co-Ed,2,2,1,2,0,2,2,0,2,0,2,2,2,2,1,2,1,1,1,0,1,2
Jharkhand,Rural,SS (VI-X),Government Aided,Boys,8,8,8,8,1,8,8,1,8,3,8,8,8,3,2,8,1,2,0,1,4,8
Jharkhand,Rural,SS (VI-X),Government Aided,Girls,21,19,17,21,2,20,21,0,21,17,21,21,21,7,13,21,16,7,4,9,16,19
Jharkhand,Rural,SS (VI-X),Government Aided,Co-Ed,40,36,38,36,9,39,40,3,38,23,39,40,40,8,13,38,18,8,3,21,27,35
Jharkhand,Urban,SS (VI-X),Government Aided,Boys,9,9,7,9,0,9,9,2,9,2,9,9,9,5,6,9,2,0,0,1,6,9
Jharkhand,Urban,SS (VI-X),Government Aided,Girls,19,18,10,19,2,19,17,4,18,11,18,19,19,7,10,18,8,7,2,7,15,19
Jharkhand,Urban,SS (VI-X),Government Aided,Co-Ed,24,24,16,24,1,22,23,0,24,13,23,24,24,11,17,24,14,13,6,5,19,21
Jharkhand,Rural,UPS (I-VIII),Government Aided,Boys,34,30,32,27,5,33,32,2,29,19,32,34,33,3,6,33,2,14,5,8,12,15
Jharkhand,Rural,UPS (I-VIII),Government Aided,Girls,37,36,27,29,8,37,37,1,33,24,36,37,37,5,9,35,19,10,5,14,12,20
Jharkhand,Rural,UPS (I-VIII),Government Aided,Co-Ed,281,155,251,176,21,201,259,6,163,67,173,263,264,10,45,233,55,85,26,84,93,97
Jharkhand,Urban,UPS (I-VIII),Government Aided,Boys,14,14,9,14,1,14,14,3,12,5,13,14,14,4,8,14,1,3,2,1,6,10
Jharkhand,Urban,UPS (I-VIII),Government Aided,Girls,24,22,12,23,1,23,23,0,18,7,23,24,24,8,11,24,12,9,4,5,7,13
Jharkhand,Urban,UPS (I-VIII),Government Aided,Co-Ed,92,83,41,88,6,78,90,1,72,22,84,90,92,25,30,92,24,49,21,11,28,51
Jharkhand,Rural,UPS (VI-VIII),Government Aided,Co-Ed,13,4,11,10,1,12,12,0,6,6,12,12,11,1,2,11,4,4,1,4,3,3
Jharkhand,Urban,UPS (VI-VIII),Government Aided,Co-Ed,2,2,1,2,0,2,1,0,2,0,1,2,2,0,1,2,0,0,0,0,1,1
Jharkhand,Rural,HSS (VI-XII),Jawahar Navodaya Vidyalaya,Co-Ed,22,21,21,22,7,21,22,20,22,17,20,22,22,19,7,22,17,19,17,18,22,22
Jharkhand,Urban,HSS (VI-XII),Jawahar Navodaya Vidyalaya,Co-Ed,1,1,0,1,0,1,1,1,1,1,1,1,1,1,0,1,0,1,0,1,1,1
Jharkhand,Rural,SS (VI-X),Jawahar Navodaya Vidyalaya,Co-Ed,2,2,0,2,0,1,2,1,2,1,2,2,2,2,0,2,1,1,1,1,2,2
Jharkhand,Urban,SS (VI-X),Jawahar Navodaya Vidyalaya,Co-Ed,1,1,0,1,0,1,1,1,1,1,1,1,1,1,1,1,0,0,0,1,1,1
Jharkhand,Rural,HSS (I-XII),Kendriya Vidyalaya / Central School,Co-Ed,16,16,13,16,2,16,16,14,14,7,16,16,16,14,8,16,5,15,12,4,16,16
Jharkhand,Urban,HSS (I-XII),Kendriya Vidyalaya / Central School,Co-Ed,14,13,9,14,1,14,14,11,14,3,14,14,14,13,9,14,8,12,9,4,13,14
Jharkhand,Rural,PS (I-V),Kendriya Vidyalaya / Central School,Co-Ed,1,1,1,1,0,1,1,0,1,0,1,1,0,1,0,1,0,0,0,0,0,1
Jharkhand,Rural,SS (I-X),Kendriya Vidyalaya / Central School,Co-Ed,2,2,1,2,1,2,2,1,2,0,2,2,2,2,0,2,1,1,0,0,2,2
Jharkhand,Urban,SS (I-X),Kendriya Vidyalaya / Central School,Co-Ed,4,4,2,4,1,4,4,3,4,1,4,4,4,3,0,4,1,3,1,0,4,4
Jharkhand,Rural,UPS (I-VIII),Kendriya Vidyalaya / Central School,Co-Ed,3,3,2,3,0,3,3,2,3,0,3,3,3,3,1,3,0,1,1,1,3,3
Jharkhand,Urban,UPS (I-VIII),Kendriya Vidyalaya / Central School,Co-Ed,1,1,1,1,0,1,1,0,1,0,1,1,1,1,0,1,0,0,0,0,1,1
Jharkhand,Rural,PS (I-V),Madarsa recognized (by Wakf board/Madarsa Board),Co-Ed,1,1,1,1,1,1,1,0,1,1,1,1,1,0,0,1,0,0,0,0,1,0
Jharkhand,Urban,PS (I-V),Madarsa recognized (by Wakf board/Madarsa Board),Co-Ed,1,1,0,1,1,0,1,0,1,1,0,1,1,0,1,1,0,0,0,0,0,1
Jharkhand,Rural,SS (I-X),Madarsa recognized (by Wakf board/Madarsa Board),Girls,1,1,0,1,0,0,1,0,1,0,1,1,1,0,0,1,0,0,0,0,1,0
Jharkhand,Rural,SS (I-X),Madarsa recognized (by Wakf board/Madarsa Board),Co-Ed,1,1,1,1,0,1,1,0,0,0,0,1,1,0,0,1,0,0,0,0,0,1
Jharkhand,Urban,SS (IX-X),Madarsa recognized (by Wakf board/Madarsa Board),Co-Ed,1,1,1,1,0,1,1,0,1,0,1,1,1,0,0,1,0,1,1,0,0,0
Jharkhand,Urban,SS (VI-X),Madarsa recognized (by Wakf board/Madarsa Board),Co-Ed,1,1,1,1,0,1,1,1,1,0,1,1,1,0,1,1,0,0,0,1,0,1
Jharkhand,Rural,UPS (I-VIII),Madarsa recognized (by Wakf board/Madarsa Board),Boys,2,2,1,2,0,2,2,0,2,0,1,2,2,2,0,2,0,1,0,0,1,1
Jharkhand,Rural,UPS (I-VIII),Madarsa recognized (by Wakf board/Madarsa Board),Co-Ed,8,7,7,6,2,6,8,2,7,3,7,8,8,1,2,8,3,2,0,0,5,3
Jharkhand,Urban,UPS (I-VIII),Madarsa recognized (by Wakf board/Madarsa Board),Co-Ed,5,5,3,5,1,2,5,0,3,2,4,5,5,1,1,5,2,2,2,2,3,2
Jharkhand,Urban,HSS (I-XII),Madarsa unrecognized,Boys,1,1,1,1,0,1,1,0,1,1,0,1,1,0,1,0,0,1,0,0,0,1
Jharkhand,Rural,PS (I-V),Madarsa unrecognized,Boys,6,3,5,6,1,4,3,1,2,1,4,6,6,1,0,6,0,0,0,0,2,0
Jharkhand,Rural,PS (I-V),Madarsa unrecognized,Co-Ed,16,12,14,14,1,12,8,1,6,3,12,15,13,1,2,13,0,3,1,2,3,4
Jharkhand,Urban,PS (I-V),Madarsa unrecognized,Boys,10,8,3,10,2,4,10,2,5,3,9,10,10,2,4,10,0,0,0,0,1,3
Jharkhand,Urban,PS (I-V),Madarsa unrecognized,Co-Ed,4,3,2,3,1,1,4,1,2,1,2,4,4,1,0,3,0,0,0,0,0,0
Jharkhand,Rural,SS (I-X),Madarsa unrecognized,Girls,1,1,0,1,0,0,1,1,1,0,1,1,1,0,0,1,0,0,0,0,1,1
Jharkhand,Rural,SS (I-X),Madarsa unrecognized,Co-Ed,4,3,3,3,0,3,3,1,1,0,4,4,3,0,1,4,0,1,0,0,1,3
Jharkhand,Rural,SS (IX-X),Madarsa unrecognized,Co-Ed,1,1,0,1,0,0,0,0,1,0,0,1,1,0,0,1,0,0,0,0,1,1
Jharkhand,Rural,UPS (I-VIII),Madarsa unrecognized,Boys,6,6,4,6,0,3,6,1,3,3,6,6,6,0,0,6,1,1,0,1,3,3
Jharkhand,Rural,UPS (I-VIII),Madarsa unrecognized,Girls,2,1,2,2,0,2,1,1,2,0,0,2,2,0,0,2,0,0,0,0,2,1
Jharkhand,Rural,UPS (I-VIII),Madarsa unrecognized,Co-Ed,63,47,52,53,13,43,44,12,30,15,32,62,59,10,13,53,24,22,10,4,23,25
Jharkhand,Urban,UPS (I-VIII),Madarsa unrecognized,Boys,2,2,1,2,0,1,1,1,2,0,1,2,2,0,0,2,0,0,0,0,0,1
Jharkhand,Urban,UPS (I-VIII),Madarsa unrecognized,Girls,1,1,1,1,1,0,1,0,0,0,1,1,1,0,0,1,0,1,1,0,0,0
Jharkhand,Urban,UPS (I-VIII),Madarsa unrecognized,Co-Ed,7,5,5,6,3,3,7,2,5,5,6,7,7,1,1,5,3,3,0,1,3,4
Jharkhand,Urban,UPS (VI-VIII),Madarsa unrecognized,Boys,1,1,0,1,0,1,0,0,1,0,0,1,1,0,0,0,0,0,0,0,0,0
Jharkhand,Urban,UPS (VI-VIII),Madarsa unrecognized,Girls,1,1,1,1,0,0,1,0,1,1,1,1,1,1,0,1,0,0,0,1,0,1
Jharkhand,Rural,PS (I-V),Ministry of Labor,Girls,1,0,0,1,0,0,0,0,0,0,0,1,1,0,0,1,0,1,0,0,0,0
Jharkhand,Rural,PS (I-V),Ministry of Labor,Co-Ed,57,14,36,25,2,44,27,4,14,8,17,44,48,3,3,39,0,18,14,6,9,6
Jharkhand,Urban,PS (I-V),Ministry of Labor,Co-Ed,21,6,7,17,1,9,5,1,1,2,14,19,18,2,2,18,0,7,5,0,0,0
Jharkhand,Rural,UPS (I-VIII),Ministry of Labor,Co-Ed,1,1,1,1,1,1,1,0,1,1,0,1,1,0,0,1,0,0,0,0,0,0
Jharkhand,Rural,HSS (I-XII),Other Central Govt. Schools,Co-Ed,1,1,1,1,1,1,1,1,1,0,1,1,1,1,1,1,0,1,1,0,1,1
Jharkhand,Rural,HSS (IX-XII),Other Central Govt. Schools,Co-Ed,1,1,1,1,0,1,1,0,1,0,0,1,1,0,0,1,1,1,0,0,0,0
Jharkhand,Rural,SS (I-X),Other Central Govt. Schools,Co-Ed,2,2,2,2,0,2,2,2,2,0,2,2,2,2,1,2,1,2,2,0,2,2
Jharkhand,Rural,UPS (I-VIII),Other Central Govt. Schools,Co-Ed,1,1,1,1,0,1,1,1,0,0,1,1,1,1,0,1,1,0,0,0,0,0
Jharkhand,Rural,HSS (XI-XII),Other Govt. managed schools,Girls,1,1,1,1,0,1,1,0,1,0,0,1,1,1,0,1,0,1,0,0,1,0
Jharkhand,Rural,HSS (XI-XII),Other Govt. managed schools,Co-Ed,32,30,28,32,7,30,29,20,27,5,29,32,31,16,9,28,16,14,7,3,23,30
Jharkhand,Urban,HSS (XI-XII),Other Govt. managed schools,Boys,1,1,1,1,1,0,1,1,1,0,1,1,1,1,1,1,0,1,1,0,1,1
Jharkhand,Urban,HSS (XI-XII),Other Govt. managed schools,Girls,9,9,5,9,2,8,9,6,7,1,7,9,9,6,4,9,3,6,2,2,7,9
Jharkhand,Urban,HSS (XI-XII),Other Govt. managed schools,Co-Ed,24,23,19,23,5,22,23,15,22,8,23,24,23,18,13,23,12,13,6,1,23,23
Jharkhand,Rural,HSS (I-XII),Private Unaided (Recognized),Boys,1,1,1,1,0,1,1,1,1,0,1,1,1,0,1,1,0,0,0,0,0,1
Jharkhand,Rural,HSS (I-XII),Private Unaided (Recognized),Co-Ed,137,135,126,136,33,136,137,118,137,60,128,137,136,122,82,136,72,63,39,25,128,137
Jharkhand,Urban,HSS (I-XII),Private Unaided (Recognized),Girls,4,4,1,4,1,4,4,4,4,1,4,4,4,4,4,4,3,1,1,0,4,4
Jharkhand,Urban,HSS (I-XII),Private Unaided (Recognized),Co-Ed,181,181,142,181,32,179,181,166,178,77,171,181,179,165,117,181,110,85,68,22,177,180
Jharkhand,Rural,HSS (IX-XII),Private Unaided (Recognized),Co-Ed,2,2,2,2,0,2,2,1,2,1,2,2,2,2,1,2,2,1,1,0,2,2
Jharkhand,Rural,HSS (VI-XII),Private Unaided (Recognized),Co-Ed,4,4,4,4,1,4,4,0,3,1,4,4,4,0,2,4,3,3,2,3,2,4
Jharkhand,Urban,HSS (VI-XII),Private Unaided (Recognized),Boys,1,1,1,1,1,1,1,1,1,1,1,1,1,1,1,1,0,0,0,1,1,1
Jharkhand,Urban,HSS (VI-XII),Private Unaided (Recognized),Co-Ed,3,3,2,2,0,3,3,2,3,2,3,3,3,1,2,3,2,2,1,3,2,3
Jharkhand,Rural,HSS (XI-XII),Private Unaided (Recognized),Girls,9,9,8,9,0,8,9,6,7,2,7,9,9,5,3,8,3,4,1,3,3,6
Jharkhand,Rural,HSS (XI-XII),Private Unaided (Recognized),Co-Ed,137,133,125,132,25,133,132,99,129,22,131,137,134,60,61,134,63,50,28,24,95,125
Jharkhand,Urban,HSS (XI-XII),Private Unaided (Recognized),Girls,19,18,12,19,5,19,19,15,19,8,16,19,19,10,10,19,9,5,3,5,16,19
Jharkhand,Urban,HSS (XI-XII),Private Unaided (Recognized),Co-Ed,63,60,53,62,7,60,60,43,56,14,59,63,60,41,32,59,31,27,19,9,41,58
Jharkhand,Rural,PS (I-V),Private Unaided (Recognized),Co-Ed,13,10,10,12,5,13,7,1,6,3,10,13,12,5,4,10,0,3,3,1,6,9
Jharkhand,Urban,PS (I-V),Private Unaided (Recognized),Co-Ed,2,2,2,2,1,2,2,0,2,0,2,2,2,0,0,2,0,0,0,1,2,2
Jharkhand,Rural,SS (I-X),Private Unaided (Recognized),Boys,1,1,1,1,1,1,1,1,1,1,1,1,1,1,1,1,0,0,0,0,1,1
Jharkhand,Rural,SS (I-X),Private Unaided (Recognized),Girls,3,3,2,3,2,3,3,3,3,0,3,3,3,3,2,3,0,0,0,0,3,3
Jharkhand,Rural,SS (I-X),Private Unaided (Recognized),Co-Ed,219,210,196,218,51,209,215,114,200,67,208,219,218,123,106,210,105,78,46,36,173,204
Jharkhand,Urban,SS (I-X),Private Unaided (Recognized),Girls,4,4,1,4,1,4,4,3,4,2,4,4,4,3,3,4,3,1,1,0,4,4
Jharkhand,Urban,SS (I-X),Private Unaided (Recognized),Co-Ed,157,153,116,156,20,152,156,100,153,54,150,157,156,107,98,156,83,65,36,25,141,155
Jharkhand,Rural,SS (IX-X),Private Unaided (Recognized),Girls,1,1,1,1,0,1,1,0,1,0,1,1,1,0,0,1,0,0,0,0,1,0
Jharkhand,Rural,SS (IX-X),Private Unaided (Recognized),Co-Ed,79,75,71,67,8,74,76,13,65,11,77,79,78,13,15,67,21,21,9,21,36,63
Jharkhand,Urban,SS (IX-X),Private Unaided (Recognized),Boys,1,1,1,1,0,1,1,1,1,0,1,1,1,1,1,1,0,0,0,1,1,1
Jharkhand,Urban,SS (IX-X),Private Unaided (Recognized),Girls,3,2,3,3,0,3,3,1,3,0,3,3,3,1,2,3,2,2,0,1,3,3
Jharkhand,Urban,SS (IX-X),Private Unaided (Recognized),Co-Ed,10,10,7,9,0,9,9,3,9,1,10,10,10,6,5,10,4,4,1,1,8,9
Jharkhand,Rural,SS (VI-X),Private Unaided (Recognized),Boys,3,3,2,3,1,3,3,0,2,1,2,3,3,0,2,1,0,0,0,2,3,3
Jharkhand,Rural,SS (VI-X),Private Unaided (Recognized),Girls,32,32,31,28,5,30,31,7,28,8,32,30,31,8,10,28,16,13,6,8,21,24
Jharkhand,Rural,SS (VI-X),Private Unaided (Recognized),Co-Ed,224,213,214,198,39,221,222,41,197,33,211,221,221,50,68,200,81,69,27,70,126,192
Jharkhand,Urban,SS (VI-X),Private Unaided (Recognized),Boys,2,2,2,2,1,2,2,0,2,0,1,2,2,1,2,2,0,0,0,0,0,2
Jharkhand,Urban,SS (VI-X),Private Unaided (Recognized),Girls,20,19,16,20,1,17,19,4,17,4,20,20,20,9,11,20,9,7,2,3,9,16
Jharkhand,Urban,SS (VI-X),Private Unaided (Recognized),Co-Ed,29,29,22,29,4,28,29,10,27,2,28,29,29,16,12,29,15,11,1,6,18,26
Jharkhand,Rural,UPS (I-VIII),Private Unaided (Recognized),Boys,1,0,1,1,1,1,1,0,1,1,1,1,1,0,0,1,0,0,0,0,0,0
Jharkhand,Rural,UPS (I-VIII),Private Unaided (Recognized),Co-Ed,134,120,109,127,24,116,113,31,107,39,124,133,133,47,47,122,52,43,24,14,81,101
Jharkhand,Urban,UPS (I-VIII),Private Unaided (Recognized),Girls,2,2,1,2,0,2,1,1,2,1,2,2,2,1,1,2,1,0,0,0,2,2
Jharkhand,Urban,UPS (I-VIII),Private Unaided (Recognized),Co-Ed,54,50,42,54,11,45,52,23,49,15,47,54,53,38,29,51,29,19,15,5,42,49
Jharkhand,Rural,UPS (VI-VIII),Private Unaided (Recognized),Co-Ed,3,3,3,1,0,3,3,0,3,0,3,3,3,0,0,3,0,0,0,0,0,2
Jharkhand,Urban,UPS (VI-VIII),Private Unaided (Recognized),Boys,1,1,1,1,1,1,1,1,1,1,1,1,1,1,1,1,0,1,1,0,1,1
Jharkhand,Rural,HSS (I-XII),Railway School,Co-Ed,2,2,1,2,0,2,2,0,2,0,2,2,2,2,0,2,1,1,0,0,2,2
Jharkhand,Urban,HSS (I-XII),Railway School,Co-Ed,2,2,2,2,0,2,2,1,2,0,2,2,2,2,2,2,2,0,0,1,2,2
Jharkhand,Rural,SS (I-X),Railway School,Co-Ed,1,1,1,1,0,1,1,0,1,0,1,1,1,1,0,1,0,1,0,0,1,1
Jharkhand,Urban,SS (I-X),Railway School,Boys,1,1,0,1,1,1,1,0,1,0,1,1,1,0,0,1,0,0,0,0,0,1
Jharkhand,Rural,HSS (VI-XII),Sainik School,Co-Ed,1,1,1,1,1,1,1,1,1,1,1,1,1,1,0,1,0,0,0,0,1,1
Jharkhand,Rural,HSS (VI-XII),Social welfare Department,Boys,1,1,1,1,0,1,1,0,0,1,1,1,1,0,1,1,0,0,0,0,1,1
Jharkhand,Rural,UPS (I-VIII),Social welfare Department,Boys,1,0,1,1,0,1,0,0,1,0,1,1,1,0,0,0,0,1,1,0,1,1
Jharkhand,Rural,UPS (I-VIII),Social welfare Department,Co-Ed,1,1,1,1,1,1,0,0,1,0,1,1,1,0,0,1,0,0,0,0,1,1
Jharkhand,Urban,UPS (I-VIII),Social welfare Department,Co-Ed,2,0,2,2,0,1,2,0,2,0,2,2,2,2,1,2,0,1,1,0,0,2
Jharkhand,Rural,HSS (I-XII),Tribal Welfare Department,Boys,1,1,1,1,1,1,1,0,1,0,1,1,1,0,0,1,0,0,0,0,1,1
Jharkhand,Rural,HSS (VI-XII),Tribal Welfare Department,Boys,4,4,4,4,2,3,4,3,4,2,3,4,4,1,1,4,1,1,0,2,4,4
Jharkhand,Rural,HSS (VI-XII),Tribal Welfare Department,Girls,7,7,4,7,4,6,7,6,6,6,7,7,6,3,4,7,4,3,1,5,5,7
Jharkhand,Urban,HSS (VI-XII),Tribal Welfare Department,Girls,1,1,0,1,1,0,1,0,1,0,1,1,1,1,0,1,0,0,0,1,0,1
Jharkhand,Rural,PS (I-V),Tribal Welfare Department,Boys,14,12,12,12,6,12,12,1,10,6,13,14,14,2,3,13,0,1,1,4,4,7
Jharkhand,Rural,PS (I-V),Tribal Welfare Department,Girls,8,4,7,8,6,5,4,0,6,3,8,8,7,0,2,6,0,4,0,3,3,5
Jharkhand,Rural,PS (I-V),Tribal Welfare Department,Co-Ed,32,14,19,7,6,12,14,0,3,0,10,22,19,0,1,12,0,5,2,2,5,5
Jharkhand,Urban,PS (I-V),Tribal Welfare Department,Girls,1,1,0,1,1,1,1,0,1,1,0,1,1,0,0,1,0,0,0,0,0,1
Jharkhand,Rural,SS (I-X),Tribal Welfare Department,Boys,25,18,17,22,15,18,23,0,22,11,25,25,25,2,4,21,2,4,1,3,12,22
Jharkhand,Rural,SS (I-X),Tribal Welfare Department,Girls,9,6,7,9,7,5,9,0,8,5,9,9,9,1,2,7,4,2,0,4,4,9
Jharkhand,Rural,SS (I-X),Tribal Welfare Department,Co-Ed,2,2,1,2,1,1,2,1,2,2,2,2,2,0,1,2,0,1,0,1,0,2
Jharkhand,Urban,SS (I-X),Tribal Welfare Department,Boys,2,2,1,2,2,1,2,0,2,2,2,2,2,0,0,2,0,1,1,0,1,2
Jharkhand,Rural,SS (VI-X),Tribal Welfare Department,Boys,7,5,6,6,4,6,7,2,4,3,6,6,7,1,0,5,1,3,1,3,5,5
Jharkhand,Rural,SS (VI-X),Tribal Welfare Department,Girls,5,4,3,5,2,5,5,2,4,3,5,5,5,1,3,5,4,1,1,3,2,4
Jharkhand,Urban,SS (VI-X),Tribal Welfare Department,Boys,1,1,0,1,0,1,1,1,1,1,1,1,1,0,1,1,0,0,0,1,0,0
Jharkhand,Urban,SS (VI-X),Tribal Welfare Department,Girls,2,2,2,2,1,1,2,0,1,1,2,2,2,0,1,2,1,1,1,2,1,2
Jharkhand,Rural,UPS (I-VIII),Tribal Welfare Department,Boys,36,28,27,31,19,22,25,0,25,13,34,36,33,2,4,31,0,3,1,6,8,12
Jharkhand,Rural,UPS (I-VIII),Tribal Welfare Department,Girls,10,8,7,9,8,10,10,0,8,4,10,10,10,2,1,8,2,1,0,3,2,4
Jharkhand,Rural,UPS (I-VIII),Tribal Welfare Department,Co-Ed,2,0,1,2,2,1,1,0,2,1,2,2,2,0,1,2,1,0,0,0,0,1
Jharkhand,Urban,UPS (I-VIII),Tribal Welfare Department,Boys,1,1,1,1,0,1,1,0,1,0,1,1,1,0,0,0,0,0,0,0,0,1
Jharkhand,Urban,UPS (I-VIII),Tribal Welfare Department,Girls,1,1,1,1,0,1,1,0,1,1,1,1,1,1,1,1,1,0,0,0,1,1
Jharkhand,Rural,HSS (I-XII),Unrecognized,Co-Ed,9,8,6,7,1,7,6,2,5,2,7,9,9,2,1,9,1,2,0,0,6,8
Jharkhand,Urban,HSS (I-XII),Unrecognized,Co-Ed,9,7,5,9,3,7,9,3,8,2,8,9,9,4,5,9,4,7,4,1,6,8
Jharkhand,Rural,HSS (IX-XII),Unrecognized,Girls,1,1,1,1,0,1,1,0,1,0,1,1,1,0,0,0,0,0,0,0,0,0
Jharkhand,Rural,HSS (IX-XII),Unrecognized,Co-Ed,2,1,1,2,0,2,1,0,1,0,2,2,2,0,0,2,0,0,0,1,1,1
Jharkhand,Rural,HSS (VI-XII),Unrecognized,Co-Ed,1,1,1,1,0,1,0,0,1,0,1,1,1,0,0,1,1,0,0,0,0,1
Jharkhand,Rural,HSS (XI-XII),Unrecognized,Girls,1,1,1,1,0,1,1,0,1,0,1,1,1,1,0,1,1,0,0,1,0,1
Jharkhand,Rural,HSS (XI-XII),Unrecognized,Co-Ed,6,5,5,6,1,5,5,2,6,0,5,6,6,2,2,6,1,0,0,2,4,4
Jharkhand,Urban,HSS (XI-XII),Unrecognized,Co-Ed,1,1,1,1,0,1,1,0,1,0,1,1,1,0,0,1,0,1,1,0,0,1
Jharkhand,Rural,PS (I-V),Unrecognized,Boys,2,2,1,2,0,2,2,0,2,1,2,2,2,1,0,2,0,0,0,1,0,2
Jharkhand,Rural,PS (I-V),Unrecognized,Girls,2,1,1,2,0,1,1,1,1,0,1,1,1,0,1,1,0,0,0,0,1,0
Jharkhand,Rural,PS (I-V),Unrecognized,Co-Ed,1436,1106,971,1209,196,1097,770,126,879,207,1120,1387,1384,263,212,1287,0,248,114,121,550,774
Jharkhand,Urban,PS (I-V),Unrecognized,Co-Ed,399,353,223,394,42,312,266,38,288,64,374,396,398,169,105,387,0,65,23,25,212,276
Jharkhand,Rural,SS (I-X),Unrecognized,Boys,1,1,1,1,0,0,1,0,1,1,1,1,1,0,1,1,0,0,0,1,1,1
Jharkhand,Rural,SS (I-X),Unrecognized,Girls,1,1,1,1,0,1,1,1,1,0,0,1,1,0,0,1,0,0,0,0,1,1
Jharkhand,Rural,SS (I-X),Unrecognized,Co-Ed,327,291,264,287,45,284,269,83,271,61,300,324,316,89,77,293,123,94,41,60,152,247
Jharkhand,Urban,SS (I-X),Unrecognized,Co-Ed,78,73,53,77,10,68,73,24,66,19,76,78,75,37,38,77,35,15,3,16,47,75
Jharkhand,Rural,SS (IX-X),Unrecognized,Co-Ed,19,15,15,17,3,15,13,2,14,4,17,18,18,1,2,15,5,3,1,7,7,11
Jharkhand,Rural,SS (VI-X),Unrecognized,Boys,1,1,1,1,0,1,1,0,1,0,1,1,1,1,1,1,0,1,1,0,0,1
Jharkhand,Rural,SS (VI-X),Unrecognized,Girls,1,1,1,1,0,1,1,1,1,1,1,1,1,0,0,1,0,0,0,0,1,1
Jharkhand,Rural,SS (VI-X),Unrecognized,Co-Ed,39,33,32,35,5,35,34,6,33,8,34,38,37,9,11,35,10,7,3,12,13,26
Jharkhand,Urban,SS (VI-X),Unrecognized,Girls,2,2,1,2,0,2,2,0,2,0,2,2,2,0,1,2,1,1,0,1,0,0
Jharkhand,Urban,SS (VI-X),Unrecognized,Co-Ed,10,10,8,9,1,8,10,4,9,3,10,10,10,3,4,10,5,2,2,2,7,7
Jharkhand,Rural,UPS (I-VIII),Unrecognized,Boys,7,6,6,6,1,5,5,1,5,4,4,7,6,2,1,4,2,2,1,0,1,4
Jharkhand,Rural,UPS (I-VIII),Unrecognized,Girls,12,9,9,12,4,8,10,2,9,5,9,12,11,3,4,11,5,1,0,1,5,8
Jharkhand,Rural,UPS (I-VIII),Unrecognized,Co-Ed,2721,2382,2092,2498,426,2287,1989,473,2101,549,2399,2672,2658,772,644,2536,925,653,313,318,1393,2063
Jharkhand,Urban,UPS (I-VIII),Unrecognized,Boys,3,3,2,3,2,2,3,1,3,2,3,3,3,2,1,3,1,2,1,2,2,2
Jharkhand,Urban,UPS (I-VIII),Unrecognized,Girls,5,5,3,5,0,4,4,1,4,0,5,5,5,3,0,5,1,2,1,0,3,3
Jharkhand,Urban,UPS (I-VIII),Unrecognized,Co-Ed,1010,957,646,987,116,871,849,215,856,226,944,1008,1002,484,370,991,387,260,101,95,652,881
Jharkhand,Rural,UPS (VI-VIII),Unrecognized,Boys,1,1,1,1,0,1,1,0,1,0,1,1,1,0,0,0,0,0,0,0,1,0
Jharkhand,Rural,UPS (VI-VIII),Unrecognized,Girls,1,1,0,1,0,1,1,0,1,0,1,1,1,0,1,0,0,0,0,0,0,0
Jharkhand,Rural,UPS (VI-VIII),Unrecognized,Co-Ed,21,19,15,18,3,18,16,4,15,4,20,21,21,5,7,20,7,9,4,8,11,9
Jharkhand,Urban,UPS (VI-VIII),Unrecognized,Co-Ed,5,4,4,5,1,4,5,2,4,0,5,5,5,2,2,5,1,2,1,2,3,2
Karnataka,Rural,HSS (I-XII),Central Tibetan School,Co-Ed,1,1,1,1,0,1,1,0,1,1,1,1,1,1,0,1,0,1,1,1,1,1
Karnataka,Rural,HSS (VI-XII),Central Tibetan School,Co-Ed,1,1,1,1,0,1,1,1,1,1,1,1,1,1,1,1,0,1,0,1,1,1
Karnataka,Rural,SS (I-X),Central Tibetan School,Co-Ed,3,3,2,3,0,2,3,1,2,0,3,3,3,2,1,3,0,2,2,2,3,3
Karnataka,Rural,HSS (I-XII),Department of Education,Co-Ed,4,1,3,4,0,4,4,0,3,1,3,4,4,0,1,4,2,3,3,2,1,4
Karnataka,Urban,HSS (I-XII),Department of Education,Co-Ed,2,1,0,2,0,2,2,0,2,0,1,2,2,0,0,1,0,2,2,1,0,1
Karnataka,Rural,HSS (IX-XII),Department of Education,Girls,1,0,1,1,0,1,1,0,1,0,1,1,1,0,0,1,0,0,0,0,0,1
Karnataka,Rural,HSS (IX-XII),Department of Education,Co-Ed,492,374,420,492,86,477,491,20,448,224,473,491,486,303,145,462,261,441,360,395,165,489
Karnataka,Urban,HSS (IX-XII),Department of Education,Boys,11,9,9,11,1,11,11,1,10,3,10,11,11,6,2,9,1,10,9,9,5,11
Karnataka,Urban,HSS (IX-XII),Department of Education,Girls,47,40,29,47,12,40,46,5,42,15,47,47,47,32,15,43,20,45,37,41,29,47
Karnataka,Urban,HSS (IX-XII),Department of Education,Co-Ed,149,119,121,149,30,133,146,19,133,55,143,149,149,93,48,139,66,126,107,109,91,149
Karnataka,Rural,HSS (VI-XII),Department of Education,Girls,3,0,1,2,0,2,1,1,2,0,1,3,2,1,1,3,0,2,1,1,0,0
Karnataka,Rural,HSS (VI-XII),Department of Education,Co-Ed,3,2,3,3,0,3,3,0,3,2,3,3,3,1,0,3,3,2,2,2,0,3
Karnataka,Urban,HSS (VI-XII),Department of Education,Co-Ed,2,2,2,2,0,2,2,0,2,1,2,2,2,2,0,2,2,2,2,2,2,2
Karnataka,Rural,HSS (XI-XII),Department of Education,Boys,1,1,1,1,0,1,1,0,1,0,1,1,1,0,0,1,0,1,0,1,1,1
Karnataka,Rural,HSS (XI-XII),Department of Education,Girls,7,6,3,7,0,2,6,0,7,0,5,7,7,0,0,5,1,4,3,6,2,6
Karnataka,Rural,HSS (XI-XII),Department of Education,Co-Ed,360,226,261,350,8,277,318,10,250,13,330,348,327,83,50,284,57,281,190,198,112,318
Karnataka,Urban,HSS (XI-XII),Department of Education,Boys,9,7,4,9,0,8,7,2,7,0,8,9,5,2,1,6,0,7,7,2,6,8
Karnataka,Urban,HSS (XI-XII),Department of Education,Girls,40,29,20,40,3,30,36,2,32,3,34,40,37,13,2,37,4,31,21,20,24,35
Karnataka,Urban,HSS (XI-XII),Department of Education,Co-Ed,177,129,113,175,16,141,164,32,145,7,160,172,160,65,23,143,26,138,98,79,103,164
Karnataka,Rural,PS (I-V),Department of Education,Boys,1,0,1,1,1,1,1,0,1,1,0,1,1,1,1,1,0,1,1,0,0,0
Karnataka,Rural,PS (I-V),Department of Education,Girls,32,3,16,31,2,23,31,1,21,2,19,31,31,4,5,27,0,28,26,20,1,9
Karnataka,Rural,PS (I-V),Department of Education,Co-Ed,19142,1881,9430,18659,1562,13601,18602,873,10598,6478,12264,18721,18649,7912,4626,16393,0,14913,12617,12478,921,2030
Karnataka,Urban,PS (I-V),Department of Education,Boys,5,0,1,5,0,3,5,0,2,1,2,5,5,3,0,4,0,5,5,3,2,1
Karnataka,Urban,PS (I-V),Department of Education,Girls,7,0,5,7,0,6,6,1,4,0,5,6,7,5,1,7,0,7,7,6,2,1
Karnataka,Urban,PS (I-V),Department of Education,Co-Ed,1716,288,638,1665,126,1157,1653,70,858,340,1030,1663,1668,706,355,1424,0,1238,1021,1069,121,234
Karnataka,Rural,SS (I-X),Department of Education,Co-Ed,447,269,350,441,71,377,438,18,340,124,388,441,443,188,127,386,211,421,380,338,65,407
Karnataka,Urban,SS (I-X),Department of Education,Co-Ed,65,48,42,65,6,61,64,3,53,13,61,65,65,29,20,64,31,60,53,50,15,59
Karnataka,Rural,SS (IX-X),Department of Education,Boys,9,5,8,9,2,8,9,1,7,1,9,9,9,3,3,9,2,7,6,8,3,9
Karnataka,Rural,SS (IX-X),Department of Education,Girls,36,27,23,36,5,33,36,0,29,9,32,36,36,20,9,34,22,30,26,29,11,36
Karnataka,Rural,SS (IX-X),Department of Education,Co-Ed,2879,2011,2460,2866,501,2717,2845,112,2523,1034,2723,2840,2829,1363,864,2624,1349,2438,1965,2219,535,2854
Karnataka,Urban,SS (IX-X),Department of Education,Boys,18,13,14,18,4,17,15,2,13,2,15,18,16,7,4,16,3,11,8,12,9,18
Karnataka,Urban,SS (IX-X),Department of Education,Girls,76,52,43,76,17,61,75,4,66,19,73,76,74,39,22,71,31,65,48,54,29,76
Karnataka,Urban,SS (IX-X),Department of Education,Co-Ed,418,309,246,418,68,365,411,19,356,95,393,415,415,232,105,388,173,334,239,316,168,414
Karnataka,Rural,SS (VI-X),Department of Education,Girls,1,1,0,1,1,1,1,0,1,1,1,1,1,1,0,1,1,1,1,0,0,1
Karnataka,Rural,SS (VI-X),Department of Education,Co-Ed,48,48,43,48,8,45,48,4,46,20,47,48,47,36,13,48,36,46,36,34,30,48
Karnataka,Urban,SS (VI-X),Department of Education,Co-Ed,27,24,18,26,4,23,27,0,22,11,27,27,26,22,11,25,16,24,22,21,14,27
Karnataka,Rural,UPS (I-VIII),Department of Education,Boys,248,131,162,246,28,223,241,7,194,56,202,245,244,94,59,214,33,240,216,188,41,175
Karnataka,Rural,UPS (I-VIII),Department of Education,Girls,284,130,155,283,33,236,279,8,217,63,235,281,279,101,73,250,116,267,235,209,42,200
Karnataka,Rural,UPS (I-VIII),Department of Education,Co-Ed,17960,6445,11206,17805,2259,14456,17662,894,12925,6293,15071,17749,17678,8156,4887,15952,5182,16375,14575,12880,1290,8966
Karnataka,Urban,UPS (I-VIII),Department of Education,Boys,95,59,50,95,8,78,94,3,73,19,72,95,94,43,24,88,17,86,78,70,18,61
Karnataka,Urban,UPS (I-VIII),Department of Education,Girls,138,78,63,138,12,111,136,7,112,30,120,137,138,65,26,125,47,125,103,103,19,87
Karnataka,Urban,UPS (I-VIII),Department of Education,Co-Ed,3084,1546,1403,3066,366,2393,3037,149,2158,715,2554,3048,3046,1609,735,2778,961,2592,2194,2154,377,1753
Karnataka,Rural,UPS (VI-VIII),Department of Education,Girls,53,24,31,53,38,41,52,3,40,20,45,53,51,42,16,52,36,42,36,35,26,50
Karnataka,Rural,UPS (VI-VIII),Department of Education,Co-Ed,23,10,19,22,3,21,23,1,18,8,21,23,22,11,2,22,4,23,19,16,0,12
Karnataka,Urban,UPS (VI-VIII),Department of Education,Boys,1,1,1,1,0,1,1,0,1,0,0,1,1,0,1,1,0,0,0,0,1,1
Karnataka,Urban,UPS (VI-VIII),Department of Education,Girls,16,9,10,16,13,15,16,6,15,9,14,16,16,13,6,15,11,15,15,10,11,16
Karnataka,Urban,UPS (VI-VIII),Department of Education,Co-Ed,18,14,9,18,6,17,18,0,14,7,14,18,18,13,3,17,7,15,13,7,4,12
Karnataka,Urban,HSS (I-XII),Government Aided,Boys,1,1,1,1,0,1,1,0,1,1,1,1,1,1,0,1,0,1,0,1,1,1
Karnataka,Urban,HSS (I-XII),Government Aided,Girls,1,1,1,1,0,1,1,1,1,1,1,1,1,1,1,1,1,1,0,1,1,1
Karnataka,Urban,HSS (I-XII),Government Aided,Co-Ed,10,8,8,10,1,10,10,1,7,3,9,10,10,8,1,9,5,5,4,6,8,10
Karnataka,Rural,HSS (IX-XII),Government Aided,Co-Ed,137,120,113,137,30,125,134,21,118,74,129,137,134,92,60,124,71,81,58,114,74,126
Karnataka,Urban,HSS (IX-XII),Government Aided,Boys,1,1,1,1,1,1,1,1,1,1,1,1,1,1,1,1,0,0,0,1,1,1
Karnataka,Urban,HSS (IX-XII),Government Aided,Girls,18,17,15,18,2,16,18,6,15,10,18,18,18,17,10,18,12,8,5,15,15,18
Karnataka,Urban,HSS (IX-XII),Government Aided,Co-Ed,88,81,64,88,17,82,87,19,83,43,78,88,88,77,46,84,50,57,42,70,62,81
Karnataka,Rural,HSS (VI-XII),Government Aided,Co-Ed,2,2,2,2,0,2,2,0,2,2,1,2,2,2,2,2,2,2,1,1,2,2
Karnataka,Urban,HSS (VI-XII),Government Aided,Co-Ed,7,7,7,7,2,7,7,1,7,4,7,7,7,7,3,7,4,7,5,3,6,7
Karnataka,Rural,HSS (XI-XII),Government Aided,Boys,1,1,1,1,0,1,1,0,1,0,1,1,1,1,0,1,1,1,0,0,1,1
Karnataka,Rural,HSS (XI-XII),Government Aided,Girls,1,1,1,1,0,1,1,1,1,0,1,1,1,0,0,1,1,1,1,1,1,1
Karnataka,Rural,HSS (XI-XII),Government Aided,Co-Ed,230,215,172,230,21,212,224,31,212,39,205,230,225,117,65,215,86,124,92,135,117,185
Karnataka,Urban,HSS (XI-XII),Government Aided,Girls,29,26,17,29,2,26,29,10,27,10,26,29,28,17,11,29,10,12,10,14,25,24
Karnataka,Urban,HSS (XI-XII),Government Aided,Co-Ed,337,314,193,337,30,303,330,105,305,37,301,337,325,198,116,322,131,179,133,171,266,306
Karnataka,Rural,PS (I-V),Government Aided,Co-Ed,97,33,52,97,9,64,82,7,49,24,59,97,93,48,28,76,0,48,38,56,14,24
Karnataka,Urban,PS (I-V),Government Aided,Boys,1,1,1,1,0,1,1,0,0,0,1,1,1,1,0,1,0,1,1,0,0,0
Karnataka,Urban,PS (I-V),Government Aided,Girls,6,5,1,6,0,5,6,1,4,1,4,6,6,6,1,6,0,4,4,3,4,4
Karnataka,Urban,PS (I-V),Government Aided,Co-Ed,91,57,37,91,11,70,84,8,57,34,75,91,89,68,40,80,0,55,39,51,27,37
Karnataka,Rural,SS (I-X),Government Aided,Boys,1,0,1,1,1,1,1,0,1,1,1,1,1,1,1,1,0,0,0,1,0,1
Karnataka,Rural,SS (I-X),Government Aided,Co-Ed,15,13,11,15,5,12,15,5,12,9,15,15,15,13,7,13,9,9,6,10,7,15
Karnataka,Urban,SS (I-X),Government Aided,Boys,5,5,3,5,1,5,5,0,4,1,5,5,5,4,2,5,3,1,1,4,5,5
Karnataka,Urban,SS (I-X),Government Aided,Girls,9,8,6,9,4,9,9,1,8,6,8,9,9,8,5,9,7,4,3,8,6,9
Karnataka,Urban,SS (I-X),Government Aided,Co-Ed,57,50,30,57,12,48,55,10,49,24,55,57,57,45,30,53,29,34,23,38,41,54
Karnataka,Rural,SS (IX-X),Government Aided,Boys,6,5,6,6,2,6,6,2,5,4,6,6,6,5,3,5,2,3,3,5,3,6
Karnataka,Rural,SS (IX-X),Government Aided,Girls,34,30,30,34,6,33,32,1,32,17,34,34,34,19,12,32,20,22,12,28,13,31
Karnataka,Rural,SS (IX-X),Government Aided,Co-Ed,2048,1743,1739,2038,405,1903,2004,177,1760,1105,1905,2048,2026,1242,850,1906,1074,1099,788,1596,699,1768
Karnataka,Urban,SS (IX-X),Government Aided,Boys,35,34,26,35,5,35,35,4,33,12,35,35,35,25,13,34,9,16,10,29,23,34
Karnataka,Urban,SS (IX-X),Government Aided,Girls,188,179,112,188,32,178,186,28,171,79,178,188,188,139,84,182,112,93,67,137,127,172
Karnataka,Urban,SS (IX-X),Government Aided,Co-Ed,1054,960,683,1052,155,961,1028,140,904,404,999,1053,1047,767,479,1001,551,534,367,783,583,920
Karnataka,Rural,SS (VI-X),Government Aided,Boys,1,1,1,1,1,1,1,1,1,1,0,1,1,1,1,1,1,1,1,1,0,1
Karnataka,Rural,SS (VI-X),Government Aided,Co-Ed,12,11,11,12,3,12,12,0,11,4,12,12,12,7,2,11,3,10,4,9,4,12
Karnataka,Urban,SS (VI-X),Government Aided,Boys,2,2,1,2,1,2,2,1,2,1,2,2,2,2,0,2,2,2,1,2,2,2
Karnataka,Urban,SS (VI-X),Government Aided,Girls,7,7,1,7,1,6,7,4,7,1,6,7,7,4,1,6,6,2,2,6,6,7
Karnataka,Urban,SS (VI-X),Government Aided,Co-Ed,29,29,21,29,5,28,29,8,26,10,27,29,29,26,10,28,17,19,16,25,27,29
Karnataka,Rural,UPS (I-VIII),Government Aided,Boys,1,1,1,1,0,1,1,0,1,1,1,1,1,1,1,1,1,1,1,0,0,1
Karnataka,Rural,UPS (I-VIII),Government Aided,Girls,2,2,0,2,0,2,1,0,1,1,2,2,2,2,2,1,0,1,0,1,1,1
Karnataka,Rural,UPS (I-VIII),Government Aided,Co-Ed,1022,758,724,1020,174,887,985,90,761,457,900,1022,1000,656,399,919,473,625,456,731,318,634
Karnataka,Urban,UPS (I-VIII),Government Aided,Boys,8,8,4,8,2,8,8,3,7,4,7,8,8,7,4,8,2,2,2,7,6,8
Karnataka,Urban,UPS (I-VIII),Government Aided,Girls,22,22,14,22,4,20,21,3,21,11,19,22,22,22,12,21,15,4,2,12,21,21
Karnataka,Urban,UPS (I-VIII),Government Aided,Co-Ed,1448,1234,683,1444,227,1223,1377,167,1075,498,1265,1445,1431,1019,620,1330,698,689,466,948,604,966
Karnataka,Rural,UPS (VI-VIII),Government Aided,Co-Ed,29,15,19,29,1,22,27,1,19,8,27,29,28,17,14,26,8,11,10,24,3,8
Karnataka,Urban,UPS (VI-VIII),Government Aided,Boys,1,1,0,1,0,1,1,0,1,0,1,1,1,1,1,1,0,1,0,1,1,1
Karnataka,Urban,UPS (VI-VIII),Government Aided,Girls,2,2,1,2,0,2,2,0,2,0,2,2,2,2,1,2,1,2,1,1,2,2
Karnataka,Urban,UPS (VI-VIII),Government Aided,Co-Ed,14,12,6,14,3,10,13,2,11,7,13,14,14,12,5,13,6,5,4,9,6,10
Karnataka,Rural,HSS (IX-XII),Jawahar Navodaya Vidyalaya,Co-Ed,1,1,1,1,1,1,1,1,1,0,1,1,1,1,0,1,1,1,1,1,1,1
Karnataka,Rural,HSS (VI-XII),Jawahar Navodaya Vidyalaya,Co-Ed,25,22,21,25,19,24,25,20,23,20,24,25,25,24,16,24,21,22,21,20,24,25
Karnataka,Rural,SS (VI-X),Jawahar Navodaya Vidyalaya,Co-Ed,2,2,2,2,2,2,2,2,2,2,2,2,2,2,2,2,2,2,2,1,2,2
Karnataka,Urban,SS (VI-X),Jawahar Navodaya Vidyalaya,Co-Ed,1,1,1,1,1,1,1,1,1,1,1,1,1,1,1,1,1,1,1,1,1,1
Karnataka,Urban,UPS (VI-VIII),Jawahar Navodaya Vidyalaya,Co-Ed,1,1,1,1,1,1,1,1,1,1,1,1,1,1,1,1,1,1,1,1,1,1
Karnataka,Rural,HSS (I-XII),Kendriya Vidyalaya / Central School,Co-Ed,6,5,4,6,0,6,6,5,6,4,6,6,6,6,4,6,4,5,3,6,6,6
Karnataka,Urban,HSS (I-XII),Kendriya Vidyalaya / Central School,Co-Ed,19,19,17,19,5,19,19,15,18,6,19,19,19,19,15,19,14,19,17,11,19,19
Karnataka,Urban,PS (I-V),Kendriya Vidyalaya / Central School,Co-Ed,1,1,1,1,0,1,1,0,1,0,1,1,1,1,0,1,0,1,1,0,1,1
Karnataka,Rural,SS (I-X),Kendriya Vidyalaya / Central School,Co-Ed,11,11,8,11,1,11,11,8,11,3,11,11,11,10,7,11,4,11,10,8,11,11
Karnataka,Urban,SS (I-X),Kendriya Vidyalaya / Central School,Co-Ed,12,12,8,12,1,12,11,9,12,4,10,12,12,10,3,12,4,12,12,6,12,12
Karnataka,Rural,UPS (I-VIII),Kendriya Vidyalaya / Central School,Co-Ed,1,1,0,1,0,1,1,0,1,0,1,1,1,0,0,1,0,0,0,0,1,1
Karnataka,Urban,UPS (I-VIII),Kendriya Vidyalaya / Central School,Co-Ed,2,2,2,2,0,2,2,2,2,0,2,2,2,2,0,2,1,1,1,1,2,2
Karnataka,Urban,HSS (I-XII),Local body,Co-Ed,2,1,0,2,0,1,2,0,1,0,2,2,2,2,2,2,1,0,0,2,0,2
Karnataka,Urban,HSS (IX-XII),Local body,Girls,3,3,2,3,0,3,3,0,2,0,1,3,3,3,3,3,2,1,1,2,1,3
Karnataka,Urban,HSS (IX-XII),Local body,Co-Ed,6,6,4,6,1,5,5,0,2,1,5,6,6,6,4,5,2,1,1,4,2,6
Karnataka,Urban,HSS (VI-XII),Local body,Co-Ed,1,1,1,1,0,1,1,0,1,0,0,0,1,0,0,1,0,1,1,0,1,1
Karnataka,Urban,HSS (XI-XII),Local body,Girls,5,5,2,5,0,4,4,0,3,0,4,5,5,2,3,5,3,0,0,4,3,5
Karnataka,Urban,HSS (XI-XII),Local body,Co-Ed,6,6,2,6,0,5,5,1,5,1,6,6,6,4,4,6,4,1,0,3,3,5
Karnataka,Urban,PS (I-V),Local body,Co-Ed,2,1,1,2,1,1,2,0,1,0,2,2,2,2,1,2,0,1,1,2,1,2
Karnataka,Urban,SS (I-X),Local body,Co-Ed,2,1,1,2,0,2,2,0,1,0,2,2,2,2,2,1,0,1,1,1,2,2
Karnataka,Urban,SS (IX-X),Local body,Boys,1,1,0,1,0,0,0,0,0,0,1,1,1,1,1,0,0,0,0,1,0,1
Karnataka,Urban,SS (IX-X),Local body,Girls,4,4,3,4,0,3,4,0,3,0,4,4,4,3,4,4,2,1,0,3,4,4
Karnataka,Urban,SS (IX-X),Local body,Co-Ed,19,18,7,19,1,15,17,2,10,2,13,19,19,15,13,18,10,4,4,12,5,18
Karnataka,Urban,SS (VI-X),Local body,Boys,1,1,1,1,0,1,1,0,1,1,1,1,1,1,0,1,0,0,0,1,1,1
Karnataka,Urban,SS (VI-X),Local body,Co-Ed,2,2,2,2,0,2,2,0,2,0,2,2,2,1,2,1,1,2,2,1,0,2
Karnataka,Urban,UPS (I-VIII),Local body,Co-Ed,18,16,7,18,1,14,14,2,11,4,16,17,18,13,11,14,9,10,9,10,3,13
Karnataka,Rural,PS (I-V),Madarsa recognized (by Wakf board/Madarsa Board),Boys,1,1,1,1,0,1,1,1,1,1,1,1,1,0,1,1,0,0,0,1,0,1
Karnataka,Urban,PS (I-V),Madarsa recognized (by Wakf board/Madarsa Board),Co-Ed,2,2,0,2,0,2,2,0,2,0,2,2,2,1,0,2,0,1,1,1,1,1
Karnataka,Rural,SS (I-X),Madarsa recognized (by Wakf board/Madarsa Board),Co-Ed,1,1,1,1,0,1,1,1,1,1,1,1,1,1,1,1,1,0,0,0,0,1
Karnataka,Urban,SS (I-X),Madarsa recognized (by Wakf board/Madarsa Board),Boys,1,1,1,1,0,1,1,0,0,0,1,1,1,1,0,1,0,0,0,0,1,1
Karnataka,Urban,SS (I-X),Madarsa recognized (by Wakf board/Madarsa Board),Co-Ed,1,1,0,1,0,1,1,1,0,0,1,1,1,0,0,1,0,0,0,0,0,1
Karnataka,Urban,SS (VI-X),Madarsa recognized (by Wakf board/Madarsa Board),Co-Ed,2,1,0,2,0,1,2,0,2,1,2,2,2,0,0,1,1,1,1,1,0,2
Karnataka,Rural,UPS (I-VIII),Madarsa unrecognized,Boys,1,0,1,1,0,1,0,0,0,0,0,1,1,0,0,1,0,0,0,0,0,0
Karnataka,Rural,HSS (I-XII),Other Central Govt. Schools,Co-Ed,2,2,2,2,1,2,2,2,2,0,2,2,2,2,1,2,2,1,1,1,2,2
Karnataka,Urban,HSS (I-XII),Other Central Govt. Schools,Co-Ed,1,1,1,1,1,1,1,1,1,1,1,1,1,1,1,1,1,0,0,1,1,1
Karnataka,Urban,HSS (VI-XII),Other Central Govt. Schools,Boys,1,1,1,1,1,1,1,1,1,1,1,1,1,1,1,1,1,0,0,0,1,1
Karnataka,Rural,SS (I-X),Other Central Govt. Schools,Co-Ed,1,1,1,1,0,1,1,1,1,0,1,1,1,1,0,1,1,1,0,1,1,1
Karnataka,Urban,SS (I-X),Other Central Govt. Schools,Co-Ed,1,0,0,1,0,1,0,0,0,0,1,1,1,1,1,1,0,0,0,1,0,1
Karnataka,Urban,SS (IX-X),Other Central Govt. Schools,Co-Ed,2,2,0,2,0,1,2,0,1,0,2,2,2,2,0,1,0,1,0,2,0,2
Karnataka,Urban,UPS (I-VIII),Other Central Govt. Schools,Co-Ed,2,1,0,2,0,1,2,0,1,1,2,2,2,2,2,1,1,0,0,1,0,2
Karnataka,Urban,HSS (VI-XII),Other Govt. managed schools,Co-Ed,1,1,1,1,0,1,1,0,0,0,1,1,1,1,0,1,0,0,0,0,0,1
Karnataka,Rural,HSS (XI-XII),Other Govt. managed schools,Girls,1,1,0,1,0,1,1,0,1,0,1,1,1,0,0,1,0,0,0,0,1,1
Karnataka,Rural,HSS (XI-XII),Other Govt. managed schools,Co-Ed,2,2,2,2,1,1,2,0,2,0,2,2,2,1,1,2,1,0,0,1,2,2
Karnataka,Urban,HSS (XI-XII),Other Govt. managed schools,Co-Ed,1,1,0,1,0,1,1,0,1,0,1,1,1,0,0,1,0,0,0,0,1,1
Karnataka,Rural,PS (I-V),Other Govt. managed schools,Co-Ed,2,2,1,2,2,1,2,0,0,0,2,2,2,2,2,2,0,1,1,1,1,2
Karnataka,Urban,PS (I-V),Other Govt. managed schools,Co-Ed,2,2,1,2,1,1,1,0,2,1,2,2,2,2,1,2,0,0,0,0,2,1
Karnataka,Urban,SS (I-X),Other Govt. managed schools,Boys,2,2,1,2,2,2,2,0,2,1,2,2,2,2,1,2,0,2,2,2,2,2
Karnataka,Urban,SS (I-X),Other Govt. managed schools,Co-Ed,2,2,2,2,2,2,2,0,2,1,2,2,2,2,1,2,1,2,2,1,2,2
Karnataka,Rural,SS (IX-X),Other Govt. managed schools,Co-Ed,2,2,2,2,1,2,2,0,2,1,2,2,2,2,1,2,2,1,1,2,1,2
Karnataka,Urban,SS (IX-X),Other Govt. managed schools,Girls,1,1,1,1,0,1,1,0,1,0,1,1,1,1,1,1,0,1,1,0,0,1
Karnataka,Urban,SS (IX-X),Other Govt. managed schools,Co-Ed,5,5,2,5,0,5,4,0,4,0,5,5,5,3,1,4,0,4,4,2,4,4
Karnataka,Rural,SS (VI-X),Other Govt. managed schools,Boys,1,1,0,1,1,1,1,0,1,1,1,1,1,1,0,1,0,1,1,1,1,1
Karnataka,Rural,SS (VI-X),Other Govt. managed schools,Girls,4,4,1,4,2,3,4,0,4,3,4,4,4,4,1,4,3,3,3,3,4,4
Karnataka,Rural,SS (VI-X),Other Govt. managed schools,Co-Ed,31,14,13,31,10,23,29,1,22,13,26,31,31,20,6,23,15,16,10,22,13,28
Karnataka,Urban,SS (VI-X),Other Govt. managed schools,Girls,1,1,0,1,0,0,0,0,0,0,0,1,1,1,0,1,0,0,0,0,1,1
Karnataka,Urban,SS (VI-X),Other Govt. managed schools,Co-Ed,47,22,12,46,5,30,42,1,24,5,42,47,46,18,4,38,11,24,16,34,16,37
Karnataka,Urban,UPS (I-VIII),Other Govt. managed schools,Girls,1,1,1,1,0,1,1,0,1,0,1,1,1,1,1,1,0,1,1,1,0,1
Karnataka,Urban,UPS (I-VIII),Other Govt. managed schools,Co-Ed,1,0,0,1,0,0,1,0,0,0,1,1,1,1,1,1,1,1,1,0,0,0
Karnataka,Rural,UPS (VI-VIII),Other Govt. managed schools,Co-Ed,13,7,4,13,1,5,10,1,8,4,10,13,13,6,5,6,4,5,3,9,4,9
Karnataka,Urban,UPS (VI-VIII),Other Govt. managed schools,Co-Ed,20,9,6,19,0,10,13,0,10,0,15,20,20,6,2,14,4,5,2,9,9,16
Karnataka,Rural,HSS (I-XII),Private Unaided (Recognized),Boys,2,2,2,2,1,2,2,2,2,1,2,2,2,2,1,2,1,0,0,1,2,2
Karnataka,Rural,HSS (I-XII),Private Unaided (Recognized),Co-Ed,144,142,124,144,60,138,142,112,137,82,136,144,144,136,104,141,100,81,74,76,138,144
Karnataka,Urban,HSS (I-XII),Private Unaided (Recognized),Boys,1,1,0,1,1,1,1,1,1,1,1,1,1,1,1,1,1,0,0,0,1,1
Karnataka,Urban,HSS (I-XII),Private Unaided (Recognized),Girls,5,4,1,5,2,5,4,3,5,1,4,5,5,5,3,5,3,3,3,0,5,5
Karnataka,Urban,HSS (I-XII),Private Unaided (Recognized),Co-Ed,510,498,273,510,144,484,498,331,480,184,465,510,509,476,393,503,351,173,135,196,485,505
Karnataka,Rural,HSS (IX-XII),Private Unaided (Recognized),Boys,2,2,2,2,1,2,2,1,2,1,2,2,2,2,2,2,1,2,2,2,2,2
Karnataka,Rural,HSS (IX-XII),Private Unaided (Recognized),Girls,1,1,1,1,0,1,1,0,1,1,0,1,1,1,1,1,1,1,0,1,1,1
Karnataka,Rural,HSS (IX-XII),Private Unaided (Recognized),Co-Ed,27,24,19,25,8,23,26,14,22,14,23,27,26,24,17,24,14,11,11,14,22,27
Karnataka,Urban,HSS (IX-XII),Private Unaided (Recognized),Girls,2,2,1,2,0,1,2,1,1,0,2,2,2,1,1,2,1,0,0,2,2,2
Karnataka,Urban,HSS (IX-XII),Private Unaided (Recognized),Co-Ed,45,43,32,45,14,44,45,20,42,8,43,45,45,39,17,43,24,14,10,22,41,45
Karnataka,Rural,HSS (VI-XII),Private Unaided (Recognized),Boys,1,1,1,1,1,1,1,1,1,1,0,1,1,1,1,1,0,1,1,0,0,1
Karnataka,Rural,HSS (VI-XII),Private Unaided (Recognized),Co-Ed,6,5,5,6,2,5,6,3,4,3,6,6,6,5,4,5,4,3,2,4,6,5
Karnataka,Urban,HSS (VI-XII),Private Unaided (Recognized),Co-Ed,8,8,4,8,4,8,8,4,7,4,8,8,8,8,5,8,8,4,4,6,8,8
Karnataka,Rural,HSS (XI-XII),Private Unaided (Recognized),Boys,3,3,2,3,2,3,3,2,2,1,3,3,3,3,2,3,1,1,0,0,2,3
Karnataka,Rural,HSS (XI-XII),Private Unaided (Recognized),Girls,21,21,18,21,1,20,21,10,19,6,21,21,19,18,6,21,8,8,6,8,19,20
Karnataka,Rural,HSS (XI-XII),Private Unaided (Recognized),Co-Ed,736,687,486,732,104,680,720,287,666,179,646,734,690,427,268,707,299,384,283,315,559,636
Karnataka,Urban,HSS (XI-XII),Private Unaided (Recognized),Boys,5,5,2,5,0,4,5,2,5,0,4,5,5,3,1,5,1,2,0,1,4,4
Karnataka,Urban,HSS (XI-XII),Private Unaided (Recognized),Girls,111,103,62,110,15,99,106,49,100,16,103,111,110,72,43,109,52,55,37,47,97,102
Karnataka,Urban,HSS (XI-XII),Private Unaided (Recognized),Co-Ed,1681,1578,907,1672,183,1533,1640,839,1562,310,1474,1679,1624,1048,628,1660,685,760,583,622,1469,1561
Karnataka,Rural,PS (I-V),Private Unaided (Recognized),Girls,1,1,0,1,0,0,1,0,1,0,0,1,1,0,0,1,0,1,1,0,0,0
Karnataka,Rural,PS (I-V),Private Unaided (Recognized),Co-Ed,1860,1296,1122,1779,329,1480,1593,282,1294,383,1331,1850,1806,1153,767,1542,0,868,632,866,754,1226
Karnataka,Urban,PS (I-V),Private Unaided (Recognized),Boys,2,2,1,2,0,2,2,1,2,0,2,2,2,2,1,2,0,0,0,1,2,2
Karnataka,Urban,PS (I-V),Private Unaided (Recognized),Girls,7,7,4,7,2,7,6,1,6,3,7,7,7,6,2,7,0,2,1,2,6,6
Karnataka,Urban,PS (I-V),Private Unaided (Recognized),Co-Ed,1356,1090,753,1325,206,1078,1156,209,953,297,1073,1354,1328,946,599,1195,0,562,405,623,735,1042
Karnataka,Rural,SS (I-X),Private Unaided (Recognized),Boys,2,2,2,2,2,2,2,2,2,2,2,2,2,1,1,2,0,1,1,1,2,2
Karnataka,Rural,SS (I-X),Private Unaided (Recognized),Girls,4,3,3,4,1,4,4,1,4,1,4,4,3,4,2,4,3,0,0,2,4,4
Karnataka,Rural,SS (I-X),Private Unaided (Recognized),Co-Ed,1645,1553,1375,1643,466,1566,1613,836,1523,678,1515,1645,1628,1481,1037,1592,1080,901,714,928,1460,1621
Karnataka,Urban,SS (I-X),Private Unaided (Recognized),Boys,2,2,2,2,1,2,2,1,1,1,2,2,2,2,1,2,0,1,1,1,2,2
Karnataka,Urban,SS (I-X),Private Unaided (Recognized),Girls,10,10,6,10,5,10,10,5,9,8,10,10,10,8,7,10,7,5,4,7,10,10
Karnataka,Urban,SS (I-X),Private Unaided (Recognized),Co-Ed,3213,3064,2019,3206,707,3032,3119,1630,2925,1072,2956,3211,3191,2927,2038,3132,1987,1263,951,1545,2925,3152
Karnataka,Rural,SS (IX-X),Private Unaided (Recognized),Boys,2,2,2,2,1,1,2,1,1,1,1,2,2,2,2,2,1,0,0,0,1,2
Karnataka,Rural,SS (IX-X),Private Unaided (Recognized),Girls,10,9,8,9,0,8,8,3,6,2,6,10,10,6,4,9,4,4,3,5,2,6
Karnataka,Rural,SS (IX-X),Private Unaided (Recognized),Co-Ed,709,579,528,689,153,594,653,146,556,206,608,703,687,509,376,628,375,346,272,417,437,609
Karnataka,Urban,SS (IX-X),Private Unaided (Recognized),Boys,7,7,5,7,0,7,7,1,6,0,6,7,7,5,3,7,1,2,1,4,4,5
Karnataka,Urban,SS (IX-X),Private Unaided (Recognized),Girls,52,48,29,51,9,45,49,17,43,15,43,51,51,40,20,48,27,19,15,28,34,46
Karnataka,Urban,SS (IX-X),Private Unaided (Recognized),Co-Ed,1089,940,652,1070,201,921,1019,336,892,265,962,1086,1072,878,548,975,592,447,335,583,796,979
Karnataka,Rural,SS (VI-X),Private Unaided (Recognized),Boys,5,5,5,5,4,5,5,3,5,3,3,5,5,5,4,5,1,4,3,1,3,5
Karnataka,Rural,SS (VI-X),Private Unaided (Recognized),Co-Ed,22,17,14,22,8,20,21,5,17,13,20,22,21,21,17,20,15,15,13,13,18,22
Karnataka,Urban,SS (VI-X),Private Unaided (Recognized),Boys,3,2,2,3,1,3,3,1,3,1,3,3,3,3,2,3,0,1,1,2,2,3
Karnataka,Urban,SS (VI-X),Private Unaided (Recognized),Co-Ed,50,43,34,50,14,45,48,16,43,17,43,50,50,43,28,48,33,22,17,33,38,47
Karnataka,Rural,UPS (I-VIII),Private Unaided (Recognized),Boys,4,4,4,4,3,4,4,2,3,3,3,4,4,2,2,4,2,3,3,3,4,3
Karnataka,Rural,UPS (I-VIII),Private Unaided (Recognized),Girls,2,2,0,2,0,1,2,0,2,1,1,2,1,1,1,2,2,0,0,0,2,1
Karnataka,Rural,UPS (I-VIII),Private Unaided (Recognized),Co-Ed,2937,2467,2178,2873,621,2528,2704,691,2311,845,2442,2934,2881,2163,1495,2601,1588,1450,1111,1601,1717,2524
Karnataka,Urban,UPS (I-VIII),Private Unaided (Recognized),Boys,2,1,1,2,0,2,2,0,2,1,2,2,2,2,0,2,1,1,0,2,2,2
Karnataka,Urban,UPS (I-VIII),Private Unaided (Recognized),Girls,17,16,7,16,6,16,16,5,16,7,15,17,17,15,13,16,11,11,8,8,13,16
Karnataka,Urban,UPS (I-VIII),Private Unaided (Recognized),Co-Ed,3203,2813,1875,3156,587,2741,2951,896,2555,824,2802,3197,3155,2525,1650,2932,1700,1274,960,1544,2244,2868
Karnataka,Rural,UPS (VI-VIII),Private Unaided (Recognized),Boys,4,3,4,4,3,4,4,4,4,2,1,4,3,3,2,4,2,1,1,2,2,4
Karnataka,Rural,UPS (VI-VIII),Private Unaided (Recognized),Co-Ed,60,45,41,59,13,52,56,17,50,17,50,60,58,40,29,52,35,27,22,38,33,48
Karnataka,Urban,UPS (VI-VIII),Private Unaided (Recognized),Co-Ed,59,42,33,59,10,47,53,12,43,13,47,59,59,42,28,52,30,31,21,27,30,51
Karnataka,Urban,UPS (I-VIII),Railway School,Co-Ed,1,1,1,1,0,1,1,0,0,0,1,1,1,1,0,1,0,1,1,1,1,1
Karnataka,Rural,HSS (VI-XII),Sainik School,Co-Ed,1,1,0,1,1,1,1,1,1,0,1,1,1,1,1,1,1,1,1,1,1,1
Karnataka,Urban,HSS (VI-XII),Sainik School,Boys,2,2,2,2,1,2,2,1,2,1,1,2,2,1,1,2,0,1,1,1,1,1
Karnataka,Rural,HSS (VI-XII),Social welfare Department,Girls,1,1,1,1,1,1,1,1,1,1,1,1,1,1,1,1,1,1,1,0,1,1
Karnataka,Rural,HSS (VI-XII),Social welfare Department,Co-Ed,20,19,19,20,12,19,20,2,19,15,17,20,20,19,8,19,14,16,15,16,19,20
Karnataka,Rural,HSS (XI-XII),Social welfare Department,Girls,1,1,0,1,0,1,1,0,1,1,1,1,1,0,1,1,1,1,0,1,1,1
Karnataka,Rural,HSS (XI-XII),Social welfare Department,Co-Ed,8,7,5,8,4,7,8,0,8,4,8,8,8,6,0,8,4,6,4,5,4,6
Karnataka,Urban,HSS (XI-XII),Social welfare Department,Girls,2,2,1,2,1,1,2,0,2,0,1,2,2,0,1,2,1,2,2,2,1,2
Karnataka,Rural,PS (I-V),Social welfare Department,Co-Ed,21,10,11,20,14,15,19,2,14,8,18,21,21,20,9,21,0,10,8,14,8,13
Karnataka,Urban,PS (I-V),Social welfare Department,Co-Ed,10,10,7,10,5,8,8,1,8,2,9,10,10,8,6,8,0,5,4,4,5,8
Karnataka,Rural,SS (I-X),Social welfare Department,Co-Ed,1,1,1,1,1,1,1,0,0,1,1,1,1,1,0,1,0,1,1,1,0,1
Karnataka,Urban,SS (I-X),Social welfare Department,Boys,1,0,0,1,1,1,1,0,0,1,1,1,1,1,1,1,1,1,1,1,0,1
Karnataka,Rural,SS (VI-X),Social welfare Department,Boys,4,4,3,4,1,4,3,1,4,3,4,4,4,3,2,4,0,2,2,3,2,4
Karnataka,Rural,SS (VI-X),Social welfare Department,Girls,49,45,36,49,26,45,47,6,45,28,42,49,48,44,15,47,26,29,21,42,43,49
Karnataka,Rural,SS (VI-X),Social welfare Department,Co-Ed,198,165,119,198,111,171,183,22,178,115,156,198,198,168,63,188,111,99,77,161,154,195
Karnataka,Urban,SS (VI-X),Social welfare Department,Girls,14,12,6,14,9,12,13,1,12,8,12,14,14,11,5,13,10,4,3,9,12,14
Karnataka,Urban,SS (VI-X),Social welfare Department,Co-Ed,54,29,17,50,16,40,43,2,40,18,40,53,51,36,9,43,18,23,21,38,31,41
Karnataka,Urban,UPS (I-VIII),Social welfare Department,Co-Ed,1,1,1,1,1,1,1,0,0,1,1,1,1,1,0,1,0,0,0,1,0,1
Karnataka,Rural,UPS (VI-VIII),Social welfare Department,Girls,2,2,1,2,2,2,2,1,2,0,1,2,2,2,1,2,2,0,0,1,2,2
Karnataka,Rural,UPS (VI-VIII),Social welfare Department,Co-Ed,8,5,2,8,3,6,4,1,6,2,4,8,8,5,5,5,3,3,2,7,6,8
Karnataka,Urban,UPS (VI-VIII),Social welfare Department,Co-Ed,9,4,1,9,2,4,8,0,5,4,8,9,9,4,4,7,2,3,2,5,1,9
Karnataka,Rural,HSS (VI-XII),Tribal Welfare Department,Girls,2,2,2,2,1,2,2,1,2,2,2,2,2,2,2,2,2,1,1,2,1,2
Karnataka,Rural,HSS (VI-XII),Tribal Welfare Department,Co-Ed,32,30,29,32,28,32,32,5,30,26,26,32,32,29,18,31,22,19,12,25,28,32
Karnataka,Urban,HSS (VI-XII),Tribal Welfare Department,Co-Ed,5,5,3,5,4,5,4,3,5,1,4,5,5,4,2,5,3,5,4,5,5,5
Karnataka,Rural,HSS (XI-XII),Tribal Welfare Department,Girls,4,3,3,3,2,3,4,0,3,1,4,4,2,4,4,4,4,1,1,1,4,4
Karnataka,Rural,HSS (XI-XII),Tribal Welfare Department,Co-Ed,14,12,10,13,9,13,13,1,13,6,14,14,14,13,2,13,4,7,5,11,14,14
Karnataka,Urban,HSS (XI-XII),Tribal Welfare Department,Girls,1,1,1,1,1,1,1,0,1,1,1,1,1,1,1,1,0,0,0,1,0,1
Karnataka,Urban,HSS (XI-XII),Tribal Welfare Department,Co-Ed,11,10,5,11,5,10,10,3,11,5,9,11,10,8,4,11,3,4,4,6,9,10
Karnataka,Rural,PS (I-V),Tribal Welfare Department,Girls,1,0,0,1,0,0,1,0,1,0,0,1,1,1,0,1,0,0,0,1,0,0
Karnataka,Rural,PS (I-V),Tribal Welfare Department,Co-Ed,79,50,53,75,55,66,69,10,57,50,68,78,78,72,33,72,0,37,22,48,20,61
Karnataka,Urban,PS (I-V),Tribal Welfare Department,Boys,1,1,0,1,1,1,1,0,1,1,1,1,1,1,1,1,0,1,1,1,1,1
Karnataka,Urban,PS (I-V),Tribal Welfare Department,Co-Ed,23,19,8,22,16,21,22,3,20,12,21,23,22,21,12,21,0,9,6,14,11,16
Karnataka,Rural,SS (I-X),Tribal Welfare Department,Co-Ed,2,2,2,2,1,2,2,1,2,2,2,2,2,2,1,2,1,1,0,0,2,2
Karnataka,Urban,SS (I-X),Tribal Welfare Department,Boys,1,1,0,1,1,1,1,0,1,1,1,1,1,1,0,1,0,1,0,0,1,1
Karnataka,Urban,SS (I-X),Tribal Welfare Department,Girls,2,2,2,2,0,1,1,0,1,1,2,2,2,1,1,1,0,1,1,2,1,1
Karnataka,Urban,SS (I-X),Tribal Welfare Department,Co-Ed,3,3,1,3,1,2,2,0,2,1,3,3,3,1,1,2,1,1,0,2,3,3
Karnataka,Rural,SS (VI-X),Tribal Welfare Department,Boys,3,3,3,3,1,3,3,1,3,2,3,3,3,2,1,3,1,0,0,3,3,3
Karnataka,Rural,SS (VI-X),Tribal Welfare Department,Girls,95,90,68,95,61,89,90,15,89,57,79,95,94,84,43,91,58,59,50,73,72,95
Karnataka,Rural,SS (VI-X),Tribal Welfare Department,Co-Ed,313,269,214,307,159,279,284,38,273,175,233,312,307,275,125,285,149,149,124,235,243,303
Karnataka,Urban,SS (VI-X),Tribal Welfare Department,Girls,19,15,12,19,9,15,17,3,16,10,14,19,18,16,11,17,10,11,7,13,15,19
Karnataka,Urban,SS (VI-X),Tribal Welfare Department,Co-Ed,110,73,51,108,37,83,94,9,81,40,88,109,106,76,33,97,52,52,42,77,66,103
Karnataka,Rural,UPS (I-VIII),Tribal Welfare Department,Co-Ed,35,23,25,35,20,30,35,3,28,31,35,35,35,27,16,34,17,28,19,21,14,31
Karnataka,Urban,UPS (I-VIII),Tribal Welfare Department,Boys,1,1,1,1,1,1,1,0,1,0,1,1,1,0,0,1,0,0,0,1,0,1
Karnataka,Urban,UPS (I-VIII),Tribal Welfare Department,Co-Ed,1,1,1,1,0,1,1,0,1,0,1,1,1,1,0,1,0,1,0,1,1,1
Karnataka,Rural,UPS (VI-VIII),Tribal Welfare Department,Girls,7,7,2,7,2,4,6,0,6,1,2,7,7,5,0,5,0,2,1,6,4,7
Karnataka,Rural,UPS (VI-VIII),Tribal Welfare Department,Co-Ed,21,15,8,20,6,17,16,5,17,7,11,21,21,13,4,20,7,6,6,15,13,21
Karnataka,Urban,UPS (VI-VIII),Tribal Welfare Department,Girls,2,2,0,1,1,2,1,0,2,0,1,2,2,1,0,2,0,0,0,1,1,1
Karnataka,Urban,UPS (VI-VIII),Tribal Welfare Department,Co-Ed,19,5,7,17,2,10,14,0,7,3,16,19,18,10,6,11,4,8,5,8,6,13
Karnataka,Urban,PS (I-V),Unrecognized,Co-Ed,1,1,0,1,1,1,1,1,1,0,1,1,1,1,0,1,0,0,0,1,1,1
Karnataka,Urban,SS (I-X),Unrecognized,Co-Ed,1,1,0,1,0,1,1,0,1,0,1,1,1,1,0,1,1,0,0,0,1,1
Kerala,Rural,HSS (I-XII),Department of Education,Co-Ed,317,225,272,317,57,279,317,27,281,194,316,317,314,202,157,315,197,304,252,142,317,317
Kerala,Urban,HSS (I-XII),Department of Education,Co-Ed,60,49,46,60,8,46,60,2,53,33,60,60,60,41,20,59,35,57,43,30,60,60
Kerala,Rural,HSS (IX-XII),Department of Education,Co-Ed,132,104,124,132,54,123,132,7,121,68,131,132,132,93,54,131,84,121,93,61,132,132
Kerala,Urban,HSS (IX-XII),Department of Education,Girls,3,3,1,3,0,2,3,0,2,0,3,3,3,1,1,3,1,3,1,0,3,3
Kerala,Urban,HSS (IX-XII),Department of Education,Co-Ed,43,38,37,43,10,40,43,2,39,19,43,43,43,33,14,43,24,35,30,20,43,43
Kerala,Rural,HSS (VI-XII),Department of Education,Boys,1,1,1,1,0,1,1,0,1,1,1,1,1,1,1,1,1,1,1,1,1,1
Kerala,Rural,HSS (VI-XII),Department of Education,Girls,9,9,6,9,2,8,8,0,7,9,9,9,9,4,4,7,9,9,7,5,9,9
Kerala,Rural,HSS (VI-XII),Department of Education,Co-Ed,235,195,213,235,45,226,235,20,210,140,234,235,235,155,102,232,153,223,185,113,235,235
Kerala,Urban,HSS (VI-XII),Department of Education,Boys,4,4,4,4,0,4,4,0,4,3,4,4,4,2,2,4,0,4,4,4,4,4
Kerala,Urban,HSS (VI-XII),Department of Education,Girls,30,26,25,30,8,25,30,4,28,21,30,30,30,20,11,29,17,29,22,11,30,30
Kerala,Urban,HSS (VI-XII),Department of Education,Co-Ed,89,85,73,89,16,81,89,4,80,60,89,89,89,62,28,88,59,86,73,45,89,89
Kerala,Rural,HSS (XI-XII),Department of Education,Co-Ed,5,2,4,5,0,5,5,1,4,1,5,5,5,4,0,5,1,3,1,3,5,5
Kerala,Urban,HSS (XI-XII),Department of Education,Co-Ed,4,3,4,4,0,3,4,1,4,1,4,4,4,3,2,4,2,4,2,0,4,4
Kerala,Rural,PS (I-V),Department of Education,Boys,1,1,1,1,0,1,1,0,1,1,1,1,1,1,0,1,0,1,1,1,1,1
Kerala,Rural,PS (I-V),Department of Education,Girls,1,1,0,1,0,0,1,0,1,1,1,1,1,1,0,1,0,1,1,0,1,1
Kerala,Rural,PS (I-V),Department of Education,Co-Ed,2007,1253,1550,2005,130,1533,2006,26,1654,1295,1999,2007,2001,941,654,2002,0,1908,1642,712,1906,2007
Kerala,Urban,PS (I-V),Department of Education,Co-Ed,348,251,245,348,17,262,348,6,301,228,348,348,348,173,84,348,0,330,293,154,336,348
Kerala,Rural,SS (I-X),Department of Education,Co-Ed,172,112,145,172,30,140,172,14,149,106,172,172,171,73,70,172,112,165,134,89,171,172
Kerala,Urban,SS (I-X),Department of Education,Co-Ed,27,14,15,27,4,20,27,1,22,17,26,27,27,11,10,27,15,26,22,16,27,27
Kerala,Rural,SS (IX-X),Department of Education,Co-Ed,26,23,21,26,5,19,26,0,26,13,26,26,26,19,10,26,10,18,10,5,26,26
Kerala,Urban,SS (IX-X),Department of Education,Boys,1,1,0,1,0,0,1,0,1,1,1,1,1,1,0,1,0,0,0,0,1,1
Kerala,Urban,SS (IX-X),Department of Education,Girls,2,2,0,2,1,1,2,0,2,0,2,2,2,2,1,2,1,1,1,1,2,2
Kerala,Urban,SS (IX-X),Department of Education,Co-Ed,6,4,5,6,1,6,6,1,5,4,6,6,6,3,2,6,1,3,3,1,6,6
Kerala,Rural,SS (VI-X),Department of Education,Boys,2,2,2,2,0,2,2,1,2,2,2,2,2,0,0,2,0,2,2,1,2,2
Kerala,Rural,SS (VI-X),Department of Education,Co-Ed,31,17,29,31,7,26,31,2,26,15,31,31,31,15,12,31,25,30,24,20,31,31
Kerala,Urban,SS (VI-X),Department of Education,Girls,3,3,2,3,0,3,3,0,3,2,3,3,3,3,1,3,2,3,3,2,3,3
Kerala,Urban,SS (VI-X),Department of Education,Co-Ed,9,8,6,9,1,8,9,1,8,6,9,9,9,4,2,9,4,7,4,7,9,9
Kerala,Rural,UPS (I-VIII),Department of Education,Co-Ed,788,627,630,788,83,623,787,10,693,518,784,788,786,371,287,786,304,765,669,335,765,787
Kerala,Urban,UPS (I-VIII),Department of Education,Co-Ed,258,217,198,258,35,202,256,4,228,178,257,258,258,127,76,258,87,247,221,122,255,258
Kerala,Rural,UPS (VI-VIII),Department of Education,Co-Ed,46,32,45,46,6,42,46,1,43,23,46,46,46,25,18,46,14,44,39,17,45,46
Kerala,Urban,UPS (VI-VIII),Department of Education,Boys,1,1,1,1,0,1,1,0,1,1,1,1,1,1,0,1,0,1,1,1,1,1
Kerala,Urban,UPS (VI-VIII),Department of Education,Girls,1,1,1,1,0,1,1,0,0,1,1,1,1,1,0,1,1,1,0,0,1,1
Kerala,Urban,UPS (VI-VIII),Department of Education,Co-Ed,8,6,7,8,1,8,8,0,8,6,8,8,8,4,3,8,4,7,7,5,7,8
Kerala,Rural,HSS (I-XII),Government Aided,Co-Ed,79,78,72,79,13,78,79,4,75,56,79,79,79,60,35,79,52,70,55,38,79,79
Kerala,Urban,HSS (I-XII),Government Aided,Boys,1,1,1,1,0,1,1,1,1,1,1,1,1,1,0,1,1,1,1,0,1,1
Kerala,Urban,HSS (I-XII),Government Aided,Girls,1,1,1,1,1,1,1,1,1,0,1,1,1,1,1,1,1,1,1,0,1,1
Kerala,Urban,HSS (I-XII),Government Aided,Co-Ed,31,29,22,31,4,31,31,1,30,19,31,31,31,29,9,31,24,29,20,15,31,31
Kerala,Rural,HSS (IX-XII),Government Aided,Girls,4,3,3,4,0,4,4,0,4,3,4,4,4,3,0,4,4,4,3,1,4,4
Kerala,Rural,HSS (IX-XII),Government Aided,Co-Ed,216,206,201,216,21,214,216,22,200,135,215,216,216,168,68,214,132,186,126,98,215,216
Kerala,Urban,HSS (IX-XII),Government Aided,Girls,4,4,3,4,0,4,4,1,3,4,4,4,4,2,1,4,4,4,3,3,4,4
Kerala,Urban,HSS (IX-XII),Government Aided,Co-Ed,45,41,43,45,5,45,45,8,42,24,44,45,45,37,12,44,29,36,29,22,45,45
Kerala,Rural,HSS (VI-XII),Government Aided,Boys,2,2,2,2,1,2,2,0,2,1,2,2,2,2,1,2,0,1,1,2,2,2
Kerala,Rural,HSS (VI-XII),Government Aided,Girls,11,10,11,11,1,11,11,1,10,9,11,11,11,8,4,11,9,10,9,3,11,11
Kerala,Rural,HSS (VI-XII),Government Aided,Co-Ed,392,367,369,392,39,391,392,31,370,287,388,392,392,271,151,388,277,353,274,191,392,392
Kerala,Urban,HSS (VI-XII),Government Aided,Boys,8,8,6,8,0,8,8,2,8,5,8,8,8,7,3,8,0,8,7,4,8,8
Kerala,Urban,HSS (VI-XII),Government Aided,Girls,35,35,19,35,5,34,35,7,34,29,35,35,35,31,20,35,28,31,25,22,35,35
Kerala,Urban,HSS (VI-XII),Government Aided,Co-Ed,117,112,95,117,10,114,117,12,109,84,116,117,117,89,36,116,81,106,90,52,117,117
Kerala,Rural,HSS (XI-XII),Government Aided,Girls,3,3,3,3,0,3,3,0,3,2,3,3,3,3,1,3,3,0,0,1,3,3
Kerala,Rural,HSS (XI-XII),Government Aided,Co-Ed,1,1,1,1,0,1,1,0,1,1,1,1,1,1,1,1,1,0,0,1,1,1
Kerala,Urban,HSS (XI-XII),Government Aided,Girls,1,1,1,1,0,1,1,1,1,1,1,1,1,1,1,1,1,1,1,0,1,1
Kerala,Rural,PS (I-V),Government Aided,Boys,9,7,5,9,0,7,9,0,8,7,9,9,9,5,3,9,0,4,3,2,9,9
Kerala,Rural,PS (I-V),Government Aided,Girls,7,6,5,7,0,7,7,0,6,6,7,7,7,3,3,7,0,5,4,4,7,7
Kerala,Rural,PS (I-V),Government Aided,Co-Ed,2770,2069,2186,2768,97,2406,2757,38,2376,1717,2754,2770,2764,1223,516,2760,0,2455,1832,893,2603,2769
Kerala,Urban,PS (I-V),Government Aided,Boys,4,4,3,4,0,3,4,0,2,3,3,4,4,2,2,4,0,3,2,2,4,4
Kerala,Urban,PS (I-V),Government Aided,Girls,15,15,7,15,1,15,15,0,11,8,15,15,15,11,7,15,0,14,14,2,15,15
Kerala,Urban,PS (I-V),Government Aided,Co-Ed,568,466,402,568,25,502,568,8,512,362,566,568,568,239,101,567,0,493,395,202,553,568
Kerala,Rural,SS (I-X),Government Aided,Co-Ed,71,66,66,71,2,71,71,4,65,47,70,71,71,44,33,69,37,64,49,40,71,71
Kerala,Urban,SS (I-X),Government Aided,Boys,1,1,1,1,0,1,1,1,1,0,1,1,1,1,0,1,0,1,0,0,1,1
Kerala,Urban,SS (I-X),Government Aided,Girls,2,2,1,2,0,2,2,1,2,1,2,2,2,2,1,2,2,1,1,1,2,2
Kerala,Urban,SS (I-X),Government Aided,Co-Ed,19,18,17,19,2,19,19,3,15,17,19,19,19,15,7,19,10,16,9,6,19,19
Kerala,Rural,SS (IX-X),Government Aided,Boys,1,1,1,1,0,1,1,0,1,0,1,1,1,1,0,1,0,1,0,0,1,1
Kerala,Rural,SS (IX-X),Government Aided,Girls,3,2,3,3,0,3,3,0,3,3,3,3,3,1,0,3,3,3,1,1,3,3
Kerala,Rural,SS (IX-X),Government Aided,Co-Ed,93,82,91,93,4,93,93,5,92,66,93,93,93,44,27,93,48,80,53,45,93,93
Kerala,Urban,SS (IX-X),Government Aided,Girls,1,1,1,1,0,1,1,0,1,0,1,1,1,1,0,1,1,1,1,0,1,1
Kerala,Urban,SS (IX-X),Government Aided,Co-Ed,5,4,4,5,0,5,5,0,5,3,5,5,5,2,1,5,2,5,4,2,5,5
Kerala,Rural,SS (VI-X),Government Aided,Boys,7,6,7,7,0,7,7,1,6,6,7,7,7,7,2,7,1,7,6,3,7,7
Kerala,Rural,SS (VI-X),Government Aided,Girls,33,32,27,33,2,32,33,2,33,22,32,33,33,27,12,33,24,30,25,18,33,33
Kerala,Rural,SS (VI-X),Government Aided,Co-Ed,177,158,169,177,17,174,177,6,169,126,175,177,177,112,54,176,102,152,114,84,177,177
Kerala,Urban,SS (VI-X),Government Aided,Boys,6,5,5,6,0,6,6,1,5,4,6,6,6,3,1,6,0,6,5,4,6,6
Kerala,Urban,SS (VI-X),Government Aided,Girls,25,23,16,25,1,25,25,2,24,16,25,25,25,22,7,25,20,21,16,8,25,25
Kerala,Urban,SS (VI-X),Government Aided,Co-Ed,42,37,39,42,3,42,42,2,38,30,42,42,41,30,9,42,21,41,29,15,41,42
Kerala,Rural,UPS (I-VIII),Government Aided,Boys,1,1,1,1,1,1,1,0,1,1,1,1,1,1,0,1,0,1,1,0,1,1
Kerala,Rural,UPS (I-VIII),Government Aided,Girls,2,2,2,2,0,2,2,0,2,2,2,2,2,2,1,2,1,2,2,0,2,2
Kerala,Rural,UPS (I-VIII),Government Aided,Co-Ed,1461,1298,1191,1460,72,1332,1459,25,1335,929,1455,1460,1460,744,353,1458,422,1355,1082,570,1434,1459
Kerala,Urban,UPS (I-VIII),Government Aided,Boys,1,1,1,1,0,0,1,0,1,1,1,1,1,1,0,1,0,1,1,0,1,1
Kerala,Urban,UPS (I-VIII),Government Aided,Girls,1,1,0,1,0,1,1,0,1,1,1,1,1,1,0,1,0,1,1,0,1,1
Kerala,Urban,UPS (I-VIII),Government Aided,Co-Ed,337,313,242,337,16,292,337,5,307,203,335,337,337,185,85,336,99,308,248,140,331,336
Kerala,Rural,UPS (VI-VIII),Government Aided,Boys,2,2,2,2,0,2,2,0,2,2,2,2,2,1,1,2,0,1,0,1,2,2
Kerala,Rural,UPS (VI-VIII),Government Aided,Co-Ed,516,453,469,516,18,504,514,17,471,359,510,516,516,220,115,513,150,456,342,239,490,516
Kerala,Urban,UPS (VI-VIII),Government Aided,Co-Ed,52,45,46,52,1,48,52,0,49,40,51,52,51,26,13,51,15,46,38,24,50,52
Kerala,Rural,HSS (VI-XII),Jawahar Navodaya Vidyalaya,Co-Ed,13,13,12,13,2,12,13,12,13,8,13,13,13,13,6,13,10,10,10,10,13,13
Kerala,Urban,HSS (VI-XII),Jawahar Navodaya Vidyalaya,Co-Ed,1,1,1,1,0,1,1,1,1,1,1,1,1,1,1,1,1,0,0,0,1,1
Kerala,Rural,HSS (I-XII),Kendriya Vidyalaya / Central School,Co-Ed,14,14,11,14,1,14,14,13,14,7,14,14,14,13,8,14,10,13,12,4,14,14
Kerala,Urban,HSS (I-XII),Kendriya Vidyalaya / Central School,Co-Ed,21,21,16,21,2,19,21,20,21,5,21,21,21,20,12,21,15,20,16,7,21,21
Kerala,Rural,SS (I-X),Kendriya Vidyalaya / Central School,Co-Ed,3,3,1,3,0,3,3,3,3,1,3,3,3,3,0,3,3,2,2,0,3,3
Kerala,Rural,UPS (I-VIII),Kendriya Vidyalaya / Central School,Co-Ed,1,0,0,1,0,1,1,1,1,1,1,1,1,1,0,1,0,1,1,0,1,1
Kerala,Rural,HSS (I-XII),Local body,Co-Ed,6,5,2,6,0,3,4,0,1,2,6,6,6,2,1,6,4,4,3,0,6,4
Kerala,Urban,HSS (I-XII),Local body,Co-Ed,2,2,2,2,0,1,2,0,0,1,1,2,2,1,1,2,1,2,1,0,2,1
Kerala,Rural,PS (I-V),Local body,Co-Ed,10,6,5,10,1,5,3,0,2,7,10,10,10,4,1,10,0,8,5,4,10,7
Kerala,Rural,SS (I-X),Local body,Co-Ed,4,3,1,4,0,3,3,0,2,2,4,4,4,1,1,4,0,4,3,3,4,4
Kerala,Urban,SS (I-X),Local body,Co-Ed,1,1,1,1,0,1,1,0,0,0,1,1,1,0,0,1,0,1,1,0,1,1
Kerala,Rural,UPS (I-VIII),Local body,Co-Ed,8,4,7,8,0,3,3,1,3,6,8,8,6,4,1,8,4,8,4,2,7,7
Kerala,Urban,UPS (I-VIII),Local body,Co-Ed,1,0,0,1,0,0,0,0,0,1,1,1,1,1,1,1,1,1,0,1,1,1
Kerala,Rural,PS (I-V),Madarsa recognized (by Wakf board/Madarsa Board),Co-Ed,1,1,1,1,0,1,1,0,1,0,1,1,1,0,0,1,0,0,0,0,0,1
Kerala,Urban,UPS (I-VIII),Madarsa recognized (by Wakf board/Madarsa Board),Co-Ed,2,2,2,2,0,2,2,0,2,0,2,2,2,0,0,2,0,1,1,0,2,2
Kerala,Rural,PS (I-V),Other Govt. managed schools,Co-Ed,198,31,100,147,13,62,185,0,45,51,195,184,176,28,3,156,0,27,8,70,86,42
Kerala,Urban,PS (I-V),Other Govt. managed schools,Co-Ed,10,1,5,8,2,2,7,1,2,1,10,10,10,1,0,9,0,1,0,4,9,1
Kerala,Rural,HSS (I-XII),Private Unaided (Recognized),Co-Ed,539,527,493,539,100,538,532,460,528,258,531,539,539,465,254,535,318,268,173,150,532,538
Kerala,Urban,HSS (I-XII),Private Unaided (Recognized),Boys,2,1,1,2,1,2,1,1,2,2,2,2,2,2,2,2,2,0,0,0,2,2
Kerala,Urban,HSS (I-XII),Private Unaided (Recognized),Girls,4,4,0,4,2,4,4,4,4,3,4,4,4,4,2,4,2,0,0,1,4,4
Kerala,Urban,HSS (I-XII),Private Unaided (Recognized),Co-Ed,342,338,293,342,95,339,339,304,334,186,338,342,342,310,167,341,214,175,115,95,337,342
Kerala,Rural,HSS (IX-XII),Private Unaided (Recognized),Girls,1,0,1,1,0,1,1,0,1,0,1,1,1,1,0,1,1,0,0,0,1,1
Kerala,Rural,HSS (IX-XII),Private Unaided (Recognized),Co-Ed,19,18,16,19,2,17,19,8,14,11,17,19,19,16,5,19,7,9,5,6,19,19
Kerala,Urban,HSS (IX-XII),Private Unaided (Recognized),Girls,1,1,1,1,1,1,1,0,1,0,1,1,1,1,0,1,1,0,0,0,1,1
Kerala,Urban,HSS (IX-XII),Private Unaided (Recognized),Co-Ed,6,6,5,6,0,6,6,2,6,3,6,6,6,5,1,6,2,6,3,2,6,6
Kerala,Rural,HSS (VI-XII),Private Unaided (Recognized),Co-Ed,23,23,21,23,4,23,23,11,19,5,23,23,23,16,9,23,8,5,3,4,21,23
Kerala,Urban,HSS (VI-XII),Private Unaided (Recognized),Girls,1,1,1,1,0,1,1,1,1,1,1,1,1,1,1,1,1,0,0,0,1,1
Kerala,Urban,HSS (VI-XII),Private Unaided (Recognized),Co-Ed,16,16,14,16,1,16,16,11,16,9,15,16,16,15,7,16,11,7,4,2,16,16
Kerala,Rural,HSS (XI-XII),Private Unaided (Recognized),Girls,2,2,2,2,0,2,2,0,2,0,2,2,2,1,2,2,2,1,0,0,2,2
Kerala,Rural,HSS (XI-XII),Private Unaided (Recognized),Co-Ed,25,25,24,25,5,24,25,12,25,6,25,25,25,15,8,25,11,12,8,6,25,25
Kerala,Urban,HSS (XI-XII),Private Unaided (Recognized),Girls,8,6,7,8,0,8,8,4,8,2,8,8,8,4,3,8,3,3,1,1,8,8
Kerala,Urban,HSS (XI-XII),Private Unaided (Recognized),Co-Ed,7,4,6,7,1,6,7,4,7,2,7,7,7,5,3,7,4,1,1,0,6,7
Kerala,Rural,PS (I-V),Private Unaided (Recognized),Co-Ed,372,309,283,369,31,325,340,24,287,118,367,372,369,161,61,359,0,92,58,85,291,338
Kerala,Urban,PS (I-V),Private Unaided (Recognized),Girls,2,2,0,2,1,2,2,1,2,1,2,2,2,1,1,2,0,0,0,0,2,2
Kerala,Urban,PS (I-V),Private Unaided (Recognized),Co-Ed,104,99,66,104,10,99,100,8,89,48,104,104,104,72,25,104,0,39,28,31,95,102
Kerala,Rural,SS (I-X),Private Unaided (Recognized),Co-Ed,829,798,759,828,86,803,811,508,779,398,812,829,829,663,329,826,383,371,251,229,815,826
Kerala,Urban,SS (I-X),Private Unaided (Recognized),Co-Ed,215,213,190,215,32,211,211,137,206,107,212,215,213,172,94,213,107,110,70,60,210,214
Kerala,Rural,SS (IX-X),Private Unaided (Recognized),Boys,1,1,1,1,0,1,1,0,1,1,1,1,1,1,1,1,0,0,0,1,1,1
Kerala,Rural,SS (IX-X),Private Unaided (Recognized),Co-Ed,13,11,12,13,1,13,13,4,11,5,12,13,12,9,2,13,6,6,4,5,13,13
Kerala,Urban,SS (IX-X),Private Unaided (Recognized),Boys,1,0,1,1,0,1,1,0,1,0,1,1,1,1,1,1,0,0,0,0,1,1
Kerala,Urban,SS (IX-X),Private Unaided (Recognized),Co-Ed,4,4,4,4,0,3,4,1,4,4,4,4,4,4,1,4,4,3,1,1,4,4
Kerala,Rural,SS (VI-X),Private Unaided (Recognized),Co-Ed,16,15,16,16,2,15,16,7,14,8,16,16,16,12,3,16,6,8,5,4,16,16
Kerala,Urban,SS (VI-X),Private Unaided (Recognized),Co-Ed,4,4,4,4,0,4,3,2,2,2,4,4,4,3,1,4,2,1,1,0,4,4
Kerala,Rural,UPS (I-VIII),Private Unaided (Recognized),Co-Ed,446,424,375,445,34,424,421,75,385,184,439,446,446,256,111,443,127,165,98,129,423,444
Kerala,Urban,UPS (I-VIII),Private Unaided (Recognized),Co-Ed,144,139,101,144,21,138,137,26,126,61,141,144,144,105,44,143,46,71,50,52,139,143
Kerala,Rural,UPS (VI-VIII),Private Unaided (Recognized),Co-Ed,13,12,12,13,1,13,13,1,10,9,12,13,13,8,4,13,4,7,4,2,12,13
Kerala,Urban,UPS (VI-VIII),Private Unaided (Recognized),Co-Ed,4,4,4,4,0,4,4,0,4,2,4,4,4,2,0,4,0,3,3,1,3,4
Kerala,Rural,HSS (I-XII),Railway School,Co-Ed,1,1,1,1,0,1,1,1,1,1,1,1,1,1,1,1,1,1,1,1,1,1
Kerala,Urban,HSS (VI-XII),Sainik School,Co-Ed,1,1,1,1,0,1,1,1,1,0,1,1,1,0,1,1,0,0,0,0,1,1
Kerala,Rural,HSS (I-XII),Tribal Welfare Department,Co-Ed,3,3,3,3,3,2,3,2,3,3,3,3,3,3,2,3,3,2,2,3,3,3
Kerala,Urban,HSS (I-XII),Tribal Welfare Department,Co-Ed,1,1,1,1,1,1,1,1,1,1,1,1,1,1,1,1,1,0,0,0,1,1
Kerala,Rural,HSS (VI-XII),Tribal Welfare Department,Boys,6,6,6,6,4,6,6,3,6,4,6,6,6,3,5,6,0,2,0,4,6,6
Kerala,Rural,HSS (VI-XII),Tribal Welfare Department,Girls,6,5,5,6,5,6,6,2,6,6,6,6,6,4,4,6,3,4,2,5,6,6
Kerala,Rural,HSS (VI-XII),Tribal Welfare Department,Co-Ed,2,2,2,2,2,1,2,1,2,1,2,2,2,0,2,2,2,1,0,0,2,2
Kerala,Urban,HSS (VI-XII),Tribal Welfare Department,Boys,1,1,1,1,0,1,1,0,1,1,1,1,1,1,1,1,0,0,0,0,1,1
Kerala,Urban,HSS (VI-XII),Tribal Welfare Department,Girls,1,1,0,1,1,1,1,1,1,0,1,1,1,1,1,1,0,0,0,1,1,1
Kerala,Rural,PS (I-V),Tribal Welfare Department,Co-Ed,19,2,4,6,7,3,19,0,3,3,19,19,16,3,1,17,0,4,2,8,4,3
Kerala,Rural,SS (I-X),Tribal Welfare Department,Co-Ed,1,1,1,1,1,1,1,0,1,1,1,1,1,1,0,1,1,0,0,0,1,1
Kerala,Rural,SS (VI-X),Tribal Welfare Department,Boys,3,3,3,3,1,2,3,1,2,2,3,3,3,2,1,3,0,1,1,0,3,3
Kerala,Rural,SS (VI-X),Tribal Welfare Department,Co-Ed,1,1,0,1,0,1,1,0,1,0,1,1,1,0,1,1,1,1,0,1,1,1
Kerala,Urban,UPS (I-VIII),Tribal Welfare Department,Co-Ed,1,1,1,1,0,1,1,0,0,0,1,1,1,1,0,1,0,1,1,0,0,1
Kerala,Rural,HSS (I-XII),Unrecognized,Co-Ed,5,4,4,5,1,5,4,2,2,2,4,5,5,1,0,5,1,3,3,1,4,4
Kerala,Urban,HSS (I-XII),Unrecognized,Co-Ed,4,2,1,4,0,4,2,1,2,3,4,4,4,2,1,4,0,3,2,3,4,3
Kerala,Rural,HSS (IX-XII),Unrecognized,Girls,1,1,1,1,0,1,1,1,1,0,1,1,1,1,1,1,0,1,1,1,1,1
Kerala,Urban,HSS (VI-XII),Unrecognized,Co-Ed,1,1,1,1,0,1,1,0,1,0,1,1,1,1,0,1,0,0,0,0,1,1
Kerala,Rural,HSS (XI-XII),Unrecognized,Girls,1,0,1,1,0,1,1,0,1,0,1,1,1,0,0,1,1,0,0,0,0,1
Kerala,Rural,HSS (XI-XII),Unrecognized,Co-Ed,2,2,1,2,0,1,2,1,2,1,2,2,2,1,1,2,0,2,2,0,2,2
Kerala,Rural,PS (I-V),Unrecognized,Co-Ed,274,249,203,273,25,248,231,18,200,94,266,274,273,111,30,272,0,83,45,56,223,260
Kerala,Urban,PS (I-V),Unrecognized,Co-Ed,92,82,53,92,4,84,82,8,73,24,90,91,91,54,15,90,0,38,25,38,77,89
Kerala,Rural,SS (I-X),Unrecognized,Co-Ed,63,53,52,63,11,54,53,27,45,36,59,63,63,39,29,63,25,34,22,19,58,60
Kerala,Urban,SS (I-X),Unrecognized,Co-Ed,13,12,12,13,1,13,12,4,13,7,13,13,13,10,5,13,3,8,5,6,12,13
Kerala,Rural,SS (IX-X),Unrecognized,Co-Ed,1,1,1,1,0,1,1,0,1,0,1,1,1,1,1,1,1,0,0,1,1,1
Kerala,Rural,SS (VI-X),Unrecognized,Co-Ed,3,3,1,3,0,3,2,0,2,1,3,3,3,1,1,3,1,3,2,0,3,3
Kerala,Rural,UPS (I-VIII),Unrecognized,Co-Ed,333,317,252,333,34,305,310,51,268,113,328,333,333,174,93,331,88,125,81,73,304,327
Kerala,Urban,UPS (I-VIII),Unrecognized,Co-Ed,84,81,53,83,4,72,78,15,63,28,84,84,84,55,20,83,28,36,29,25,78,79
Kerala,Rural,UPS (VI-VIII),Unrecognized,Co-Ed,1,1,1,1,0,1,1,0,1,1,1,1,1,0,0,1,0,1,1,0,1,1
Kerala,Urban,UPS (VI-VIII),Unrecognized,Co-Ed,2,2,1,2,0,2,2,1,1,1,2,2,2,2,0,2,1,1,1,0,2,2
Ladakh,Rural,HSS (I-XII),Department of Education,Co-Ed,5,4,4,5,3,4,5,0,1,1,3,5,5,3,0,4,2,4,3,2,3,5
Ladakh,Rural,HSS (IX-XII),Department of Education,Co-Ed,24,23,18,24,22,24,24,18,19,5,24,24,24,14,0,22,11,23,16,12,10,24
Ladakh,Urban,HSS (IX-XII),Department of Education,Girls,2,2,1,2,0,2,2,2,2,0,2,2,2,0,0,2,0,2,1,2,2,2
Ladakh,Urban,HSS (IX-XII),Department of Education,Co-Ed,1,1,1,1,1,1,1,1,1,0,1,1,1,0,0,1,0,1,1,0,0,1
Ladakh,Rural,HSS (VI-XII),Department of Education,Co-Ed,6,5,4,6,3,6,6,2,2,0,6,6,5,3,0,5,3,6,4,5,1,6
Ladakh,Urban,HSS (XI-XII),Department of Education,Boys,1,1,1,1,0,1,1,1,1,0,0,1,0,0,0,0,0,1,0,0,1,1
Ladakh,Rural,PS (I-V),Department of Education,Boys,1,0,1,1,0,1,1,1,0,0,0,1,1,1,0,0,0,0,0,0,0,0
Ladakh,Rural,PS (I-V),Department of Education,Co-Ed,318,47,193,279,28,190,313,1,2,51,270,306,273,58,2,160,0,276,97,72,150,10
Ladakh,Urban,PS (I-V),Department of Education,Boys,1,0,0,1,0,1,1,0,0,0,1,1,1,0,0,0,0,1,1,0,0,0
Ladakh,Urban,PS (I-V),Department of Education,Co-Ed,11,2,4,11,0,10,11,0,0,4,11,11,11,5,0,7,0,10,5,2,4,1
Ladakh,Rural,SS (I-X),Department of Education,Girls,1,1,1,1,0,1,1,0,1,0,1,1,1,1,0,1,1,1,1,0,0,1
Ladakh,Rural,SS (I-X),Department of Education,Co-Ed,56,36,40,52,25,52,55,15,25,11,55,56,50,31,1,48,19,53,27,26,17,56
Ladakh,Urban,SS (I-X),Department of Education,Co-Ed,3,3,2,3,1,3,3,2,2,1,3,3,3,0,0,3,1,3,2,1,1,3
Ladakh,Rural,SS (IX-X),Department of Education,Co-Ed,1,1,0,1,0,1,1,1,0,0,1,1,1,0,0,1,1,1,1,0,1,1
Ladakh,Rural,SS (VI-X),Department of Education,Girls,2,2,1,2,0,2,2,1,1,0,2,2,2,1,0,1,1,1,0,0,1,2
Ladakh,Rural,SS (VI-X),Department of Education,Co-Ed,18,15,13,18,6,17,18,4,5,1,16,18,17,15,0,14,9,16,7,6,7,18
Ladakh,Urban,SS (VI-X),Department of Education,Co-Ed,3,3,3,3,1,3,3,1,1,0,3,3,3,2,0,3,1,3,3,1,3,3
Ladakh,Rural,UPS (I-VIII),Department of Education,Boys,2,1,1,2,0,2,2,0,0,1,2,2,2,1,0,2,0,2,1,0,1,2
Ladakh,Rural,UPS (I-VIII),Department of Education,Girls,6,3,2,5,2,6,6,0,0,1,6,5,6,2,0,3,1,6,3,3,3,4
Ladakh,Rural,UPS (I-VIII),Department of Education,Co-Ed,345,138,236,322,61,274,344,0,9,65,300,338,324,105,3,194,3,295,111,111,126,179
Ladakh,Urban,UPS (I-VIII),Department of Education,Boys,1,0,0,1,0,0,1,0,0,0,1,1,1,0,0,1,0,1,0,0,0,1
Ladakh,Urban,UPS (I-VIII),Department of Education,Girls,3,2,2,3,1,3,3,0,0,0,2,3,3,0,0,2,0,2,0,1,0,3
Ladakh,Urban,UPS (I-VIII),Department of Education,Co-Ed,11,5,2,10,2,10,10,0,3,4,10,11,9,5,0,8,1,9,4,1,2,8
Ladakh,Rural,UPS (VI-VIII),Department of Education,Girls,10,4,5,10,2,5,9,0,0,3,7,10,10,5,0,8,1,6,2,4,3,7
Ladakh,Rural,PS (I-V),Government Aided,Boys,20,9,13,20,6,13,15,1,2,2,13,20,20,3,0,20,0,5,2,4,9,6
Ladakh,Rural,PS (I-V),Government Aided,Girls,3,0,2,3,0,2,3,0,0,1,2,3,3,0,0,3,0,0,0,1,2,1
Ladakh,Rural,PS (I-V),Government Aided,Co-Ed,1,0,1,1,0,1,1,0,0,0,0,1,1,0,0,1,0,0,0,0,0,0
Ladakh,Rural,SS (I-X),Government Aided,Co-Ed,1,1,1,1,0,1,1,0,0,1,1,1,1,1,0,1,0,1,0,1,0,1
Ladakh,Rural,UPS (I-VIII),Government Aided,Boys,3,2,2,3,2,3,2,0,1,1,3,3,2,0,0,3,0,0,0,0,2,2
Ladakh,Rural,HSS (VI-XII),Jawahar Navodaya Vidyalaya,Co-Ed,2,2,2,2,2,2,2,2,2,0,2,2,2,1,0,2,1,0,0,1,2,2
Ladakh,Rural,HSS (I-XII),Kendriya Vidyalaya / Central School,Co-Ed,2,2,2,2,1,2,2,1,1,0,2,2,2,1,0,2,0,1,1,1,2,2
Ladakh,Rural,UPS (I-VIII),Kendriya Vidyalaya / Central School,Co-Ed,1,1,0,1,1,0,1,1,1,0,1,1,1,0,0,1,0,1,0,0,1,1
Ladakh,Rural,HSS (VI-XII),Other Central Govt. Schools,Co-Ed,1,1,1,1,1,1,1,1,1,1,1,1,1,1,0,1,0,0,0,0,1,1
Ladakh,Rural,HSS (I-XII),Private Unaided (Recognized),Co-Ed,2,2,2,2,1,2,2,2,2,0,2,2,2,1,0,2,0,1,1,0,1,2
Ladakh,Urban,HSS (I-XII),Private Unaided (Recognized),Co-Ed,4,4,2,4,3,4,3,3,3,2,3,4,4,3,0,3,0,0,0,0,3,4
Ladakh,Rural,PS (I-V),Private Unaided (Recognized),Co-Ed,18,16,9,17,5,16,17,2,2,2,16,18,17,10,1,12,0,5,1,4,9,11
Ladakh,Urban,PS (I-V),Private Unaided (Recognized),Co-Ed,6,6,2,6,2,5,4,1,1,2,5,6,6,2,1,6,0,4,2,1,3,6
Ladakh,Rural,SS (I-X),Private Unaided (Recognized),Co-Ed,17,17,16,16,13,17,17,12,14,7,16,17,17,12,0,16,3,7,3,3,13,17
Ladakh,Urban,SS (I-X),Private Unaided (Recognized),Co-Ed,9,9,9,9,4,9,9,5,7,3,9,9,9,5,1,9,3,2,1,2,8,9
Ladakh,Urban,SS (VI-X),Private Unaided (Recognized),Co-Ed,1,1,1,1,1,1,1,1,1,1,1,1,1,0,0,1,0,0,0,0,0,1
Ladakh,Rural,UPS (I-VIII),Private Unaided (Recognized),Co-Ed,48,39,37,42,10,46,46,6,16,10,40,48,46,10,1,42,8,20,5,19,24,41
Ladakh,Urban,UPS (I-VIII),Private Unaided (Recognized),Co-Ed,7,7,5,7,1,4,4,1,3,3,5,7,7,4,0,6,1,0,0,1,2,7
Lakshadweep,Rural,HSS (I-XII),Department of Education,Co-Ed,3,3,1,3,1,3,3,1,1,3,2,3,3,2,3,3,3,3,3,2,3,3
Lakshadweep,Rural,HSS (IX-XII),Department of Education,Co-Ed,5,5,4,5,0,5,5,5,5,4,5,5,5,5,3,5,4,3,2,5,5,5
Lakshadweep,Rural,HSS (VI-XII),Department of Education,Co-Ed,3,3,2,3,1,3,3,3,3,2,3,3,3,2,1,3,3,3,2,2,3,3
Lakshadweep,Rural,PS (I-V),Department of Education,Co-Ed,16,16,8,16,0,16,16,0,6,16,15,16,16,12,6,16,0,16,13,10,15,16
Lakshadweep,Rural,UPS (I-VIII),Department of Education,Co-Ed,9,8,5,9,0,8,9,0,3,8,9,9,9,6,4,9,5,9,7,7,9,9
Lakshadweep,Rural,HSS (VI-XII),Jawahar Navodaya Vidyalaya,Co-Ed,1,1,0,1,0,1,1,1,1,1,1,1,1,1,1,1,0,1,1,1,1,1
Lakshadweep,Rural,HSS (I-XII),Kendriya Vidyalaya / Central School,Co-Ed,1,1,1,1,0,1,1,1,1,0,1,1,1,1,0,1,0,1,1,1,1,1
Madhya Pradesh,Rural,HSS (I-XII),Department of Education,Boys,3,3,3,3,0,3,3,0,2,1,3,3,3,0,0,3,0,3,0,2,0,3
Madhya Pradesh,Rural,HSS (I-XII),Department of Education,Girls,9,6,8,9,0,8,9,0,8,3,7,9,9,0,3,9,4,8,6,3,5,8
Madhya Pradesh,Rural,HSS (I-XII),Department of Education,Co-Ed,757,528,686,738,105,678,739,78,662,176,645,754,743,147,220,747,270,694,428,413,333,665
Madhya Pradesh,Urban,HSS (I-XII),Department of Education,Boys,11,10,11,11,2,11,11,0,9,2,10,11,11,8,5,11,2,11,3,6,9,11
Madhya Pradesh,Urban,HSS (I-XII),Department of Education,Girls,53,44,37,53,6,43,52,6,45,3,52,53,53,21,19,53,23,50,35,30,44,51
Madhya Pradesh,Urban,HSS (I-XII),Department of Education,Co-Ed,208,174,176,205,28,192,203,22,188,37,202,208,207,98,102,206,95,196,141,107,149,201
Madhya Pradesh,Rural,HSS (IX-XII),Department of Education,Boys,12,11,11,12,1,12,12,1,12,2,11,12,12,0,6,12,3,11,7,7,6,12
Madhya Pradesh,Rural,HSS (IX-XII),Department of Education,Girls,36,22,29,36,4,31,35,0,32,6,32,36,33,8,14,36,19,32,20,21,20,34
Madhya Pradesh,Rural,HSS (IX-XII),Department of Education,Co-Ed,1016,686,970,975,138,931,995,118,908,69,887,1011,977,209,330,996,356,921,557,605,418,909
Madhya Pradesh,Urban,HSS (IX-XII),Department of Education,Boys,62,59,58,61,16,59,61,9,57,9,58,62,61,27,27,62,11,58,37,26,52,60
Madhya Pradesh,Urban,HSS (IX-XII),Department of Education,Girls,102,89,87,101,15,92,101,4,89,8,95,102,100,44,43,102,53,98,61,57,69,95
Madhya Pradesh,Urban,HSS (IX-XII),Department of Education,Co-Ed,193,176,179,189,36,183,190,25,177,29,181,192,191,98,87,191,73,178,117,113,144,182
Madhya Pradesh,Rural,HSS (VI-XII),Department of Education,Boys,10,9,9,8,0,10,10,1,8,3,9,10,9,2,4,10,3,10,4,3,5,7
Madhya Pradesh,Rural,HSS (VI-XII),Department of Education,Girls,10,6,8,10,1,10,9,0,9,1,7,10,10,2,0,10,3,9,7,3,5,8
Madhya Pradesh,Rural,HSS (VI-XII),Department of Education,Co-Ed,517,401,494,501,80,482,508,53,443,127,465,515,504,131,167,510,210,479,301,300,227,470
Madhya Pradesh,Urban,HSS (VI-XII),Department of Education,Boys,49,46,46,49,4,48,49,4,42,3,42,49,48,18,19,48,10,45,28,21,34,44
Madhya Pradesh,Urban,HSS (VI-XII),Department of Education,Girls,94,83,78,94,24,89,94,12,89,12,88,94,92,43,35,94,54,86,57,51,74,93
Madhya Pradesh,Urban,HSS (VI-XII),Department of Education,Co-Ed,175,163,166,172,40,165,166,22,157,29,163,175,174,90,60,174,66,167,113,81,122,167
Madhya Pradesh,Urban,HSS (XI-XII),Department of Education,Co-Ed,1,1,0,1,1,1,1,0,1,0,0,1,1,0,0,1,1,1,1,0,0,1
Madhya Pradesh,Rural,PS (I-V),Department of Education,Boys,365,213,212,310,24,279,357,27,62,57,39,356,343,6,33,342,0,318,146,129,52,8
Madhya Pradesh,Rural,PS (I-V),Department of Education,Girls,529,299,289,402,33,370,512,38,88,78,50,517,503,15,30,493,0,446,179,195,55,13
Madhya Pradesh,Rural,PS (I-V),Department of Education,Co-Ed,37499,13672,27516,25335,3032,28375,35612,2838,4323,5228,3303,36357,35480,840,2068,33673,1,31443,13071,12631,4961,442
Madhya Pradesh,Urban,PS (I-V),Department of Education,Boys,69,36,46,58,4,56,64,5,15,13,16,67,65,2,1,60,0,62,28,25,10,2
Madhya Pradesh,Urban,PS (I-V),Department of Education,Girls,86,46,55,74,7,63,82,4,16,9,10,86,84,3,3,79,0,83,37,30,15,1
Madhya Pradesh,Urban,PS (I-V),Department of Education,Co-Ed,1940,856,1204,1616,141,1384,1849,113,201,222,451,1868,1848,69,85,1767,0,1623,666,579,253,35
Madhya Pradesh,Rural,SS (I-X),Department of Education,Girls,4,4,3,4,0,4,4,1,3,2,4,4,4,0,1,4,0,4,2,4,0,2
Madhya Pradesh,Rural,SS (I-X),Department of Education,Co-Ed,1373,779,1175,1264,144,1129,1313,126,923,325,812,1357,1324,101,275,1324,409,1224,711,686,409,971
Madhya Pradesh,Urban,SS (I-X),Department of Education,Boys,2,2,2,2,0,2,2,1,2,0,2,2,2,0,0,2,0,2,2,1,2,1
Madhya Pradesh,Urban,SS (I-X),Department of Education,Girls,7,5,7,7,1,6,7,1,7,1,5,7,7,2,0,7,5,7,4,3,3,6
Madhya Pradesh,Urban,SS (I-X),Department of Education,Co-Ed,126,86,96,124,17,108,122,9,102,14,101,125,121,33,41,123,33,113,58,59,49,109
Madhya Pradesh,Rural,SS (IX-X),Department of Education,Girls,17,12,16,17,1,13,16,1,17,0,14,17,16,4,5,17,7,15,8,13,5,16
Madhya Pradesh,Rural,SS (IX-X),Department of Education,Co-Ed,1472,841,1366,1258,106,1296,1414,135,1206,94,1006,1459,1399,161,404,1424,490,1339,857,787,456,1164
Madhya Pradesh,Urban,SS (IX-X),Department of Education,Boys,3,1,2,3,0,3,3,0,3,0,3,3,2,1,0,3,0,2,1,3,1,3
Madhya Pradesh,Urban,SS (IX-X),Department of Education,Girls,8,4,8,8,0,8,8,0,7,1,6,8,7,1,1,7,4,6,3,3,3,7
Madhya Pradesh,Urban,SS (IX-X),Department of Education,Co-Ed,39,23,36,38,8,34,36,1,30,3,30,38,38,10,13,38,12,37,27,20,16,35
Madhya Pradesh,Rural,SS (VI-X),Department of Education,Girls,8,5,7,8,0,7,6,0,7,3,6,8,8,1,3,8,4,7,2,5,2,7
Madhya Pradesh,Rural,SS (VI-X),Department of Education,Co-Ed,656,392,585,588,56,550,633,74,455,143,384,649,627,60,160,638,224,599,351,361,198,462
Madhya Pradesh,Urban,SS (VI-X),Department of Education,Boys,6,2,5,6,0,6,6,1,5,0,5,6,6,1,2,6,3,5,4,4,2,6
Madhya Pradesh,Urban,SS (VI-X),Department of Education,Girls,6,5,5,6,0,6,5,0,5,0,6,6,6,2,2,6,5,6,4,4,3,6
Madhya Pradesh,Urban,SS (VI-X),Department of Education,Co-Ed,38,26,32,36,7,33,35,2,25,4,26,37,37,5,11,38,10,32,19,15,13,32
Madhya Pradesh,Rural,UPS (I-VIII),Department of Education,Boys,72,53,52,68,4,61,71,6,28,18,23,71,70,3,9,64,13,64,33,25,9,24
Madhya Pradesh,Rural,UPS (I-VIII),Department of Education,Girls,123,89,78,111,6,81,121,6,38,24,32,119,117,3,15,113,33,107,57,49,15,28
Madhya Pradesh,Rural,UPS (I-VIII),Department of Education,Co-Ed,12288,8508,9739,9904,881,9865,11870,807,2555,2358,3240,12109,11792,309,1089,11311,2869,11104,5345,4582,1861,1280
Madhya Pradesh,Urban,UPS (I-VIII),Department of Education,Boys,31,24,22,30,0,24,29,1,8,5,13,31,30,4,5,30,5,28,12,3,3,11
Madhya Pradesh,Urban,UPS (I-VIII),Department of Education,Girls,77,55,50,75,9,62,74,6,27,10,37,76,76,5,11,74,20,72,40,29,9,38
Madhya Pradesh,Urban,UPS (I-VIII),Department of Education,Co-Ed,840,607,557,782,57,647,819,50,179,107,417,834,811,90,84,795,193,741,333,233,112,286
Madhya Pradesh,Rural,UPS (VI-VIII),Department of Education,Boys,63,51,47,58,4,52,63,6,18,14,16,61,61,1,5,61,5,59,30,16,8,21
Madhya Pradesh,Rural,UPS (VI-VIII),Department of Education,Girls,94,71,67,77,6,77,92,7,34,15,21,93,92,4,8,92,26,86,42,33,12,17
Madhya Pradesh,Rural,UPS (VI-VIII),Department of Education,Co-Ed,5257,3867,4232,3840,369,4354,5117,412,1220,883,1257,5130,4925,128,483,4874,1158,4728,2279,1898,712,464
Madhya Pradesh,Urban,UPS (VI-VIII),Department of Education,Boys,65,45,51,63,4,60,65,5,25,7,33,64,63,5,3,62,4,56,25,27,5,27
Madhya Pradesh,Urban,UPS (VI-VIII),Department of Education,Girls,65,53,37,62,6,54,65,3,23,8,23,65,65,7,4,63,19,58,33,22,16,30
Madhya Pradesh,Urban,UPS (VI-VIII),Department of Education,Co-Ed,170,130,117,152,12,135,168,11,38,27,73,163,156,10,10,158,49,152,80,45,20,52
Madhya Pradesh,Rural,HSS (I-XII),Government Aided,Boys,1,1,1,1,0,1,1,0,1,0,1,1,1,1,0,1,1,1,0,1,0,1
Madhya Pradesh,Rural,HSS (I-XII),Government Aided,Co-Ed,5,4,4,2,0,3,3,0,2,1,3,5,5,0,1,4,2,4,1,1,1,3
Madhya Pradesh,Urban,HSS (I-XII),Government Aided,Boys,2,2,1,2,0,2,2,1,2,0,1,2,2,2,1,1,0,2,1,0,1,1
Madhya Pradesh,Urban,HSS (I-XII),Government Aided,Girls,6,6,3,6,0,5,6,5,6,1,5,6,5,3,2,6,2,5,3,0,5,5
Madhya Pradesh,Urban,HSS (I-XII),Government Aided,Co-Ed,53,50,40,53,4,52,52,18,41,10,49,53,51,29,18,53,18,41,27,13,44,48
Madhya Pradesh,Rural,HSS (IX-XII),Government Aided,Co-Ed,42,36,38,37,5,40,42,7,33,3,32,42,41,13,8,41,17,28,18,17,17,25
Madhya Pradesh,Urban,HSS (IX-XII),Government Aided,Boys,3,3,2,3,0,3,3,0,3,0,3,3,2,0,1,3,3,2,0,1,1,1
Madhya Pradesh,Urban,HSS (IX-XII),Government Aided,Girls,7,7,7,7,0,7,7,2,5,2,7,7,7,3,4,7,4,5,3,2,5,6
Madhya Pradesh,Urban,HSS (IX-XII),Government Aided,Co-Ed,35,33,32,34,5,33,35,13,33,6,33,35,31,8,14,35,13,28,10,14,26,28
Madhya Pradesh,Rural,HSS (VI-XII),Government Aided,Co-Ed,8,8,8,8,0,8,8,3,8,4,8,8,8,1,2,8,4,6,1,1,6,7
Madhya Pradesh,Urban,HSS (VI-XII),Government Aided,Boys,10,10,9,10,0,10,10,1,9,1,10,10,9,6,2,10,5,10,3,2,7,8
Madhya Pradesh,Urban,HSS (VI-XII),Government Aided,Girls,14,13,11,14,1,14,14,3,13,3,13,14,14,5,3,14,6,11,5,7,12,13
Madhya Pradesh,Urban,HSS (VI-XII),Government Aided,Co-Ed,49,48,38,49,5,46,48,8,45,8,47,49,48,22,15,49,19,43,24,10,37,44
Madhya Pradesh,Rural,PS (I-V),Government Aided,Boys,8,3,6,5,0,7,4,1,3,0,2,8,8,2,1,6,0,6,4,1,0,0
Madhya Pradesh,Rural,PS (I-V),Government Aided,Girls,10,4,6,6,1,9,10,1,5,0,1,10,9,1,1,10,0,7,3,2,0,0
Madhya Pradesh,Rural,PS (I-V),Government Aided,Co-Ed,207,110,124,67,21,196,170,90,66,50,19,200,181,17,19,186,0,161,78,39,21,11
Madhya Pradesh,Urban,PS (I-V),Government Aided,Boys,3,3,1,3,0,2,3,0,1,0,0,3,3,0,0,3,0,2,2,0,0,0
Madhya Pradesh,Urban,PS (I-V),Government Aided,Girls,5,5,4,5,0,5,4,0,4,2,3,5,5,1,0,5,0,4,2,1,1,0
Madhya Pradesh,Urban,PS (I-V),Government Aided,Co-Ed,75,61,29,67,8,68,69,11,35,12,43,75,68,20,9,71,0,63,22,9,18,25
Madhya Pradesh,Rural,SS (I-X),Government Aided,Boys,1,1,1,1,0,1,1,0,1,0,1,1,1,1,1,1,0,1,1,1,1,1
Madhya Pradesh,Rural,SS (I-X),Government Aided,Girls,1,1,1,1,0,1,1,1,1,1,1,1,1,0,1,1,1,1,1,0,1,1
Madhya Pradesh,Rural,SS (I-X),Government Aided,Co-Ed,2,2,1,2,0,2,2,0,2,0,2,2,2,1,1,2,1,2,2,0,0,0
Madhya Pradesh,Urban,SS (I-X),Government Aided,Girls,1,1,1,1,0,1,1,1,1,1,1,1,1,0,0,1,1,0,0,1,1,1
Madhya Pradesh,Urban,SS (I-X),Government Aided,Co-Ed,5,5,3,5,0,5,5,1,5,1,4,5,5,1,0,5,1,4,2,1,1,3
Madhya Pradesh,Rural,SS (IX-X),Government Aided,Co-Ed,16,16,14,10,0,16,16,5,15,2,10,16,15,1,2,13,4,13,7,5,3,5
Madhya Pradesh,Urban,SS (IX-X),Government Aided,Girls,2,2,2,2,0,2,2,0,2,0,2,2,2,1,1,1,0,1,1,1,1,1
Madhya Pradesh,Urban,SS (IX-X),Government Aided,Co-Ed,4,4,4,4,0,4,4,1,4,1,3,4,4,0,1,4,2,4,2,2,1,0
Madhya Pradesh,Rural,SS (VI-X),Government Aided,Co-Ed,1,1,1,1,0,1,1,0,1,0,1,1,1,0,0,1,0,1,0,0,0,0
Madhya Pradesh,Urban,SS (VI-X),Government Aided,Co-Ed,2,2,2,2,1,2,2,0,2,1,2,2,2,1,0,2,1,1,0,2,1,0
Madhya Pradesh,Rural,UPS (I-VIII),Government Aided,Boys,1,1,1,1,1,1,1,1,1,0,0,1,1,1,0,1,0,1,1,1,1,1
Madhya Pradesh,Rural,UPS (I-VIII),Government Aided,Girls,8,8,7,8,1,8,8,3,8,4,5,8,8,3,3,8,3,6,3,5,2,3
Madhya Pradesh,Rural,UPS (I-VIII),Government Aided,Co-Ed,22,18,21,16,3,21,22,5,17,5,12,21,22,3,5,21,8,15,7,7,10,8
Madhya Pradesh,Urban,UPS (I-VIII),Government Aided,Boys,2,2,1,2,0,2,2,1,1,0,2,2,2,2,0,2,1,2,0,0,1,1
Madhya Pradesh,Urban,UPS (I-VIII),Government Aided,Girls,1,1,0,1,0,1,1,0,0,0,0,1,0,0,1,1,0,0,0,0,0,0
Madhya Pradesh,Urban,UPS (I-VIII),Government Aided,Co-Ed,89,74,29,83,13,79,82,17,52,11,60,89,80,25,15,81,21,63,32,12,23,39
Madhya Pradesh,Rural,UPS (VI-VIII),Government Aided,Co-Ed,23,19,20,13,2,21,17,6,12,2,5,23,19,1,2,18,4,18,9,5,1,1
Madhya Pradesh,Urban,UPS (VI-VIII),Government Aided,Boys,1,1,0,1,0,1,1,0,1,0,1,1,1,0,0,1,0,0,0,0,0,0
Madhya Pradesh,Urban,UPS (VI-VIII),Government Aided,Girls,3,3,2,3,1,3,3,0,2,2,3,3,3,1,0,3,2,3,1,1,2,3
Madhya Pradesh,Urban,UPS (VI-VIII),Government Aided,Co-Ed,12,11,8,10,0,11,12,1,7,1,8,12,9,2,1,12,2,8,3,0,2,2
Madhya Pradesh,Rural,HSS (IX-XII),Jawahar Navodaya Vidyalaya,Co-Ed,1,1,1,1,0,1,1,1,1,0,1,1,1,1,1,1,0,1,1,0,1,1
Madhya Pradesh,Rural,HSS (VI-XII),Jawahar Navodaya Vidyalaya,Co-Ed,38,37,36,38,15,38,38,36,38,20,30,38,38,33,17,38,30,36,32,24,35,37
Madhya Pradesh,Urban,HSS (VI-XII),Jawahar Navodaya Vidyalaya,Co-Ed,12,11,12,12,4,12,12,10,12,5,11,12,12,8,5,12,9,10,7,5,11,12
Madhya Pradesh,Rural,SS (VI-X),Jawahar Navodaya Vidyalaya,Co-Ed,2,2,2,2,0,2,2,2,2,2,2,2,2,2,0,2,2,2,2,2,2,2
Madhya Pradesh,Urban,UPS (VI-VIII),Jawahar Navodaya Vidyalaya,Co-Ed,1,1,0,1,0,1,1,0,1,0,1,1,1,1,0,1,1,0,0,0,1,1
Madhya Pradesh,Rural,HSS (I-XII),Kendriya Vidyalaya / Central School,Co-Ed,15,14,12,15,3,15,15,11,15,2,14,15,15,13,11,15,10,14,12,3,14,15
Madhya Pradesh,Urban,HSS (I-XII),Kendriya Vidyalaya / Central School,Co-Ed,73,73,62,73,4,73,73,67,72,11,72,73,73,69,53,73,29,70,56,27,72,73
Madhya Pradesh,Rural,PS (I-V),Kendriya Vidyalaya / Central School,Co-Ed,1,1,0,1,0,1,1,0,1,0,1,1,1,1,0,1,0,1,1,0,1,1
Madhya Pradesh,Rural,SS (I-X),Kendriya Vidyalaya / Central School,Co-Ed,5,5,3,5,0,5,5,5,5,0,5,5,5,4,2,5,2,4,3,0,5,5
Madhya Pradesh,Urban,SS (I-X),Kendriya Vidyalaya / Central School,Co-Ed,8,8,5,8,0,8,8,7,8,0,7,8,8,6,1,8,0,8,5,2,8,8
Madhya Pradesh,Rural,UPS (I-VIII),Kendriya Vidyalaya / Central School,Co-Ed,5,5,5,5,2,5,5,4,5,2,4,5,5,4,1,5,2,4,1,0,4,4
Madhya Pradesh,Urban,UPS (I-VIII),Kendriya Vidyalaya / Central School,Co-Ed,5,4,3,5,1,5,4,2,3,0,4,5,5,4,1,5,2,3,1,1,4,5
Madhya Pradesh,Rural,HSS (I-XII),Local body,Co-Ed,2,2,2,2,0,2,1,1,1,0,1,2,2,0,0,2,1,1,0,1,0,1
Madhya Pradesh,Urban,HSS (I-XII),Local body,Co-Ed,3,3,3,3,0,3,3,3,3,2,3,3,2,1,0,3,2,2,1,0,0,0
Madhya Pradesh,Rural,HSS (IX-XII),Local body,Girls,1,1,1,1,1,1,1,0,0,0,0,1,1,0,0,1,0,0,0,1,0,0
Madhya Pradesh,Rural,HSS (IX-XII),Local body,Co-Ed,9,9,6,9,0,7,9,2,8,2,3,9,9,1,3,9,3,5,3,3,4,2
Madhya Pradesh,Urban,HSS (IX-XII),Local body,Boys,7,6,6,7,1,7,5,1,7,0,5,7,7,3,4,7,1,5,3,3,4,3
Madhya Pradesh,Urban,HSS (IX-XII),Local body,Girls,4,3,3,4,0,4,4,0,4,0,3,4,4,1,3,4,2,3,1,1,3,4
Madhya Pradesh,Urban,HSS (IX-XII),Local body,Co-Ed,8,8,6,8,2,7,8,0,6,0,6,8,8,2,3,6,2,8,5,4,7,6
Madhya Pradesh,Rural,HSS (VI-XII),Local body,Co-Ed,1,1,1,1,1,1,1,1,1,1,1,1,1,1,1,1,1,1,1,1,0,0
Madhya Pradesh,Urban,HSS (VI-XII),Local body,Boys,1,1,1,1,1,1,1,0,1,0,1,1,1,0,1,1,0,1,1,0,1,1
Madhya Pradesh,Urban,HSS (VI-XII),Local body,Girls,1,1,1,1,0,1,1,0,1,0,1,1,1,1,1,1,0,1,1,0,1,1
Madhya Pradesh,Urban,HSS (VI-XII),Local body,Co-Ed,1,1,1,1,0,1,0,0,0,0,1,1,1,0,1,1,1,1,1,1,0,0
Madhya Pradesh,Rural,PS (I-V),Local body,Co-Ed,4,3,2,3,1,4,3,1,2,0,2,4,4,0,3,4,0,4,1,1,0,0
Madhya Pradesh,Urban,PS (I-V),Local body,Co-Ed,10,6,9,9,2,9,7,0,2,2,2,10,10,2,1,10,0,7,3,5,3,1
Madhya Pradesh,Urban,SS (I-X),Local body,Co-Ed,1,1,1,1,1,1,1,0,1,0,1,1,1,1,0,1,0,1,1,0,1,1
Madhya Pradesh,Rural,SS (IX-X),Local body,Co-Ed,1,1,1,1,0,1,1,0,1,0,0,1,1,0,1,1,0,1,0,1,1,0
Madhya Pradesh,Urban,SS (IX-X),Local body,Girls,1,1,0,1,0,1,1,0,1,0,0,1,1,0,0,1,0,1,1,1,1,0
Madhya Pradesh,Rural,SS (VI-X),Local body,Co-Ed,2,0,0,0,0,0,0,0,0,0,0,2,2,0,0,0,0,0,0,0,0,0
Madhya Pradesh,Urban,UPS (I-VIII),Local body,Co-Ed,1,1,0,1,0,1,1,0,0,0,1,1,1,0,0,0,0,1,0,0,0,0
Madhya Pradesh,Rural,UPS (VI-VIII),Local body,Co-Ed,5,5,3,5,1,3,3,2,2,2,1,5,5,1,2,4,1,4,2,0,1,0
Madhya Pradesh,Urban,UPS (VI-VIII),Local body,Co-Ed,7,4,4,7,1,5,7,1,2,1,2,7,6,1,0,6,2,7,4,2,3,1
Madhya Pradesh,Urban,HSS (I-XII),Madarsa recognized (by Wakf board/Madarsa Board),Co-Ed,1,1,1,1,0,1,1,1,1,0,1,1,1,1,0,1,0,0,0,0,1,1
Madhya Pradesh,Rural,PS (I-V),Madarsa recognized (by Wakf board/Madarsa Board),Boys,3,2,1,2,1,2,3,0,1,0,1,3,2,1,1,3,0,0,0,1,1,1
Madhya Pradesh,Rural,PS (I-V),Madarsa recognized (by Wakf board/Madarsa Board),Co-Ed,142,60,74,99,13,105,106,31,50,16,9,133,111,7,14,128,0,75,31,17,16,10
Madhya Pradesh,Urban,PS (I-V),Madarsa recognized (by Wakf board/Madarsa Board),Boys,2,2,0,2,0,2,1,0,1,0,0,2,2,0,1,2,0,2,1,1,0,1
Madhya Pradesh,Urban,PS (I-V),Madarsa recognized (by Wakf board/Madarsa Board),Girls,4,4,3,3,0,4,4,1,1,0,1,4,4,0,1,3,0,3,1,1,1,1
Madhya Pradesh,Urban,PS (I-V),Madarsa recognized (by Wakf board/Madarsa Board),Co-Ed,540,266,188,447,63,350,427,59,263,58,169,529,437,71,63,497,1,217,84,42,102,62
Madhya Pradesh,Urban,SS (I-X),Madarsa recognized (by Wakf board/Madarsa Board),Co-Ed,2,1,1,2,0,2,1,1,1,0,1,2,2,0,0,2,0,2,0,0,1,1
Madhya Pradesh,Rural,UPS (I-VIII),Madarsa recognized (by Wakf board/Madarsa Board),Boys,2,2,2,2,0,2,2,0,2,1,1,2,2,1,0,2,0,0,0,1,2,2
Madhya Pradesh,Rural,UPS (I-VIII),Madarsa recognized (by Wakf board/Madarsa Board),Girls,1,1,1,1,0,1,1,0,1,0,1,1,1,0,0,1,0,0,0,0,1,1
Madhya Pradesh,Rural,UPS (I-VIII),Madarsa recognized (by Wakf board/Madarsa Board),Co-Ed,164,105,99,127,16,125,141,22,74,23,40,160,151,10,17,143,34,71,34,28,49,46
Madhya Pradesh,Urban,UPS (I-VIII),Madarsa recognized (by Wakf board/Madarsa Board),Boys,8,8,4,6,0,8,8,1,8,2,6,8,7,4,4,8,1,3,3,1,5,6
Madhya Pradesh,Urban,UPS (I-VIII),Madarsa recognized (by Wakf board/Madarsa Board),Girls,11,9,6,11,0,8,9,2,7,1,6,11,11,5,1,11,2,4,2,0,4,6
Madhya Pradesh,Urban,UPS (I-VIII),Madarsa recognized (by Wakf board/Madarsa Board),Co-Ed,855,582,359,770,48,590,730,76,510,93,419,834,691,147,118,821,175,363,155,112,307,312
Madhya Pradesh,Rural,UPS (VI-VIII),Madarsa recognized (by Wakf board/Madarsa Board),Co-Ed,2,2,2,2,0,2,2,0,1,0,0,2,2,0,1,2,0,0,0,0,1,1
Madhya Pradesh,Urban,UPS (VI-VIII),Madarsa recognized (by Wakf board/Madarsa Board),Boys,1,1,0,1,0,1,1,0,0,1,1,1,1,0,1,1,1,1,1,0,1,1
Madhya Pradesh,Urban,UPS (VI-VIII),Madarsa recognized (by Wakf board/Madarsa Board),Girls,2,2,2,2,0,2,2,0,2,1,2,2,2,1,2,2,1,1,1,0,1,2
Madhya Pradesh,Urban,UPS (VI-VIII),Madarsa recognized (by Wakf board/Madarsa Board),Co-Ed,15,8,10,14,0,12,14,4,11,2,2,15,14,1,2,14,2,12,2,0,3,1
Madhya Pradesh,Rural,PS (I-V),Madarsa unrecognized,Co-Ed,4,0,1,3,0,1,3,0,1,0,1,4,4,1,0,3,0,2,0,0,1,1
Madhya Pradesh,Urban,PS (I-V),Madarsa unrecognized,Co-Ed,29,7,5,27,6,20,19,2,14,4,2,26,24,1,2,28,0,14,6,2,2,0
Madhya Pradesh,Rural,UPS (I-VIII),Madarsa unrecognized,Co-Ed,5,2,3,5,0,2,3,0,2,0,0,5,5,0,0,5,1,2,0,0,0,1
Madhya Pradesh,Urban,UPS (I-VIII),Madarsa unrecognized,Co-Ed,9,6,3,8,1,6,7,1,4,1,3,9,9,2,2,9,1,3,0,0,1,1
Madhya Pradesh,Rural,HSS (I-XII),Other Central Govt. Schools,Co-Ed,1,1,1,1,0,1,1,0,1,0,0,1,1,0,0,1,1,1,1,0,0,1
Madhya Pradesh,Urban,HSS (I-XII),Other Central Govt. Schools,Co-Ed,1,1,1,1,0,1,1,1,1,0,1,1,0,1,1,1,0,1,1,0,1,1
Madhya Pradesh,Urban,SS (I-X),Other Central Govt. Schools,Co-Ed,1,1,1,1,1,1,0,0,0,0,1,1,1,1,0,1,0,1,1,0,1,1
Madhya Pradesh,Rural,UPS (I-VIII),Other Central Govt. Schools,Co-Ed,1,1,1,1,1,1,1,0,1,0,1,1,1,1,1,1,1,1,1,1,1,1
Madhya Pradesh,Rural,UPS (VI-VIII),Other Central Govt. Schools,Co-Ed,1,1,1,1,0,1,1,0,1,0,0,1,1,1,0,1,1,1,0,0,0,0
Madhya Pradesh,Rural,HSS (IX-XII),Other Govt. managed schools,Co-Ed,2,2,2,2,0,2,2,1,2,0,2,2,2,0,1,2,1,1,1,1,1,2
Madhya Pradesh,Urban,HSS (IX-XII),Other Govt. managed schools,Co-Ed,4,3,2,4,0,3,4,1,3,0,4,4,4,0,0,4,1,3,3,1,2,2
Madhya Pradesh,Rural,HSS (VI-XII),Other Govt. managed schools,Co-Ed,3,3,2,3,1,2,2,1,3,0,3,3,2,2,1,3,3,3,3,1,3,3
Madhya Pradesh,Urban,HSS (VI-XII),Other Govt. managed schools,Co-Ed,2,2,1,2,2,1,2,1,1,1,2,2,2,2,2,2,1,2,2,1,2,2
Madhya Pradesh,Urban,PS (I-V),Other Govt. managed schools,Boys,1,1,1,1,0,1,1,0,1,0,1,1,1,1,0,1,0,0,0,0,1,1
Madhya Pradesh,Urban,PS (I-V),Other Govt. managed schools,Co-Ed,7,7,7,7,1,7,7,0,5,0,3,7,7,3,1,6,0,7,3,0,1,3
Madhya Pradesh,Rural,UPS (I-VIII),Other Govt. managed schools,Co-Ed,1,0,0,1,0,0,0,0,0,0,0,1,1,0,0,1,0,1,1,0,0,0
Madhya Pradesh,Urban,UPS (I-VIII),Other Govt. managed schools,Co-Ed,2,2,2,2,1,2,1,0,1,0,2,2,2,2,1,2,1,2,2,0,2,1
Madhya Pradesh,Urban,UPS (VI-VIII),Other Govt. managed schools,Co-Ed,1,1,0,1,0,1,1,1,1,0,1,1,1,1,1,1,1,1,1,1,1,1
Madhya Pradesh,Rural,HSS (I-XII),Private Unaided (Recognized),Boys,4,4,4,4,1,4,4,2,3,3,2,3,3,3,2,4,0,4,3,1,4,3
Madhya Pradesh,Rural,HSS (I-XII),Private Unaided (Recognized),Girls,9,9,9,9,1,9,9,5,5,3,8,9,9,7,6,9,3,7,6,1,7,9
Madhya Pradesh,Rural,HSS (I-XII),Private Unaided (Recognized),Co-Ed,1401,1364,1275,1360,185,1363,1387,702,1291,285,1216,1399,1341,739,675,1377,537,1118,831,408,1147,1283
Madhya Pradesh,Urban,HSS (I-XII),Private Unaided (Recognized),Boys,7,5,5,7,0,6,7,4,6,2,7,7,7,5,2,7,1,7,4,2,5,7
Madhya Pradesh,Urban,HSS (I-XII),Private Unaided (Recognized),Girls,28,27,19,28,5,28,28,24,27,7,28,28,28,26,14,28,14,24,21,4,25,28
Madhya Pradesh,Urban,HSS (I-XII),Private Unaided (Recognized),Co-Ed,3119,3020,2422,3063,358,3055,3092,1605,2864,693,2878,3115,2954,2013,1534,3074,1279,2496,1710,779,2675,2951
Madhya Pradesh,Rural,HSS (IX-XII),Private Unaided (Recognized),Boys,2,2,2,2,0,1,2,2,2,1,1,2,2,1,1,2,0,1,1,1,1,2
Madhya Pradesh,Rural,HSS (IX-XII),Private Unaided (Recognized),Girls,2,2,2,2,0,2,2,1,2,0,2,2,2,1,0,2,1,1,1,1,0,1
Madhya Pradesh,Rural,HSS (IX-XII),Private Unaided (Recognized),Co-Ed,144,125,128,127,14,130,141,72,119,29,96,143,130,32,46,138,53,112,63,44,73,102
Madhya Pradesh,Urban,HSS (IX-XII),Private Unaided (Recognized),Boys,4,4,4,4,0,4,4,2,4,1,3,4,4,3,2,4,0,2,2,1,3,3
Madhya Pradesh,Urban,HSS (IX-XII),Private Unaided (Recognized),Girls,2,1,1,1,0,1,1,0,1,0,1,1,1,1,1,1,1,1,1,0,1,1
Madhya Pradesh,Urban,HSS (IX-XII),Private Unaided (Recognized),Co-Ed,142,133,114,140,6,135,139,67,123,25,117,141,133,54,52,139,46,104,61,39,108,121
Madhya Pradesh,Rural,HSS (VI-XII),Private Unaided (Recognized),Boys,13,13,12,13,2,11,13,5,10,6,3,12,12,5,5,13,1,7,5,6,7,6
Madhya Pradesh,Rural,HSS (VI-XII),Private Unaided (Recognized),Girls,2,2,2,2,0,2,2,0,1,0,2,2,2,2,0,2,1,2,1,0,2,2
Madhya Pradesh,Rural,HSS (VI-XII),Private Unaided (Recognized),Co-Ed,32,31,27,26,4,29,28,13,25,6,17,31,29,12,11,27,10,16,13,8,17,23
Madhya Pradesh,Urban,HSS (VI-XII),Private Unaided (Recognized),Boys,12,11,11,12,3,12,12,6,11,5,9,12,11,7,7,11,2,8,6,4,10,11
Madhya Pradesh,Urban,HSS (VI-XII),Private Unaided (Recognized),Girls,5,5,4,5,1,5,5,3,4,2,5,5,4,4,2,5,2,5,3,1,4,5
Madhya Pradesh,Urban,HSS (VI-XII),Private Unaided (Recognized),Co-Ed,47,44,33,45,4,44,45,25,40,11,37,47,43,32,24,45,22,37,20,15,34,41
Madhya Pradesh,Rural,HSS (XI-XII),Private Unaided (Recognized),Co-Ed,8,8,7,7,3,7,8,4,7,1,8,8,8,2,3,8,3,7,4,3,6,7
Madhya Pradesh,Urban,HSS (XI-XII),Private Unaided (Recognized),Co-Ed,2,2,1,2,0,1,2,2,2,1,2,2,2,2,0,2,1,2,1,0,2,2
Madhya Pradesh,Rural,PS (I-V),Private Unaided (Recognized),Boys,3,1,3,3,0,3,1,1,1,0,1,3,3,0,0,1,0,2,0,1,2,1
Madhya Pradesh,Rural,PS (I-V),Private Unaided (Recognized),Girls,4,4,4,4,0,4,4,0,3,1,2,4,4,1,0,4,0,1,0,1,0,1
Madhya Pradesh,Rural,PS (I-V),Private Unaided (Recognized),Co-Ed,1878,1429,1216,1496,162,1616,1625,320,1143,189,577,1834,1672,244,275,1708,0,1050,550,440,707,723
Madhya Pradesh,Urban,PS (I-V),Private Unaided (Recognized),Boys,5,5,2,5,0,5,5,0,5,1,2,5,5,0,0,5,0,4,2,3,0,0
Madhya Pradesh,Urban,PS (I-V),Private Unaided (Recognized),Girls,2,1,1,2,0,2,2,0,2,0,0,2,2,0,1,2,0,2,0,1,0,0
Madhya Pradesh,Urban,PS (I-V),Private Unaided (Recognized),Co-Ed,971,846,594,887,96,827,841,212,680,176,669,960,876,411,257,929,0,585,346,143,527,638
Madhya Pradesh,Rural,SS (I-X),Private Unaided (Recognized),Boys,2,2,2,2,0,2,2,2,2,1,2,2,2,1,0,2,2,2,1,1,2,2
Madhya Pradesh,Rural,SS (I-X),Private Unaided (Recognized),Girls,2,2,2,2,0,2,2,0,1,1,1,2,2,1,2,2,0,2,1,0,0,0
Madhya Pradesh,Rural,SS (I-X),Private Unaided (Recognized),Co-Ed,1453,1395,1267,1366,160,1408,1422,499,1293,236,1163,1445,1367,520,524,1429,526,1104,732,363,1053,1249
Madhya Pradesh,Urban,SS (I-X),Private Unaided (Recognized),Boys,2,2,2,2,0,1,2,2,2,1,2,2,2,1,1,2,1,1,1,0,1,1
Madhya Pradesh,Urban,SS (I-X),Private Unaided (Recognized),Girls,5,5,3,4,1,5,5,2,5,1,4,5,5,3,1,4,1,4,4,2,5,5
Madhya Pradesh,Urban,SS (I-X),Private Unaided (Recognized),Co-Ed,1771,1688,1340,1732,163,1705,1746,608,1616,288,1516,1767,1685,865,637,1738,619,1373,868,401,1364,1584
Madhya Pradesh,Rural,SS (IX-X),Private Unaided (Recognized),Co-Ed,65,59,54,57,6,56,62,25,48,5,46,65,57,18,19,60,17,49,34,23,33,38
Madhya Pradesh,Urban,SS (IX-X),Private Unaided (Recognized),Girls,1,1,1,1,1,1,1,0,1,0,1,1,1,1,0,1,0,0,0,0,1,1
Madhya Pradesh,Urban,SS (IX-X),Private Unaided (Recognized),Co-Ed,50,43,36,46,5,48,49,11,35,2,40,48,43,18,23,48,14,39,22,14,30,40
Madhya Pradesh,Rural,SS (VI-X),Private Unaided (Recognized),Boys,1,1,1,1,0,1,1,1,1,0,0,1,1,0,0,1,0,1,1,0,0,1
Madhya Pradesh,Rural,SS (VI-X),Private Unaided (Recognized),Co-Ed,13,12,11,10,1,13,13,4,11,1,9,13,13,2,3,13,4,11,6,3,5,8
Madhya Pradesh,Urban,SS (VI-X),Private Unaided (Recognized),Boys,2,2,2,2,0,2,2,0,2,0,2,2,2,1,2,2,1,2,2,1,2,2
Madhya Pradesh,Urban,SS (VI-X),Private Unaided (Recognized),Girls,3,3,1,3,1,3,3,1,3,0,3,3,3,2,0,3,2,1,1,0,3,3
Madhya Pradesh,Urban,SS (VI-X),Private Unaided (Recognized),Co-Ed,13,13,11,13,2,12,13,3,10,1,12,13,13,5,2,13,5,8,5,2,7,11
Madhya Pradesh,Rural,UPS (I-VIII),Private Unaided (Recognized),Boys,2,1,2,2,1,2,2,0,1,0,1,2,2,0,1,2,1,1,0,0,1,0
Madhya Pradesh,Rural,UPS (I-VIII),Private Unaided (Recognized),Girls,14,11,9,11,2,11,10,4,10,1,8,13,12,4,3,12,2,7,4,1,7,8
Madhya Pradesh,Rural,UPS (I-VIII),Private Unaided (Recognized),Co-Ed,11145,9597,8022,9599,1185,9846,9984,2443,8167,1198,4582,10975,10127,1910,2403,10481,3100,6498,3657,2180,5194,6053
Madhya Pradesh,Urban,UPS (I-VIII),Private Unaided (Recognized),Boys,2,2,2,2,1,2,2,0,1,0,1,2,2,0,1,2,1,1,1,0,1,1
Madhya Pradesh,Urban,UPS (I-VIII),Private Unaided (Recognized),Girls,10,8,5,10,2,7,7,0,6,2,5,10,8,6,3,10,4,5,4,0,3,5
Madhya Pradesh,Urban,UPS (I-VIII),Private Unaided (Recognized),Co-Ed,7895,7084,4946,7334,759,7030,7233,1746,6177,1212,5313,7829,7205,2688,2052,7529,2465,5023,2768,1247,4245,5355
Madhya Pradesh,Rural,UPS (VI-VIII),Private Unaided (Recognized),Boys,1,1,0,1,0,1,1,0,1,1,1,1,1,1,0,1,1,0,0,0,1,1
Madhya Pradesh,Rural,UPS (VI-VIII),Private Unaided (Recognized),Girls,1,1,0,1,0,1,1,1,0,0,1,1,1,0,0,1,1,0,0,0,1,0
Madhya Pradesh,Rural,UPS (VI-VIII),Private Unaided (Recognized),Co-Ed,21,18,18,11,5,17,15,10,16,8,8,21,19,4,6,21,9,13,6,6,3,7
Madhya Pradesh,Urban,UPS (VI-VIII),Private Unaided (Recognized),Boys,1,1,1,1,0,1,1,0,1,0,0,1,1,0,0,1,0,1,1,0,1,1
Madhya Pradesh,Urban,UPS (VI-VIII),Private Unaided (Recognized),Girls,2,2,1,2,1,2,2,0,1,0,2,2,2,0,0,2,0,1,1,0,0,0
Madhya Pradesh,Urban,UPS (VI-VIII),Private Unaided (Recognized),Co-Ed,20,19,13,19,2,19,17,10,16,3,10,20,17,4,3,19,7,13,8,3,9,10
Madhya Pradesh,Urban,HSS (I-XII),Railway School,Co-Ed,4,4,3,4,1,4,4,1,4,0,4,4,4,3,1,4,2,4,2,2,4,4
Madhya Pradesh,Urban,SS (I-X),Railway School,Co-Ed,2,2,2,2,1,2,2,0,2,0,2,2,2,1,0,2,1,2,0,1,2,2
Madhya Pradesh,Urban,UPS (VI-VIII),Railway School,Co-Ed,1,1,1,1,0,1,1,0,1,0,0,1,0,0,0,1,0,0,0,0,0,0
Madhya Pradesh,Urban,HSS (VI-XII),Sainik School,Boys,1,1,1,1,0,1,1,1,1,1,1,1,1,1,0,1,0,0,0,1,1,1
Madhya Pradesh,Urban,HSS (I-XII),Social welfare Department,Boys,1,1,0,1,0,1,1,0,1,1,1,1,1,0,0,1,0,1,1,0,1,0
Madhya Pradesh,Urban,HSS (I-XII),Social welfare Department,Co-Ed,7,6,4,7,2,6,6,1,3,0,7,7,5,5,0,7,3,6,4,4,5,6
Madhya Pradesh,Urban,HSS (IX-XII),Social welfare Department,Boys,1,1,0,1,1,1,1,0,1,0,1,1,1,1,0,1,0,1,1,1,0,1
Madhya Pradesh,Urban,HSS (IX-XII),Social welfare Department,Co-Ed,1,1,0,1,0,0,1,1,1,0,1,1,1,0,0,1,0,1,1,1,1,1
Madhya Pradesh,Urban,PS (I-V),Social welfare Department,Boys,1,1,1,1,1,1,1,0,1,1,1,1,1,1,0,1,0,1,1,1,0,1
Madhya Pradesh,Urban,PS (I-V),Social welfare Department,Co-Ed,2,2,0,2,1,0,1,0,1,0,2,2,2,1,0,2,0,1,1,0,0,0
Madhya Pradesh,Urban,UPS (I-VIII),Social welfare Department,Co-Ed,2,2,1,2,0,2,2,0,2,0,2,2,2,1,0,2,0,1,1,2,2,2
Madhya Pradesh,Urban,UPS (VI-VIII),Social welfare Department,Boys,1,1,1,1,1,1,1,0,1,1,1,1,1,1,0,1,0,1,1,1,0,1
Madhya Pradesh,Urban,UPS (VI-VIII),Social welfare Department,Co-Ed,1,1,1,1,0,1,1,0,1,0,1,1,1,0,1,1,0,1,1,1,1,1
Madhya Pradesh,Rural,HSS (I-XII),Tribal Welfare Department,Boys,3,3,3,3,0,3,3,0,3,0,3,3,3,2,1,3,0,3,1,1,1,3
Madhya Pradesh,Rural,HSS (I-XII),Tribal Welfare Department,Girls,13,11,12,13,3,10,13,1,12,2,13,13,13,4,5,13,3,12,5,10,6,13
Madhya Pradesh,Rural,HSS (I-XII),Tribal Welfare Department,Co-Ed,246,205,218,237,44,205,242,21,221,52,233,243,237,62,45,237,78,212,108,168,118,234
Madhya Pradesh,Urban,HSS (I-XII),Tribal Welfare Department,Boys,2,2,2,2,1,2,2,1,2,0,2,2,2,1,1,2,1,2,2,0,2,2
Madhya Pradesh,Urban,HSS (I-XII),Tribal Welfare Department,Girls,20,16,13,20,2,19,20,3,19,4,18,20,20,10,5,20,8,18,13,13,15,20
Madhya Pradesh,Urban,HSS (I-XII),Tribal Welfare Department,Co-Ed,30,25,23,30,5,22,30,6,28,3,27,30,29,8,12,30,10,30,16,16,18,27
Madhya Pradesh,Rural,HSS (IX-XII),Tribal Welfare Department,Boys,9,8,9,8,2,9,9,0,9,2,9,9,7,4,1,9,4,9,6,4,6,9
Madhya Pradesh,Rural,HSS (IX-XII),Tribal Welfare Department,Girls,34,27,30,33,2,29,34,5,29,3,29,34,34,18,10,34,21,28,18,23,22,31
Madhya Pradesh,Rural,HSS (IX-XII),Tribal Welfare Department,Co-Ed,305,250,286,285,59,268,300,23,283,31,282,305,286,70,78,301,108,264,117,184,146,280
Madhya Pradesh,Urban,HSS (IX-XII),Tribal Welfare Department,Boys,6,6,6,6,1,6,6,0,6,0,6,6,6,3,1,6,1,6,2,1,6,6
Madhya Pradesh,Urban,HSS (IX-XII),Tribal Welfare Department,Girls,18,15,15,18,6,16,17,3,18,2,15,18,17,6,5,18,12,18,10,10,12,18
Madhya Pradesh,Urban,HSS (IX-XII),Tribal Welfare Department,Co-Ed,31,31,29,31,7,29,31,3,31,5,30,31,29,14,7,31,14,29,17,19,29,31
Madhya Pradesh,Rural,HSS (VI-XII),Tribal Welfare Department,Boys,9,9,9,9,0,8,9,1,9,0,7,9,9,3,1,9,0,9,6,6,4,8
Madhya Pradesh,Rural,HSS (VI-XII),Tribal Welfare Department,Girls,36,31,27,33,4,30,34,5,27,10,31,36,34,9,8,34,21,25,15,23,21,28
Madhya Pradesh,Rural,HSS (VI-XII),Tribal Welfare Department,Co-Ed,167,137,157,162,34,147,164,20,158,37,153,167,163,53,34,165,61,144,68,111,77,156
Madhya Pradesh,Urban,HSS (VI-XII),Tribal Welfare Department,Boys,13,11,13,13,4,12,13,2,13,1,13,13,13,5,5,13,0,13,5,6,9,10
Madhya Pradesh,Urban,HSS (VI-XII),Tribal Welfare Department,Girls,31,21,23,29,6,25,26,3,26,6,25,30,28,10,10,29,17,26,14,15,20,23
Madhya Pradesh,Urban,HSS (VI-XII),Tribal Welfare Department,Co-Ed,40,36,36,40,6,37,40,11,36,11,36,40,40,23,10,39,15,35,22,25,34,37
Madhya Pradesh,Rural,PS (I-V),Tribal Welfare Department,Boys,313,172,206,267,43,239,295,24,129,62,97,310,305,55,48,306,0,273,95,132,47,53
Madhya Pradesh,Rural,PS (I-V),Tribal Welfare Department,Girls,396,194,249,320,51,311,378,17,150,80,109,393,379,56,74,381,0,338,115,173,70,54
Madhya Pradesh,Rural,PS (I-V),Tribal Welfare Department,Co-Ed,16870,3684,11849,7955,1138,12087,16194,682,1403,1906,1172,16345,16065,681,1521,15758,0,14065,5455,7368,3137,171
Madhya Pradesh,Urban,PS (I-V),Tribal Welfare Department,Boys,55,32,35,48,3,50,54,5,29,8,16,54,53,14,11,54,0,48,23,21,9,12
Madhya Pradesh,Urban,PS (I-V),Tribal Welfare Department,Girls,43,23,17,41,5,35,42,4,26,14,16,43,43,9,9,42,0,38,19,17,6,9
Madhya Pradesh,Urban,PS (I-V),Tribal Welfare Department,Co-Ed,327,107,202,224,30,222,311,11,34,42,50,317,301,6,27,299,0,243,92,118,58,5
Madhya Pradesh,Rural,SS (I-X),Tribal Welfare Department,Boys,1,1,1,1,1,1,1,0,1,0,1,1,1,0,1,1,0,1,0,1,0,1
Madhya Pradesh,Rural,SS (I-X),Tribal Welfare Department,Girls,6,4,6,6,0,5,6,0,5,2,4,6,6,1,0,6,5,6,3,5,2,5
Madhya Pradesh,Rural,SS (I-X),Tribal Welfare Department,Co-Ed,481,273,431,408,51,395,460,40,368,104,404,463,450,58,91,463,155,422,221,305,145,374
Madhya Pradesh,Urban,SS (I-X),Tribal Welfare Department,Girls,2,1,2,2,0,2,2,0,2,0,2,2,2,2,1,2,1,2,0,1,1,2
Madhya Pradesh,Urban,SS (I-X),Tribal Welfare Department,Co-Ed,18,12,14,17,0,17,18,2,15,5,17,18,18,7,6,18,4,18,14,9,8,18
Madhya Pradesh,Rural,SS (IX-X),Tribal Welfare Department,Boys,2,0,2,1,0,2,2,0,2,0,2,2,2,1,0,2,0,2,2,2,1,2
Madhya Pradesh,Rural,SS (IX-X),Tribal Welfare Department,Girls,22,10,19,22,2,17,21,0,21,0,21,22,22,8,5,22,6,16,7,13,14,21
Madhya Pradesh,Rural,SS (IX-X),Tribal Welfare Department,Co-Ed,356,219,335,286,38,285,343,30,308,21,302,348,333,43,68,344,103,314,164,211,119,293
Madhya Pradesh,Urban,SS (IX-X),Tribal Welfare Department,Boys,5,2,5,4,0,5,5,0,5,0,4,5,5,2,1,5,0,5,3,3,0,4
Madhya Pradesh,Urban,SS (IX-X),Tribal Welfare Department,Girls,2,2,2,2,1,2,2,0,2,1,2,2,2,2,1,2,1,2,1,2,1,2
Madhya Pradesh,Urban,SS (IX-X),Tribal Welfare Department,Co-Ed,4,2,4,3,0,3,3,0,3,1,3,3,3,1,1,3,2,3,1,0,3,3
Madhya Pradesh,Rural,SS (VI-X),Tribal Welfare Department,Boys,1,0,1,1,0,1,1,0,1,0,1,1,1,0,0,1,0,1,0,0,0,1
Madhya Pradesh,Rural,SS (VI-X),Tribal Welfare Department,Girls,7,7,6,7,0,4,6,2,5,0,7,7,7,4,0,7,4,6,6,6,2,7
Madhya Pradesh,Rural,SS (VI-X),Tribal Welfare Department,Co-Ed,184,104,171,155,16,147,180,18,138,23,157,174,171,24,33,177,47,163,73,109,51,140
Madhya Pradesh,Urban,SS (VI-X),Tribal Welfare Department,Boys,1,1,1,1,0,1,1,0,1,0,1,1,1,1,1,1,0,1,1,1,1,1
Madhya Pradesh,Urban,SS (VI-X),Tribal Welfare Department,Girls,4,2,3,2,1,4,2,0,0,0,3,4,4,1,0,3,0,2,0,2,1,3
Madhya Pradesh,Urban,SS (VI-X),Tribal Welfare Department,Co-Ed,2,2,1,2,0,2,2,2,2,1,1,2,2,2,0,2,0,2,2,2,1,2
Madhya Pradesh,Rural,UPS (I-VIII),Tribal Welfare Department,Boys,29,20,21,25,3,20,26,0,11,9,18,28,28,5,4,28,1,21,12,10,2,7
Madhya Pradesh,Rural,UPS (I-VIII),Tribal Welfare Department,Girls,55,33,42,49,8,44,54,4,20,14,26,55,54,6,7,53,26,44,23,25,8,16
Madhya Pradesh,Rural,UPS (I-VIII),Tribal Welfare Department,Co-Ed,3684,2491,2871,2537,192,2924,3591,165,631,670,1006,3620,3550,144,463,3463,908,3255,1479,1796,688,326
Madhya Pradesh,Urban,UPS (I-VIII),Tribal Welfare Department,Boys,4,3,3,4,0,3,3,1,3,2,3,4,4,1,1,4,0,4,3,2,1,2
Madhya Pradesh,Urban,UPS (I-VIII),Tribal Welfare Department,Girls,13,11,8,11,0,9,12,0,3,6,9,13,12,3,2,13,1,11,5,5,2,5
Madhya Pradesh,Urban,UPS (I-VIII),Tribal Welfare Department,Co-Ed,111,71,75,93,6,88,110,5,15,18,48,111,107,9,9,99,20,94,53,40,15,23
Madhya Pradesh,Rural,UPS (VI-VIII),Tribal Welfare Department,Boys,54,35,33,50,6,44,53,7,25,7,22,53,53,9,7,53,13,48,18,20,9,11
Madhya Pradesh,Rural,UPS (VI-VIII),Tribal Welfare Department,Girls,81,50,52,65,7,60,76,10,38,20,40,80,81,12,24,76,22,68,30,34,17,24
Madhya Pradesh,Rural,UPS (VI-VIII),Tribal Welfare Department,Co-Ed,1454,1024,1139,864,95,1167,1417,63,309,219,441,1419,1368,55,244,1372,337,1301,548,686,258,115
Madhya Pradesh,Urban,UPS (VI-VIII),Tribal Welfare Department,Boys,19,12,15,16,0,17,18,2,11,3,13,19,19,4,4,19,3,17,9,9,1,8
Madhya Pradesh,Urban,UPS (VI-VIII),Tribal Welfare Department,Girls,32,16,20,29,6,23,28,3,17,7,17,30,29,8,5,30,15,25,14,12,9,12
Madhya Pradesh,Urban,UPS (VI-VIII),Tribal Welfare Department,Co-Ed,39,27,28,31,2,28,39,4,16,4,24,38,38,7,2,37,9,32,18,15,9,15
Maharashtra,Urban,HSS (IX-XII),Department of Education,Co-Ed,1,1,1,1,0,1,1,0,1,0,1,1,1,1,0,1,0,1,1,0,1,1
Maharashtra,Urban,HSS (VI-XII),Department of Education,Co-Ed,1,1,1,1,1,1,1,0,0,0,1,1,1,0,0,1,0,0,0,1,1,1
Maharashtra,Urban,HSS (XI-XII),Department of Education,Co-Ed,20,19,13,20,4,19,18,8,14,3,18,19,20,17,5,19,7,18,14,2,18,20
Maharashtra,Urban,PS (I-V),Department of Education,Co-Ed,1,1,0,1,0,1,1,0,0,0,1,1,1,1,0,1,0,1,1,1,1,1
Maharashtra,Rural,SS (I-X),Department of Education,Boys,1,1,1,1,0,1,1,0,1,0,1,1,1,0,0,1,0,0,0,0,0,1
Maharashtra,Rural,SS (VI-X),Department of Education,Boys,2,2,2,2,2,2,2,0,2,1,2,2,2,2,0,2,0,1,1,0,2,2
Maharashtra,Urban,SS (VI-X),Department of Education,Boys,2,2,1,2,1,2,2,0,2,0,2,2,2,1,0,2,1,1,1,0,1,2
Maharashtra,Rural,HSS (I-XII),Government Aided,Boys,10,10,10,10,4,10,10,0,10,7,10,10,10,10,4,9,1,8,7,7,10,10
Maharashtra,Rural,HSS (I-XII),Government Aided,Girls,22,22,19,21,2,22,22,7,20,10,22,22,22,15,11,22,16,21,16,17,19,22
Maharashtra,Rural,HSS (I-XII),Government Aided,Co-Ed,2906,2837,2750,2889,522,2900,2875,651,2753,1433,2759,2892,2877,1111,1277,2886,1335,2763,2374,2138,2212,2871
Maharashtra,Urban,HSS (I-XII),Government Aided,Boys,13,13,8,13,2,13,13,7,13,3,12,13,13,8,6,13,3,11,10,5,13,13
Maharashtra,Urban,HSS (I-XII),Government Aided,Girls,147,143,87,147,17,146,147,73,141,50,144,146,147,101,43,146,83,141,108,66,135,146
Maharashtra,Urban,HSS (I-XII),Government Aided,Co-Ed,1356,1342,943,1352,218,1346,1350,663,1300,466,1300,1350,1353,893,490,1348,652,1283,1005,607,1244,1350
Maharashtra,Rural,HSS (IX-XII),Government Aided,Co-Ed,13,12,11,12,5,12,13,1,11,4,11,13,13,7,4,12,3,9,9,8,5,12
Maharashtra,Urban,HSS (IX-XII),Government Aided,Co-Ed,8,8,0,8,0,8,7,2,6,0,8,8,8,7,0,8,1,5,4,0,7,8
Maharashtra,Rural,HSS (VI-XII),Government Aided,Boys,10,10,10,10,5,10,10,2,10,3,10,10,10,10,1,10,2,9,6,5,10,10
Maharashtra,Rural,HSS (VI-XII),Government Aided,Girls,3,3,1,3,1,3,3,0,3,0,3,3,3,1,1,2,2,2,2,2,2,3
Maharashtra,Rural,HSS (VI-XII),Government Aided,Co-Ed,578,559,555,568,143,577,572,22,526,279,548,575,575,224,269,574,269,520,411,403,369,563
Maharashtra,Urban,HSS (VI-XII),Government Aided,Boys,6,6,5,6,3,6,6,2,6,5,6,6,6,6,3,6,2,4,4,3,6,6
Maharashtra,Urban,HSS (VI-XII),Government Aided,Girls,10,8,3,10,0,10,10,1,8,2,10,10,10,9,2,10,4,9,5,4,8,10
Maharashtra,Urban,HSS (VI-XII),Government Aided,Co-Ed,221,215,125,220,23,217,217,28,193,50,215,220,220,155,64,219,85,196,147,89,185,219
Maharashtra,Rural,HSS (XI-XII),Government Aided,Girls,1,1,1,1,1,1,1,1,1,0,1,1,1,1,0,1,1,1,0,0,1,1
Maharashtra,Rural,HSS (XI-XII),Government Aided,Co-Ed,222,216,215,220,62,221,217,89,214,40,204,220,219,135,144,217,129,182,140,120,178,210
Maharashtra,Urban,HSS (XI-XII),Government Aided,Boys,1,1,0,1,0,1,0,0,0,0,1,1,1,1,0,1,0,1,1,0,1,1
Maharashtra,Urban,HSS (XI-XII),Government Aided,Girls,38,37,18,38,14,37,37,31,37,4,33,37,38,35,19,37,29,35,28,3,37,38
Maharashtra,Urban,HSS (XI-XII),Government Aided,Co-Ed,511,504,366,510,202,503,507,409,495,106,464,508,507,449,324,499,328,448,364,144,485,501
Maharashtra,Rural,PS (I-V),Government Aided,Boys,6,6,4,6,4,5,3,2,4,4,6,6,5,5,4,6,0,6,6,5,4,5
Maharashtra,Rural,PS (I-V),Government Aided,Girls,4,3,1,3,0,4,4,1,2,0,3,3,4,0,0,4,0,1,0,0,1,1
Maharashtra,Rural,PS (I-V),Government Aided,Co-Ed,847,768,634,803,110,832,773,29,592,344,620,840,839,329,209,840,1,750,636,417,452,590
Maharashtra,Urban,PS (I-V),Government Aided,Boys,19,18,5,19,4,19,18,1,14,7,17,19,19,16,3,19,0,19,17,2,15,17
Maharashtra,Urban,PS (I-V),Government Aided,Girls,71,70,24,71,6,70,68,3,54,22,63,71,71,51,17,71,0,61,47,10,60,62
Maharashtra,Urban,PS (I-V),Government Aided,Co-Ed,2236,2124,972,2208,210,2189,2101,91,1702,614,1981,2228,2218,1349,443,2217,1,2013,1579,479,1610,1855
Maharashtra,Rural,SS (I-X),Government Aided,Boys,6,5,6,6,1,6,6,0,6,2,6,6,6,3,1,6,1,5,5,4,4,6
Maharashtra,Rural,SS (I-X),Government Aided,Girls,73,68,62,72,7,73,73,6,67,38,69,73,73,30,20,72,38,71,55,46,47,69
Maharashtra,Rural,SS (I-X),Government Aided,Co-Ed,4459,4255,4142,4362,610,4438,4402,189,4094,2004,4248,4434,4426,1244,1434,4408,1833,4156,3527,3218,2754,4321
Maharashtra,Urban,SS (I-X),Government Aided,Boys,69,69,23,69,14,69,68,21,60,10,61,69,69,51,16,69,5,66,46,15,64,68
Maharashtra,Urban,SS (I-X),Government Aided,Girls,256,250,129,256,36,251,249,61,240,66,244,254,255,166,67,255,130,235,166,90,230,253
Maharashtra,Urban,SS (I-X),Government Aided,Co-Ed,1699,1658,953,1695,197,1680,1665,352,1541,414,1621,1693,1694,1022,479,1690,716,1539,1084,575,1440,1679
Maharashtra,Rural,SS (IX-X),Government Aided,Boys,1,0,0,1,0,1,1,0,1,1,1,1,1,1,0,1,1,1,1,1,1,1
Maharashtra,Rural,SS (IX-X),Government Aided,Co-Ed,11,10,10,11,4,11,10,1,10,6,11,11,11,7,4,10,3,9,6,6,7,11
Maharashtra,Urban,SS (IX-X),Government Aided,Girls,2,1,0,2,0,2,2,0,2,0,2,2,2,2,0,2,1,2,1,0,1,2
Maharashtra,Urban,SS (IX-X),Government Aided,Co-Ed,9,8,1,9,0,9,9,0,6,1,9,9,9,8,1,9,2,6,2,2,8,9
Maharashtra,Rural,SS (VI-X),Government Aided,Girls,21,21,19,21,2,21,21,2,19,5,20,21,21,4,5,21,8,20,17,16,11,19
Maharashtra,Rural,SS (VI-X),Government Aided,Co-Ed,2951,2771,2631,2814,470,2934,2912,78,2643,1177,2837,2933,2924,864,888,2928,1101,2694,2256,2163,1625,2787
Maharashtra,Urban,SS (VI-X),Government Aided,Boys,6,6,3,6,0,6,6,1,5,2,6,6,6,3,2,6,1,5,4,1,5,6
Maharashtra,Urban,SS (VI-X),Government Aided,Girls,26,21,12,26,3,26,26,2,25,5,26,26,26,15,8,26,6,25,18,11,20,26
Maharashtra,Urban,SS (VI-X),Government Aided,Co-Ed,937,892,507,936,99,917,925,50,832,198,894,931,932,558,317,933,366,846,639,311,774,910
Maharashtra,Rural,UPS (I-VIII),Government Aided,Boys,5,5,5,5,3,5,4,0,3,3,3,5,5,4,2,5,1,5,4,3,5,5
Maharashtra,Rural,UPS (I-VIII),Government Aided,Girls,12,12,7,12,3,11,10,1,9,4,11,12,12,6,7,12,7,11,8,8,7,10
Maharashtra,Rural,UPS (I-VIII),Government Aided,Co-Ed,1490,1438,1318,1465,304,1483,1404,58,1195,731,1187,1477,1485,757,494,1475,688,1265,1052,833,880,1292
Maharashtra,Urban,UPS (I-VIII),Government Aided,Boys,12,12,4,12,6,12,11,1,10,5,10,12,12,8,1,12,0,10,7,2,11,12
Maharashtra,Urban,UPS (I-VIII),Government Aided,Girls,26,25,11,25,7,26,24,4,22,9,25,25,26,19,13,26,15,22,19,9,23,24
Maharashtra,Urban,UPS (I-VIII),Government Aided,Co-Ed,2707,2652,1603,2667,302,2640,2579,152,2259,774,2449,2698,2692,1437,895,2692,1160,2404,1915,881,1999,2412
Maharashtra,Rural,HSS (I-XII),Jawahar Navodaya Vidyalaya,Co-Ed,1,1,0,1,1,1,1,1,1,1,1,1,1,1,1,1,1,1,1,1,1,1
Maharashtra,Rural,HSS (VI-XII),Jawahar Navodaya Vidyalaya,Co-Ed,24,24,22,24,12,24,23,21,24,21,24,24,24,23,15,24,21,24,24,21,24,24
Maharashtra,Urban,HSS (VI-XII),Jawahar Navodaya Vidyalaya,Co-Ed,8,8,7,8,6,8,8,8,8,7,8,8,8,8,5,8,8,8,8,7,8,8
Maharashtra,Rural,SS (VI-X),Jawahar Navodaya Vidyalaya,Co-Ed,1,1,0,1,1,1,1,1,1,0,1,1,1,1,0,1,0,1,1,1,1,1
Maharashtra,Rural,HSS (I-XII),Kendriya Vidyalaya / Central School,Co-Ed,18,18,16,18,2,18,18,17,18,5,18,18,18,17,8,17,11,16,10,3,18,18
Maharashtra,Urban,HSS (I-XII),Kendriya Vidyalaya / Central School,Co-Ed,36,36,27,36,2,36,36,32,36,7,35,36,36,35,13,36,19,35,30,5,36,36
Maharashtra,Rural,SS (I-X),Kendriya Vidyalaya / Central School,Co-Ed,2,2,0,2,0,2,2,2,2,1,2,2,2,2,0,2,1,2,1,0,2,2
Maharashtra,Urban,SS (I-X),Kendriya Vidyalaya / Central School,Co-Ed,3,3,3,3,0,3,2,1,3,0,3,3,3,2,1,3,1,3,2,1,3,3
Maharashtra,Rural,UPS (I-VIII),Kendriya Vidyalaya / Central School,Co-Ed,1,1,1,1,0,1,1,1,1,0,1,1,1,0,0,1,0,1,0,0,1,1
Maharashtra,Rural,HSS (I-XII),Local body,Co-Ed,65,49,62,64,8,65,65,1,58,20,64,63,64,31,10,64,17,63,55,48,20,65
Maharashtra,Urban,HSS (I-XII),Local body,Girls,3,3,2,3,0,3,2,0,3,0,3,3,3,0,1,3,0,3,3,3,1,3
Maharashtra,Urban,HSS (I-XII),Local body,Co-Ed,79,73,71,78,11,79,77,14,64,23,79,79,79,37,23,78,25,75,66,51,58,77
Maharashtra,Urban,HSS (IX-XII),Local body,Co-Ed,2,2,2,2,0,2,2,0,1,0,2,2,2,0,0,2,0,0,0,1,1,2
Maharashtra,Rural,HSS (VI-XII),Local body,Girls,1,1,0,1,0,0,1,0,0,0,0,1,1,1,0,1,1,1,0,1,1,1
Maharashtra,Rural,HSS (VI-XII),Local body,Co-Ed,7,7,7,6,3,7,7,0,6,1,6,7,7,6,0,7,2,7,5,5,2,7
Maharashtra,Urban,HSS (VI-XII),Local body,Co-Ed,17,16,13,17,2,17,15,2,13,4,16,17,17,9,5,17,8,16,10,6,13,16
Maharashtra,Urban,HSS (XI-XII),Local body,Co-Ed,1,1,0,1,0,1,1,1,1,0,1,1,1,1,1,1,1,1,1,1,1,1
Maharashtra,Rural,PS (I-V),Local body,Boys,295,237,187,252,61,280,295,3,234,123,276,277,288,110,75,288,0,289,256,158,105,225
Maharashtra,Rural,PS (I-V),Local body,Girls,319,225,167,279,39,286,315,1,244,133,303,308,315,113,82,311,1,315,274,169,101,220
Maharashtra,Rural,PS (I-V),Local body,Co-Ed,40214,16619,21827,27803,5442,35314,39958,290,24728,15482,35212,37533,38872,10420,5513,39240,37,38769,34489,19751,10383,25586
Maharashtra,Urban,PS (I-V),Local body,Boys,54,43,30,48,2,51,53,0,34,8,43,51,52,18,5,52,0,48,39,28,11,34
Maharashtra,Urban,PS (I-V),Local body,Girls,67,50,32,64,4,60,66,0,41,12,54,65,65,17,6,65,0,59,48,33,12,38
Maharashtra,Urban,PS (I-V),Local body,Co-Ed,2065,1182,877,1781,128,1797,2028,23,924,451,1736,1940,2003,537,274,2018,0,1869,1511,837,598,1153
Maharashtra,Rural,SS (I-X),Local body,Boys,3,3,2,2,1,3,3,0,3,1,3,3,3,1,2,3,0,3,1,2,0,3
Maharashtra,Rural,SS (I-X),Local body,Girls,3,3,3,2,0,3,3,0,3,0,3,3,3,0,2,3,0,3,3,2,1,3
Maharashtra,Rural,SS (I-X),Local body,Co-Ed,351,298,292,333,111,329,345,10,281,82,329,342,347,116,71,346,102,342,267,227,90,346
Maharashtra,Urban,SS (I-X),Local body,Boys,3,3,3,3,0,3,3,0,2,0,3,3,3,0,0,3,0,3,2,1,1,3
Maharashtra,Urban,SS (I-X),Local body,Girls,16,15,13,15,1,16,16,0,11,4,16,16,15,6,7,16,4,15,10,11,6,16
Maharashtra,Urban,SS (I-X),Local body,Co-Ed,274,262,147,271,26,266,272,22,163,74,261,272,272,139,83,270,132,268,203,145,171,265
Maharashtra,Rural,SS (IX-X),Local body,Co-Ed,3,2,3,2,0,3,3,0,3,0,3,3,3,1,1,2,0,3,3,3,1,1
Maharashtra,Urban,SS (IX-X),Local body,Co-Ed,229,177,46,229,11,224,208,3,108,45,223,229,229,177,50,225,145,223,198,127,158,210
Maharashtra,Rural,SS (VI-X),Local body,Girls,18,15,13,18,8,18,18,2,14,11,16,18,18,15,4,17,15,14,11,15,10,18
Maharashtra,Rural,SS (VI-X),Local body,Co-Ed,52,43,40,51,9,50,52,0,36,17,51,48,50,14,10,51,17,50,39,33,21,51
Maharashtra,Urban,SS (VI-X),Local body,Boys,2,1,1,2,1,2,2,0,1,0,2,2,2,1,1,2,0,1,1,1,0,2
Maharashtra,Urban,SS (VI-X),Local body,Girls,26,22,18,26,11,26,26,0,22,9,25,24,26,18,8,26,18,23,16,8,18,25
Maharashtra,Urban,SS (VI-X),Local body,Co-Ed,118,99,61,114,6,115,112,3,69,14,113,116,117,51,27,117,48,106,79,71,84,108
Maharashtra,Rural,UPS (I-VIII),Local body,Boys,179,151,119,170,32,172,179,2,154,79,173,172,178,72,35,176,14,177,164,115,60,168
Maharashtra,Rural,UPS (I-VIII),Local body,Girls,232,195,148,225,45,220,232,3,186,99,220,223,232,89,47,229,90,226,208,151,84,211
Maharashtra,Rural,UPS (I-VIII),Local body,Co-Ed,16951,11026,11177,14756,3269,15459,16876,173,11707,7270,16228,16296,16640,6467,2844,16695,3505,16687,14798,10442,4471,14983
Maharashtra,Urban,UPS (I-VIII),Local body,Boys,129,108,64,122,11,118,120,4,71,21,115,124,125,30,38,125,15,119,96,58,58,108
Maharashtra,Urban,UPS (I-VIII),Local body,Girls,146,124,62,133,15,129,127,4,65,32,127,144,145,38,36,139,50,133,109,64,61,129
Maharashtra,Urban,UPS (I-VIII),Local body,Co-Ed,2916,2490,1039,2806,203,2724,2861,81,1237,508,2756,2865,2891,1467,497,2884,1025,2735,2190,1260,1496,2580
Maharashtra,Rural,UPS (VI-VIII),Local body,Girls,1,1,1,1,0,1,1,0,1,1,1,1,1,1,1,1,1,1,1,1,0,1
Maharashtra,Rural,UPS (VI-VIII),Local body,Co-Ed,1,1,0,1,0,1,1,0,1,0,1,1,1,0,0,1,0,1,1,1,0,1
Maharashtra,Urban,UPS (VI-VIII),Local body,Girls,3,3,2,2,0,3,3,0,2,0,3,3,3,2,0,3,2,3,3,2,1,2
Maharashtra,Rural,HSS (I-XII),Madarsa recognized (by Wakf board/Madarsa Board),Girls,1,1,0,1,0,1,1,0,1,0,1,1,1,1,0,1,0,0,0,1,1,1
Maharashtra,Urban,HSS (I-XII),Madarsa recognized (by Wakf board/Madarsa Board),Co-Ed,1,1,1,1,0,1,1,0,0,1,1,1,1,0,0,1,0,1,1,1,1,1
Maharashtra,Rural,PS (I-V),Madarsa recognized (by Wakf board/Madarsa Board),Boys,5,5,5,5,2,5,5,1,5,4,4,5,5,5,2,5,0,2,2,1,0,4
Maharashtra,Rural,PS (I-V),Madarsa recognized (by Wakf board/Madarsa Board),Girls,1,1,1,1,1,1,1,0,0,0,1,1,1,1,0,1,0,1,1,0,0,1
Maharashtra,Rural,PS (I-V),Madarsa recognized (by Wakf board/Madarsa Board),Co-Ed,1,1,1,1,0,1,1,0,1,1,1,1,1,0,1,1,0,1,1,1,0,1
Maharashtra,Urban,PS (I-V),Madarsa recognized (by Wakf board/Madarsa Board),Boys,1,0,1,1,0,1,1,0,0,0,0,1,1,1,0,1,0,1,1,0,0,1
Maharashtra,Urban,PS (I-V),Madarsa recognized (by Wakf board/Madarsa Board),Girls,1,1,0,1,0,0,1,0,0,0,1,1,1,1,0,1,0,0,0,0,0,1
Maharashtra,Urban,PS (I-V),Madarsa recognized (by Wakf board/Madarsa Board),Co-Ed,10,10,7,10,1,7,8,0,2,6,7,10,10,1,4,10,0,6,5,1,6,4
Maharashtra,Rural,SS (I-X),Madarsa recognized (by Wakf board/Madarsa Board),Boys,3,3,2,3,1,3,3,0,1,1,2,3,3,3,0,3,0,1,1,2,2,3
Maharashtra,Rural,SS (I-X),Madarsa recognized (by Wakf board/Madarsa Board),Co-Ed,1,1,0,1,0,1,0,0,1,0,0,1,1,1,1,1,0,1,0,1,0,1
Maharashtra,Urban,SS (I-X),Madarsa recognized (by Wakf board/Madarsa Board),Co-Ed,1,1,1,1,0,1,1,1,1,0,0,1,1,1,1,1,0,0,0,0,0,1
Maharashtra,Rural,UPS (I-VIII),Madarsa recognized (by Wakf board/Madarsa Board),Boys,3,2,2,3,0,2,3,0,1,0,2,3,3,2,0,3,0,2,2,2,2,2
Maharashtra,Rural,UPS (I-VIII),Madarsa recognized (by Wakf board/Madarsa Board),Girls,1,1,1,1,0,1,1,0,1,1,1,1,1,1,1,1,1,1,1,0,0,1
Maharashtra,Rural,UPS (I-VIII),Madarsa recognized (by Wakf board/Madarsa Board),Co-Ed,1,1,0,1,1,1,1,0,1,0,0,1,1,1,1,1,1,1,0,0,0,1
Maharashtra,Urban,UPS (I-VIII),Madarsa recognized (by Wakf board/Madarsa Board),Boys,4,3,3,4,1,3,4,1,1,1,3,4,4,2,1,4,1,2,2,1,1,1
Maharashtra,Urban,UPS (I-VIII),Madarsa recognized (by Wakf board/Madarsa Board),Girls,3,3,3,3,0,3,3,0,1,2,2,3,3,1,0,3,2,1,1,0,2,3
Maharashtra,Urban,UPS (I-VIII),Madarsa recognized (by Wakf board/Madarsa Board),Co-Ed,3,3,1,3,0,3,2,0,2,0,3,3,3,2,1,3,2,1,1,1,2,3
Maharashtra,Rural,HSS (I-XII),Madarsa unrecognized,Co-Ed,2,1,0,2,0,1,2,0,0,1,2,2,2,0,1,2,0,0,0,0,0,2
Maharashtra,Urban,HSS (I-XII),Madarsa unrecognized,Co-Ed,2,0,1,2,0,1,1,0,0,0,1,2,2,0,0,2,0,0,0,0,1,1
Maharashtra,Rural,HSS (VI-XII),Madarsa unrecognized,Co-Ed,1,1,1,1,0,0,0,0,0,0,0,1,1,0,0,0,0,0,0,0,1,1
Maharashtra,Rural,PS (I-V),Madarsa unrecognized,Boys,3,1,3,3,0,3,2,0,2,1,2,3,3,1,0,3,0,1,1,0,1,1
Maharashtra,Rural,PS (I-V),Madarsa unrecognized,Co-Ed,3,3,3,3,0,3,2,1,2,1,3,3,3,2,1,3,0,2,2,0,1,3
Maharashtra,Urban,PS (I-V),Madarsa unrecognized,Boys,2,2,1,2,0,2,1,1,1,2,1,2,1,1,0,2,0,1,1,0,1,0
Maharashtra,Urban,PS (I-V),Madarsa unrecognized,Girls,4,3,2,4,0,4,3,1,3,1,3,4,4,1,0,4,0,1,0,1,1,2
Maharashtra,Urban,PS (I-V),Madarsa unrecognized,Co-Ed,6,5,5,6,0,4,6,1,2,1,4,6,6,1,1,6,0,1,1,1,5,4
Maharashtra,Rural,SS (I-X),Madarsa unrecognized,Boys,1,1,0,1,0,1,0,0,0,0,0,1,1,0,0,1,0,0,0,0,1,1
Maharashtra,Rural,SS (I-X),Madarsa unrecognized,Girls,1,1,1,1,1,1,1,0,0,1,1,1,0,1,1,1,1,0,0,0,0,1
Maharashtra,Urban,SS (I-X),Madarsa unrecognized,Co-Ed,2,2,2,1,1,2,2,0,2,2,1,2,2,1,1,2,0,1,1,1,0,1
Maharashtra,Rural,SS (VI-X),Madarsa unrecognized,Co-Ed,1,1,1,1,0,1,1,0,1,1,0,1,1,0,1,1,0,1,1,0,0,1
Maharashtra,Rural,UPS (I-VIII),Madarsa unrecognized,Boys,4,4,3,4,2,3,3,0,3,0,3,4,4,1,0,4,0,2,1,0,3,3
Maharashtra,Rural,UPS (I-VIII),Madarsa unrecognized,Girls,3,3,2,3,2,3,2,0,3,0,2,3,2,2,1,3,2,3,1,1,3,1
Maharashtra,Rural,UPS (I-VIII),Madarsa unrecognized,Co-Ed,7,4,5,7,2,7,5,0,5,1,5,7,7,3,3,7,3,2,2,1,5,6
Maharashtra,Urban,UPS (I-VIII),Madarsa unrecognized,Boys,1,1,1,1,0,0,1,0,0,0,1,1,1,1,0,1,0,0,0,0,1,1
Maharashtra,Urban,UPS (I-VIII),Madarsa unrecognized,Girls,1,1,1,1,0,1,1,0,1,1,0,1,1,1,0,1,1,1,1,0,1,1
Maharashtra,Urban,UPS (I-VIII),Madarsa unrecognized,Co-Ed,43,23,28,43,4,30,38,2,11,5,26,43,43,32,2,42,8,4,3,2,4,36
Maharashtra,Rural,HSS (I-XII),Other Central Govt. Schools,Co-Ed,2,2,2,2,0,2,2,2,2,1,2,2,2,2,0,2,1,2,1,0,2,2
Maharashtra,Urban,HSS (I-XII),Other Central Govt. Schools,Co-Ed,2,2,0,2,0,2,2,2,2,1,2,2,2,2,1,2,1,2,1,0,2,2
Maharashtra,Urban,HSS (VI-XII),Other Central Govt. Schools,Co-Ed,1,1,0,1,0,1,1,0,1,0,1,1,1,0,0,1,0,1,1,0,1,1
Maharashtra,Rural,PS (I-V),Other Central Govt. Schools,Co-Ed,1,1,1,1,0,1,1,0,1,1,1,1,1,1,1,1,0,0,0,0,1,1
Maharashtra,Rural,SS (I-X),Other Central Govt. Schools,Co-Ed,2,2,1,2,0,2,2,1,2,2,1,2,2,2,0,2,0,2,1,1,2,2
Maharashtra,Urban,SS (I-X),Other Central Govt. Schools,Co-Ed,5,5,1,5,0,5,5,5,5,1,5,5,5,5,1,5,1,3,3,0,5,5
Maharashtra,Rural,UPS (I-VIII),Other Central Govt. Schools,Co-Ed,1,1,1,1,0,1,1,0,0,1,1,1,1,1,1,1,1,1,0,0,1,1
Maharashtra,Urban,UPS (I-VIII),Other Central Govt. Schools,Co-Ed,1,1,1,1,0,1,1,0,0,0,1,1,1,1,1,1,0,0,0,1,1,1
Maharashtra,Rural,HSS (I-XII),Private Unaided (Recognized),Boys,3,3,3,3,1,3,3,1,2,1,2,3,3,2,1,3,0,2,0,2,3,3
Maharashtra,Rural,HSS (I-XII),Private Unaided (Recognized),Girls,3,3,3,3,1,3,3,1,2,1,3,3,2,2,1,3,2,3,1,3,3,3
Maharashtra,Rural,HSS (I-XII),Private Unaided (Recognized),Co-Ed,1069,1035,967,1054,205,1057,1005,485,941,365,967,1061,1041,790,532,1066,626,917,761,368,934,1057
Maharashtra,Urban,HSS (I-XII),Private Unaided (Recognized),Boys,2,2,1,2,1,2,2,1,2,1,2,2,2,2,1,2,0,2,2,0,2,2
Maharashtra,Urban,HSS (I-XII),Private Unaided (Recognized),Girls,3,3,2,3,2,3,3,1,3,2,3,3,3,3,1,3,1,3,2,0,3,3
Maharashtra,Urban,HSS (I-XII),Private Unaided (Recognized),Co-Ed,950,938,592,945,204,943,915,571,876,260,901,948,934,831,354,949,462,834,647,183,909,946
Maharashtra,Rural,HSS (IX-XII),Private Unaided (Recognized),Co-Ed,64,61,58,61,11,62,62,22,58,10,57,64,63,42,31,64,38,50,37,21,60,62
Maharashtra,Urban,HSS (IX-XII),Private Unaided (Recognized),Co-Ed,72,72,48,72,14,72,70,27,67,14,70,72,72,62,18,72,42,61,50,27,66,71
Maharashtra,Rural,HSS (VI-XII),Private Unaided (Recognized),Girls,2,2,2,2,1,2,2,1,2,1,2,2,2,2,1,2,2,2,2,1,2,2
Maharashtra,Rural,HSS (VI-XII),Private Unaided (Recognized),Co-Ed,102,98,91,99,31,101,102,38,92,38,95,102,101,69,54,100,57,91,75,49,84,101
Maharashtra,Urban,HSS (VI-XII),Private Unaided (Recognized),Girls,2,2,0,2,0,2,2,1,2,0,2,2,2,1,1,2,0,1,1,0,2,2
Maharashtra,Urban,HSS (VI-XII),Private Unaided (Recognized),Co-Ed,248,246,128,248,45,247,245,123,222,58,232,247,247,217,69,248,123,212,164,36,244,248
Maharashtra,Rural,HSS (XI-XII),Private Unaided (Recognized),Boys,1,1,0,1,0,1,0,0,1,0,1,1,1,1,0,1,0,1,0,0,1,1
Maharashtra,Rural,HSS (XI-XII),Private Unaided (Recognized),Girls,3,3,2,3,1,3,2,1,3,1,3,3,3,2,1,3,0,1,1,1,3,3
Maharashtra,Rural,HSS (XI-XII),Private Unaided (Recognized),Co-Ed,1050,1012,949,1030,225,1036,1003,349,944,245,946,1031,1027,614,555,1029,572,823,666,453,852,1006
Maharashtra,Urban,HSS (XI-XII),Private Unaided (Recognized),Boys,1,1,0,1,1,1,1,0,1,1,0,1,1,1,1,1,1,1,1,0,1,1
Maharashtra,Urban,HSS (XI-XII),Private Unaided (Recognized),Girls,22,22,11,22,6,22,21,13,20,5,21,22,22,18,8,22,14,18,14,5,22,20
Maharashtra,Urban,HSS (XI-XII),Private Unaided (Recognized),Co-Ed,725,711,469,720,140,706,702,363,661,155,669,716,713,591,333,719,376,556,425,137,677,716
Maharashtra,Rural,PS (I-V),Private Unaided (Recognized),Boys,5,4,5,5,2,5,4,0,1,4,3,5,5,5,1,5,0,4,4,2,2,5
Maharashtra,Rural,PS (I-V),Private Unaided (Recognized),Girls,2,2,1,2,1,2,0,0,1,1,2,2,2,2,0,2,0,1,1,1,1,2
Maharashtra,Rural,PS (I-V),Private Unaided (Recognized),Co-Ed,2314,2170,2001,2254,288,2280,1976,266,1676,536,1941,2286,2262,1239,752,2289,1,1889,1476,873,1610,2150
Maharashtra,Urban,PS (I-V),Private Unaided (Recognized),Boys,31,31,5,31,10,31,29,8,27,10,29,31,31,31,7,31,0,30,24,3,29,31
Maharashtra,Urban,PS (I-V),Private Unaided (Recognized),Girls,61,61,8,61,12,61,59,10,55,13,59,60,61,58,5,61,0,51,39,1,60,61
Maharashtra,Urban,PS (I-V),Private Unaided (Recognized),Co-Ed,2219,2153,1131,2203,260,2174,1982,371,1733,443,2050,2194,2194,1632,552,2207,1,1831,1392,404,1872,2115
Maharashtra,Rural,SS (I-X),Private Unaided (Recognized),Boys,10,10,10,10,4,10,10,8,9,6,9,10,10,8,7,10,2,10,5,5,9,10
Maharashtra,Rural,SS (I-X),Private Unaided (Recognized),Girls,4,4,4,4,4,4,4,2,4,3,4,4,4,3,2,4,3,2,2,3,4,4
Maharashtra,Rural,SS (I-X),Private Unaided (Recognized),Co-Ed,1355,1324,1210,1331,256,1346,1323,578,1177,431,1255,1348,1340,1003,567,1349,727,1199,981,534,1181,1333
Maharashtra,Urban,SS (I-X),Private Unaided (Recognized),Boys,8,8,2,8,3,8,8,6,7,4,8,8,8,7,2,8,1,7,6,1,8,8
Maharashtra,Urban,SS (I-X),Private Unaided (Recognized),Girls,26,26,6,26,7,26,26,14,25,5,26,26,26,24,5,25,8,25,19,0,26,26
Maharashtra,Urban,SS (I-X),Private Unaided (Recognized),Co-Ed,1677,1661,877,1675,254,1668,1649,833,1520,343,1550,1668,1667,1442,533,1672,725,1476,1136,285,1621,1674
Maharashtra,Rural,SS (IX-X),Private Unaided (Recognized),Girls,1,1,1,1,1,1,1,0,0,0,1,1,1,1,0,1,1,1,1,0,1,1
Maharashtra,Rural,SS (IX-X),Private Unaided (Recognized),Co-Ed,323,312,280,312,60,322,307,87,273,85,295,318,314,196,140,316,178,259,214,128,264,311
Maharashtra,Urban,SS (IX-X),Private Unaided (Recognized),Boys,1,1,1,1,1,1,1,0,1,1,1,1,1,1,0,1,0,1,0,1,1,1
Maharashtra,Urban,SS (IX-X),Private Unaided (Recognized),Co-Ed,399,385,241,396,40,390,381,102,344,79,364,397,398,291,161,395,179,337,269,89,360,392
Maharashtra,Rural,SS (VI-X),Private Unaided (Recognized),Boys,2,2,2,2,0,2,2,0,1,2,2,2,2,2,1,2,0,2,1,2,2,2
Maharashtra,Rural,SS (VI-X),Private Unaided (Recognized),Co-Ed,664,624,553,628,114,659,649,84,572,164,615,654,658,289,337,651,287,589,486,386,440,628
Maharashtra,Urban,SS (VI-X),Private Unaided (Recognized),Girls,7,7,3,7,2,7,7,2,7,1,7,7,7,4,1,7,2,5,3,1,6,6
Maharashtra,Urban,SS (VI-X),Private Unaided (Recognized),Co-Ed,1140,1112,535,1136,148,1113,1113,293,1020,192,1096,1138,1135,880,326,1132,459,903,679,209,1066,1130
Maharashtra,Rural,UPS (I-VIII),Private Unaided (Recognized),Boys,2,2,2,2,1,2,2,0,2,1,2,2,2,2,0,2,0,2,1,1,1,2
Maharashtra,Rural,UPS (I-VIII),Private Unaided (Recognized),Girls,2,2,2,2,2,2,2,1,2,1,2,2,2,1,0,2,0,2,1,1,2,2
Maharashtra,Rural,UPS (I-VIII),Private Unaided (Recognized),Co-Ed,1737,1697,1481,1715,256,1723,1625,442,1459,497,1547,1716,1713,1250,633,1732,855,1503,1236,657,1445,1699
Maharashtra,Urban,UPS (I-VIII),Private Unaided (Recognized),Boys,4,4,2,4,0,4,3,1,4,0,3,4,4,3,0,4,0,4,4,1,3,4
Maharashtra,Urban,UPS (I-VIII),Private Unaided (Recognized),Girls,7,7,4,7,1,7,6,1,5,2,6,7,7,4,3,7,2,5,4,0,6,6
Maharashtra,Urban,UPS (I-VIII),Private Unaided (Recognized),Co-Ed,2844,2802,1628,2834,338,2779,2664,792,2422,547,2665,2828,2827,2205,857,2832,1273,2261,1786,592,2582,2800
Maharashtra,Rural,UPS (VI-VIII),Private Unaided (Recognized),Co-Ed,76,70,71,72,16,74,71,14,59,21,68,74,74,38,35,75,38,68,60,42,52,74
Maharashtra,Urban,UPS (VI-VIII),Private Unaided (Recognized),Boys,1,1,1,1,1,1,1,0,1,1,1,1,1,1,0,1,0,1,0,1,1,1
Maharashtra,Urban,UPS (VI-VIII),Private Unaided (Recognized),Co-Ed,24,22,15,24,1,24,24,4,21,3,21,24,24,18,8,24,9,19,17,5,19,24
Maharashtra,Urban,HSS (I-XII),Railway School,Co-Ed,1,1,1,1,1,1,1,1,1,1,1,1,1,1,1,1,1,1,1,0,1,1
Maharashtra,Rural,HSS (VI-XII),Railway School,Co-Ed,1,1,1,1,0,1,1,1,1,0,1,1,1,0,0,1,0,0,0,0,1,1
Maharashtra,Rural,PS (I-V),Railway School,Co-Ed,1,1,1,1,0,1,1,0,1,0,1,1,1,1,0,1,0,1,1,0,0,1
Maharashtra,Urban,PS (I-V),Railway School,Co-Ed,1,1,0,1,0,1,1,0,0,0,1,1,1,1,0,1,0,1,1,0,1,1
Maharashtra,Urban,SS (I-X),Railway School,Co-Ed,1,1,1,1,0,1,1,0,0,0,1,1,1,0,0,1,0,1,0,1,1,1
Maharashtra,Rural,HSS (VI-XII),Sainik School,Co-Ed,1,1,1,1,1,1,1,0,1,0,1,1,1,1,1,1,1,1,0,1,1,1
Maharashtra,Urban,HSS (VI-XII),Sainik School,Co-Ed,1,1,1,1,0,1,1,1,1,0,1,1,1,1,1,1,0,0,0,0,1,1
Maharashtra,Rural,HSS (I-XII),Social welfare Department,Co-Ed,1,1,0,1,0,1,1,0,1,0,1,1,1,1,0,1,0,0,0,0,0,1
Maharashtra,Rural,PS (I-V),Social welfare Department,Co-Ed,6,5,2,6,1,6,4,0,5,3,5,6,6,3,4,6,0,6,6,3,3,6
Maharashtra,Urban,PS (I-V),Social welfare Department,Boys,4,2,2,3,0,3,3,0,2,1,3,4,4,3,1,4,0,3,3,2,3,3
Maharashtra,Urban,PS (I-V),Social welfare Department,Co-Ed,4,4,2,4,2,4,3,0,3,3,4,4,4,4,1,4,0,3,3,2,2,2
Maharashtra,Rural,SS (I-X),Social welfare Department,Boys,1,1,1,1,1,1,1,1,1,1,1,1,1,1,1,1,0,1,0,1,0,1
Maharashtra,Rural,SS (I-X),Social welfare Department,Girls,1,1,1,1,1,1,1,1,1,1,1,1,1,1,1,1,1,1,0,0,1,1
Maharashtra,Urban,SS (I-X),Social welfare Department,Co-Ed,1,1,0,1,0,1,1,0,1,0,1,1,1,1,0,1,0,1,0,0,1,1
Maharashtra,Rural,SS (VI-X),Social welfare Department,Boys,38,38,36,38,26,38,38,17,36,23,37,38,38,30,19,38,4,37,28,23,24,36
Maharashtra,Rural,SS (VI-X),Social welfare Department,Girls,20,20,18,20,12,20,20,7,17,12,20,20,20,16,8,20,8,19,16,8,8,20
Maharashtra,Rural,SS (VI-X),Social welfare Department,Co-Ed,1,1,1,1,1,1,1,0,1,1,1,1,1,0,1,1,0,1,1,1,1,1
Maharashtra,Urban,SS (VI-X),Social welfare Department,Boys,18,18,12,18,11,18,18,8,18,11,18,18,17,11,10,18,4,17,13,10,9,18
Maharashtra,Urban,SS (VI-X),Social welfare Department,Girls,11,11,9,11,9,11,11,4,10,5,11,11,11,8,7,11,3,8,6,8,6,11
Maharashtra,Rural,UPS (I-VIII),Social welfare Department,Boys,1,0,0,1,1,0,0,0,1,0,1,1,1,1,0,1,0,0,0,0,1,1
Maharashtra,Rural,UPS (I-VIII),Social welfare Department,Co-Ed,6,6,4,5,3,6,5,0,2,1,5,4,6,4,0,6,2,5,5,3,3,5
Maharashtra,Urban,UPS (I-VIII),Social welfare Department,Co-Ed,4,4,3,4,0,4,3,0,1,1,4,4,4,4,0,4,1,3,3,0,3,4
Maharashtra,Rural,HSS (I-XII),Tribal Welfare Department,Girls,16,16,15,16,13,15,16,14,15,14,14,16,16,15,7,16,13,11,11,14,5,16
Maharashtra,Rural,HSS (I-XII),Tribal Welfare Department,Co-Ed,131,114,118,131,99,129,131,62,99,66,117,130,130,106,35,129,94,106,90,93,55,131
Maharashtra,Urban,HSS (I-XII),Tribal Welfare Department,Co-Ed,2,2,2,2,1,2,2,2,1,1,1,2,2,1,0,2,2,1,1,0,2,2
Maharashtra,Rural,HSS (VI-XII),Tribal Welfare Department,Co-Ed,11,9,10,11,9,10,10,3,10,5,10,11,11,10,5,11,8,7,5,8,9,11
Maharashtra,Urban,HSS (VI-XII),Tribal Welfare Department,Co-Ed,4,4,3,4,2,4,4,0,1,3,4,4,4,3,3,4,2,3,1,1,4,4
Maharashtra,Rural,PS (I-V),Tribal Welfare Department,Co-Ed,1,1,1,1,0,1,0,0,0,0,1,1,1,0,0,1,0,0,0,0,1,1
Maharashtra,Urban,PS (I-V),Tribal Welfare Department,Co-Ed,1,1,1,1,0,1,1,0,0,0,1,0,1,0,0,1,0,1,0,0,1,0
Maharashtra,Rural,SS (I-X),Tribal Welfare Department,Girls,4,3,4,4,4,4,4,1,2,1,4,4,4,2,1,4,2,1,1,4,0,4
Maharashtra,Rural,SS (I-X),Tribal Welfare Department,Co-Ed,279,241,230,277,178,272,276,11,201,140,232,275,278,218,71,278,208,218,175,202,118,279
Maharashtra,Urban,SS (I-X),Tribal Welfare Department,Co-Ed,8,8,6,8,3,8,8,1,5,5,7,8,8,6,2,8,7,6,5,7,6,8
Maharashtra,Rural,SS (IX-X),Tribal Welfare Department,Co-Ed,3,3,3,3,2,3,3,0,2,2,2,3,3,3,1,3,2,3,3,3,2,3
Maharashtra,Rural,SS (VI-X),Tribal Welfare Department,Co-Ed,11,8,8,11,6,11,10,0,6,5,9,11,11,11,3,11,6,6,5,7,6,11
Maharashtra,Urban,SS (VI-X),Tribal Welfare Department,Co-Ed,1,1,1,1,1,1,1,0,1,1,1,1,1,1,0,1,0,1,0,1,0,1
Maharashtra,Rural,UPS (I-VIII),Tribal Welfare Department,Girls,1,1,1,1,0,1,1,0,1,1,1,1,1,0,1,1,1,1,1,1,1,1
Maharashtra,Rural,UPS (I-VIII),Tribal Welfare Department,Co-Ed,53,46,32,48,25,45,45,4,27,15,23,51,51,34,6,52,30,22,18,34,22,51
Maharashtra,Urban,UPS (I-VIII),Tribal Welfare Department,Co-Ed,3,2,3,3,1,3,3,0,3,1,2,3,3,3,0,3,3,3,3,1,2,3
Maharashtra,Rural,UPS (VI-VIII),Tribal Welfare Department,Co-Ed,4,4,3,4,3,4,4,0,2,2,4,4,4,3,3,4,3,3,2,4,3,4
Maharashtra,Rural,HSS (I-XII),Unrecognized,Co-Ed,4,4,4,4,2,4,4,2,4,2,3,4,4,2,1,4,2,4,4,2,3,4
Maharashtra,Urban,HSS (I-XII),Unrecognized,Co-Ed,3,3,1,3,0,3,3,0,3,1,3,3,3,2,0,3,1,1,1,0,3,3
Maharashtra,Urban,HSS (XI-XII),Unrecognized,Co-Ed,1,1,0,1,0,1,1,0,0,1,1,1,1,1,1,1,1,0,0,1,1,1
Maharashtra,Rural,PS (I-V),Unrecognized,Co-Ed,40,36,35,39,4,39,37,4,22,8,34,40,40,23,13,40,0,30,26,10,24,36
Maharashtra,Urban,PS (I-V),Unrecognized,Boys,1,1,0,1,0,1,1,0,1,1,1,1,1,1,0,1,0,1,1,0,1,1
Maharashtra,Urban,PS (I-V),Unrecognized,Co-Ed,225,217,99,225,23,216,196,38,154,51,211,225,224,167,30,225,0,158,109,17,199,221
Maharashtra,Rural,SS (I-X),Unrecognized,Co-Ed,6,6,6,6,1,6,6,2,5,4,4,6,6,4,0,6,3,6,4,2,4,6
Maharashtra,Urban,SS (I-X),Unrecognized,Co-Ed,43,40,27,43,4,40,34,8,28,11,36,43,42,30,7,43,23,24,18,4,35,41
Maharashtra,Urban,SS (IX-X),Unrecognized,Co-Ed,18,17,9,18,1,18,14,4,13,3,17,18,18,15,3,18,8,9,6,3,15,18
Maharashtra,Urban,SS (VI-X),Unrecognized,Co-Ed,7,6,4,7,0,6,7,1,4,1,6,7,7,3,1,7,2,4,4,0,5,6
Maharashtra,Rural,UPS (I-VIII),Unrecognized,Co-Ed,22,22,12,22,3,22,18,3,12,5,19,22,22,13,4,22,9,15,14,6,18,21
Maharashtra,Urban,UPS (I-VIII),Unrecognized,Girls,2,1,1,2,0,2,2,0,1,1,2,2,2,2,0,2,1,1,1,0,1,2
Maharashtra,Urban,UPS (I-VIII),Unrecognized,Co-Ed,160,155,79,158,15,152,143,32,102,39,146,160,157,121,23,160,62,103,73,15,130,158
Maharashtra,Urban,UPS (VI-VIII),Unrecognized,Co-Ed,1,1,0,1,1,0,1,1,0,0,1,1,1,0,0,1,0,1,1,0,1,1
Manipur,Rural,HSS (I-XII),Department of Education,Co-Ed,38,27,33,33,4,36,29,1,15,15,34,36,37,6,10,30,4,36,27,9,11,36
Manipur,Urban,HSS (I-XII),Department of Education,Girls,1,1,1,1,0,1,1,0,1,1,1,1,1,0,1,1,1,1,1,1,0,1
Manipur,Urban,HSS (I-XII),Department of Education,Co-Ed,9,9,8,9,1,8,8,0,6,3,9,8,9,1,3,8,1,9,6,0,4,9
Manipur,Rural,HSS (IX-XII),Department of Education,Co-Ed,2,2,2,2,0,2,2,1,2,0,2,2,2,0,0,2,0,2,1,0,1,2
Manipur,Urban,HSS (IX-XII),Department of Education,Co-Ed,3,3,3,3,0,3,3,0,3,1,2,3,3,0,1,3,1,2,2,0,1,3
Manipur,Rural,HSS (VI-XII),Department of Education,Girls,1,1,1,1,1,1,1,0,1,1,1,1,1,0,1,1,1,1,1,1,1,1
Manipur,Rural,HSS (VI-XII),Department of Education,Co-Ed,7,4,7,7,1,7,5,1,4,5,7,7,7,3,1,7,0,7,6,3,4,7
Manipur,Urban,HSS (VI-XII),Department of Education,Boys,1,1,1,1,0,1,1,0,1,0,1,1,1,1,0,1,0,1,1,0,1,1
Manipur,Urban,HSS (VI-XII),Department of Education,Girls,2,2,1,2,0,1,2,1,2,0,2,2,2,0,0,2,1,2,2,0,2,2
Manipur,Urban,HSS (VI-XII),Department of Education,Co-Ed,6,6,6,6,0,6,5,0,4,3,6,6,6,1,1,5,3,6,4,1,1,6
Manipur,Urban,HSS (XI-XII),Department of Education,Boys,1,1,1,1,0,1,1,0,1,1,1,1,1,1,0,1,0,1,1,0,0,1
Manipur,Urban,HSS (XI-XII),Department of Education,Co-Ed,1,1,1,1,0,1,1,1,1,0,1,1,1,1,0,1,0,1,0,0,1,1
Manipur,Rural,PS (I-V),Department of Education,Co-Ed,922,69,830,297,18,722,10,0,30,155,842,738,914,89,101,773,0,595,457,170,79,18
Manipur,Urban,PS (I-V),Department of Education,Co-Ed,85,4,59,39,2,62,0,1,3,16,79,65,84,7,7,78,0,64,51,15,14,2
Manipur,Rural,SS (I-X),Department of Education,Co-Ed,279,185,264,199,29,259,122,2,51,126,252,238,274,28,38,214,6,229,154,57,41,218
Manipur,Urban,SS (I-X),Department of Education,Girls,1,1,1,1,0,1,0,0,0,1,1,1,1,0,0,1,0,1,1,0,1,1
Manipur,Urban,SS (I-X),Department of Education,Co-Ed,40,27,32,38,2,37,24,1,18,18,39,37,40,6,4,36,3,36,33,12,8,35
Manipur,Rural,SS (VI-X),Department of Education,Girls,4,1,4,4,3,4,1,0,0,3,3,4,4,2,1,4,0,3,1,0,0,4
Manipur,Rural,SS (VI-X),Department of Education,Co-Ed,24,10,22,24,4,21,15,1,12,15,23,23,24,7,4,24,0,22,17,4,5,21
Manipur,Urban,SS (VI-X),Department of Education,Girls,4,1,4,4,2,4,0,0,1,4,4,4,4,4,1,4,0,3,1,1,1,4
Manipur,Urban,SS (VI-X),Department of Education,Co-Ed,8,5,8,7,0,7,3,0,2,2,6,8,8,1,1,7,0,8,8,2,2,6
Manipur,Rural,UPS (I-VIII),Department of Education,Co-Ed,365,41,317,254,20,300,25,1,27,117,339,305,361,42,59,307,2,291,231,69,55,123
Manipur,Urban,UPS (I-VIII),Department of Education,Co-Ed,76,14,61,52,12,60,6,0,10,30,67,67,75,19,7,72,1,63,51,12,9,44
Manipur,Rural,UPS (VI-VIII),Department of Education,Girls,3,0,3,3,0,3,0,0,2,2,3,3,3,3,2,3,0,2,2,1,1,3
Manipur,Rural,UPS (VI-VIII),Department of Education,Co-Ed,1,0,1,1,0,1,0,0,1,0,1,1,1,0,1,0,0,1,1,0,0,1
Manipur,Urban,UPS (VI-VIII),Department of Education,Co-Ed,1,1,1,1,0,1,0,0,1,1,1,1,1,1,1,1,0,1,1,0,0,1
Manipur,Rural,HSS (I-XII),Government Aided,Co-Ed,1,1,0,1,0,1,1,1,1,1,1,1,1,1,1,1,0,0,0,0,1,1
Manipur,Urban,HSS (XI-XII),Government Aided,Co-Ed,1,1,1,1,1,1,1,1,1,1,1,1,1,0,1,1,1,1,0,0,1,1
Manipur,Rural,PS (I-V),Government Aided,Boys,1,0,1,1,0,1,0,0,0,0,1,0,1,0,0,1,0,1,1,1,1,0
Manipur,Rural,PS (I-V),Government Aided,Girls,1,0,0,0,0,1,0,0,1,1,1,1,1,0,0,1,0,0,0,0,0,1
Manipur,Rural,PS (I-V),Government Aided,Co-Ed,338,41,301,61,8,283,13,0,13,47,328,196,321,23,31,279,0,83,62,63,34,5
Manipur,Urban,PS (I-V),Government Aided,Girls,1,0,1,0,0,1,0,0,0,0,1,1,1,0,0,1,0,0,0,1,0,0
Manipur,Urban,PS (I-V),Government Aided,Co-Ed,58,8,45,15,1,41,0,0,4,7,54,24,57,7,5,55,0,19,15,11,9,0
Manipur,Rural,SS (I-X),Government Aided,Girls,2,2,2,1,0,2,1,0,0,1,2,1,2,0,1,2,0,0,0,0,0,0
Manipur,Rural,SS (I-X),Government Aided,Co-Ed,24,20,23,16,2,24,7,2,12,7,23,24,24,5,4,24,2,8,4,3,4,13
Manipur,Urban,SS (I-X),Government Aided,Girls,3,1,3,0,0,2,1,0,0,1,3,2,3,1,0,3,0,1,1,1,0,0
Manipur,Urban,SS (I-X),Government Aided,Co-Ed,6,5,4,4,1,6,2,0,4,5,6,6,6,2,1,6,1,2,1,1,2,3
Manipur,Rural,SS (IX-X),Government Aided,Co-Ed,10,4,6,5,0,10,3,1,3,0,9,8,10,1,0,7,0,3,3,3,1,5
Manipur,Urban,SS (IX-X),Government Aided,Co-Ed,5,3,3,1,0,5,0,0,0,0,3,3,5,2,0,4,0,1,1,0,0,0
Manipur,Rural,SS (VI-X),Government Aided,Girls,2,2,2,2,0,2,1,0,2,1,2,2,2,1,0,2,1,0,0,0,0,0
Manipur,Rural,SS (VI-X),Government Aided,Co-Ed,24,19,22,17,0,24,8,2,16,16,22,23,24,8,6,22,2,12,10,4,2,11
Manipur,Urban,SS (VI-X),Government Aided,Girls,3,2,3,1,0,3,1,0,0,1,2,3,3,0,1,3,0,0,0,0,0,0
Manipur,Urban,SS (VI-X),Government Aided,Co-Ed,9,8,7,6,0,8,6,1,4,4,8,8,9,1,1,8,0,4,4,2,0,3
Manipur,Rural,UPS (I-VIII),Government Aided,Girls,1,0,1,1,0,1,0,0,0,1,1,1,1,1,0,1,0,0,0,1,1,0
Manipur,Rural,UPS (I-VIII),Government Aided,Co-Ed,60,24,55,26,1,51,8,0,8,22,56,49,59,5,11,45,0,17,13,13,3,4
Manipur,Urban,UPS (I-VIII),Government Aided,Girls,1,0,0,0,0,1,0,0,1,1,1,1,1,0,0,1,0,0,0,1,0,0
Manipur,Urban,UPS (I-VIII),Government Aided,Co-Ed,5,3,5,3,0,5,1,0,3,3,5,5,5,2,1,5,0,1,1,1,1,1
Manipur,Rural,UPS (VI-VIII),Government Aided,Co-Ed,22,8,20,12,0,20,3,0,6,4,21,17,21,2,3,20,0,9,4,4,3,2
Manipur,Urban,UPS (VI-VIII),Government Aided,Co-Ed,5,1,2,1,0,5,0,0,0,2,5,2,5,1,0,5,0,3,2,0,1,0
Manipur,Rural,HSS (VI-XII),Jawahar Navodaya Vidyalaya,Co-Ed,8,8,8,8,2,8,8,8,8,6,6,8,8,8,6,8,5,6,6,6,8,8
Manipur,Urban,HSS (VI-XII),Jawahar Navodaya Vidyalaya,Co-Ed,2,2,1,2,1,2,2,2,2,1,2,2,2,2,1,2,2,2,2,2,2,2
Manipur,Rural,SS (VI-X),Jawahar Navodaya Vidyalaya,Co-Ed,1,1,0,1,0,1,1,1,1,0,1,1,1,1,0,1,1,0,0,1,1,1
Manipur,Rural,HSS (I-XII),Kendriya Vidyalaya / Central School,Co-Ed,5,5,3,5,0,5,5,5,5,3,5,5,5,5,0,5,0,2,1,0,5,5
Manipur,Urban,HSS (I-XII),Kendriya Vidyalaya / Central School,Co-Ed,1,1,1,1,0,1,1,1,1,1,1,1,1,1,0,1,0,1,1,0,1,1
Manipur,Rural,SS (I-X),Kendriya Vidyalaya / Central School,Co-Ed,1,1,0,1,0,1,1,1,1,0,1,1,1,1,1,1,0,1,1,1,1,1
Manipur,Urban,SS (I-X),Kendriya Vidyalaya / Central School,Co-Ed,1,1,0,1,0,1,1,1,1,0,1,1,1,1,1,1,0,1,0,0,1,1
Manipur,Rural,UPS (I-VIII),Kendriya Vidyalaya / Central School,Co-Ed,1,1,1,1,0,1,1,1,0,0,1,1,1,0,0,1,0,1,0,0,1,1
Manipur,Rural,PS (I-V),Madarsa recognized (by Wakf board/Madarsa Board),Boys,1,1,1,1,0,1,0,0,0,0,1,1,1,0,0,1,0,0,0,0,0,1
Manipur,Rural,PS (I-V),Madarsa recognized (by Wakf board/Madarsa Board),Girls,1,0,1,1,0,1,0,0,0,0,1,1,1,0,0,1,0,0,0,0,0,1
Manipur,Rural,PS (I-V),Madarsa recognized (by Wakf board/Madarsa Board),Co-Ed,9,0,2,9,0,2,0,0,0,0,8,8,9,1,1,1,0,0,0,0,0,1
Manipur,Urban,PS (I-V),Madarsa recognized (by Wakf board/Madarsa Board),Co-Ed,3,1,2,2,0,3,0,0,2,0,3,3,3,0,0,2,0,0,0,0,1,1
Manipur,Rural,UPS (I-VIII),Madarsa recognized (by Wakf board/Madarsa Board),Boys,1,1,1,1,0,1,0,0,0,0,1,1,1,0,0,1,0,0,0,0,0,1
Manipur,Rural,UPS (I-VIII),Madarsa recognized (by Wakf board/Madarsa Board),Co-Ed,2,0,1,2,0,1,0,0,1,0,2,2,2,0,1,1,0,0,0,0,1,0
Manipur,Rural,HSS (I-XII),Other Govt. managed schools,Co-Ed,2,2,2,2,0,2,2,2,2,0,2,2,2,2,0,2,0,0,0,0,1,2
Manipur,Rural,HSS (VI-XII),Other Govt. managed schools,Co-Ed,3,3,3,3,3,3,3,1,3,2,3,3,3,3,2,3,1,0,0,3,3,3
Manipur,Urban,HSS (VI-XII),Other Govt. managed schools,Co-Ed,1,1,1,1,0,1,1,1,1,0,1,1,1,0,1,1,0,1,1,0,1,1
Manipur,Rural,SS (I-X),Other Govt. managed schools,Co-Ed,4,4,4,4,2,4,4,2,4,2,4,4,4,3,1,4,0,0,0,2,4,4
Manipur,Urban,SS (I-X),Other Govt. managed schools,Boys,1,1,1,1,0,1,1,1,1,0,1,1,1,1,0,1,0,0,0,0,1,1
Manipur,Urban,SS (I-X),Other Govt. managed schools,Co-Ed,1,1,1,1,1,1,1,1,1,0,1,1,1,1,0,1,0,0,0,0,1,1
Manipur,Rural,UPS (I-VIII),Other Govt. managed schools,Co-Ed,3,3,3,3,1,3,3,1,1,0,3,3,3,3,1,3,1,0,0,2,3,3
Manipur,Rural,HSS (I-XII),Private Unaided (Recognized),Girls,1,1,1,1,1,1,1,1,1,1,1,1,1,1,1,1,1,0,0,0,1,1
Manipur,Rural,HSS (I-XII),Private Unaided (Recognized),Co-Ed,77,77,72,76,34,77,76,68,74,49,67,76,76,56,40,74,25,17,6,15,65,77
Manipur,Urban,HSS (I-XII),Private Unaided (Recognized),Co-Ed,22,22,22,22,10,22,22,15,22,14,18,22,22,12,12,21,9,7,4,2,20,22
Manipur,Rural,HSS (IX-XII),Private Unaided (Recognized),Co-Ed,2,2,2,2,1,2,2,1,2,1,1,2,2,1,1,2,0,1,0,0,2,2
Manipur,Urban,HSS (IX-XII),Private Unaided (Recognized),Co-Ed,2,2,1,2,1,2,2,2,2,1,2,2,2,2,2,2,1,0,0,1,2,2
Manipur,Rural,HSS (VI-XII),Private Unaided (Recognized),Co-Ed,5,5,5,5,2,5,4,4,5,5,4,5,5,5,3,5,4,1,1,1,5,5
Manipur,Urban,HSS (VI-XII),Private Unaided (Recognized),Co-Ed,1,0,1,1,0,1,1,1,1,0,1,1,1,0,0,0,0,0,0,0,0,0
Manipur,Rural,HSS (XI-XII),Private Unaided (Recognized),Girls,2,2,2,2,0,2,2,2,2,2,1,2,2,2,0,2,0,0,0,1,1,2
Manipur,Rural,HSS (XI-XII),Private Unaided (Recognized),Co-Ed,39,39,36,38,10,38,38,34,39,13,34,39,39,27,17,39,14,9,7,2,35,38
Manipur,Urban,HSS (XI-XII),Private Unaided (Recognized),Girls,1,1,0,1,0,1,1,0,0,0,1,1,1,1,1,1,0,0,0,1,0,1
Manipur,Urban,HSS (XI-XII),Private Unaided (Recognized),Co-Ed,22,22,20,22,5,19,22,19,20,5,20,22,22,10,11,22,6,4,3,5,18,22
Manipur,Rural,PS (I-V),Private Unaided (Recognized),Co-Ed,39,32,30,29,8,33,13,0,19,13,35,39,37,11,13,29,0,5,5,3,11,25
Manipur,Urban,PS (I-V),Private Unaided (Recognized),Co-Ed,8,7,8,8,1,7,3,0,6,0,7,8,8,5,4,7,0,0,0,1,4,6
Manipur,Rural,SS (I-X),Private Unaided (Recognized),Girls,1,1,1,1,0,1,1,1,1,1,1,1,1,0,1,1,1,0,0,1,1,1
Manipur,Rural,SS (I-X),Private Unaided (Recognized),Co-Ed,332,328,309,326,112,325,267,105,302,164,292,332,329,140,158,303,73,57,33,52,211,323
Manipur,Urban,SS (I-X),Private Unaided (Recognized),Girls,1,1,0,1,0,0,1,1,1,0,1,1,1,1,1,1,0,0,0,0,0,1
Manipur,Urban,SS (I-X),Private Unaided (Recognized),Co-Ed,148,148,120,148,47,143,125,57,131,68,125,148,147,83,82,142,38,27,17,25,104,141
Manipur,Rural,SS (IX-X),Private Unaided (Recognized),Co-Ed,10,10,9,10,2,9,4,1,6,3,9,9,9,1,3,8,1,1,1,2,3,6
Manipur,Urban,SS (IX-X),Private Unaided (Recognized),Co-Ed,1,1,1,1,0,1,1,0,0,0,1,1,1,1,1,1,0,1,0,1,1,1
Manipur,Rural,SS (VI-X),Private Unaided (Recognized),Co-Ed,2,2,2,1,0,2,1,0,1,1,2,2,2,0,0,2,0,0,0,1,0,2
Manipur,Urban,SS (VI-X),Private Unaided (Recognized),Co-Ed,2,1,1,1,0,1,0,0,1,0,2,2,2,0,0,2,0,1,1,1,0,1
Manipur,Rural,UPS (I-VIII),Private Unaided (Recognized),Co-Ed,228,214,217,213,63,221,145,44,164,87,214,226,223,94,103,197,46,38,17,32,102,207
Manipur,Urban,UPS (I-VIII),Private Unaided (Recognized),Co-Ed,57,57,46,55,9,53,39,15,47,19,49,57,57,30,21,54,14,11,9,7,29,51
Manipur,Rural,UPS (VI-VIII),Private Unaided (Recognized),Co-Ed,7,5,7,3,0,7,3,0,2,1,7,6,7,1,0,2,1,0,0,2,2,4
Manipur,Rural,HSS (VI-XII),Sainik School,Co-Ed,1,1,1,1,0,1,1,1,1,1,1,1,1,1,0,1,0,0,0,0,1,1
Manipur,Rural,PS (I-V),Social welfare Department,Co-Ed,2,1,2,1,0,2,0,0,0,0,1,2,2,1,0,1,0,2,1,0,0,0
Manipur,Rural,SS (I-X),Social welfare Department,Co-Ed,3,1,2,3,0,2,1,0,2,1,3,3,3,0,0,3,0,2,1,0,0,3
Manipur,Rural,UPS (I-VIII),Social welfare Department,Co-Ed,1,1,1,0,0,1,0,0,0,0,1,1,1,0,0,1,0,1,0,0,0,1
Manipur,Rural,PS (I-V),Tribal Welfare Department,Co-Ed,901,128,877,194,28,777,19,0,26,156,862,656,884,48,78,675,0,493,356,112,60,9
Manipur,Rural,SS (I-X),Tribal Welfare Department,Co-Ed,1,0,1,1,0,0,0,0,0,0,0,1,1,0,0,0,0,1,0,0,0,1
Manipur,Rural,UPS (I-VIII),Tribal Welfare Department,Co-Ed,60,15,60,30,11,53,1,0,1,14,59,51,59,6,6,36,1,31,18,6,2,21
Manipur,Rural,PS (I-V),Unrecognized,Co-Ed,43,25,39,32,6,37,8,1,12,8,42,41,41,7,8,26,0,4,3,6,8,24
Manipur,Urban,PS (I-V),Unrecognized,Co-Ed,9,8,9,9,1,9,3,1,6,0,8,9,9,3,1,8,0,1,0,1,6,8
Manipur,Rural,UPS (I-VIII),Unrecognized,Co-Ed,57,54,56,51,9,56,19,3,36,21,52,57,54,23,21,41,4,8,3,10,25,50
Manipur,Urban,UPS (I-VIII),Unrecognized,Co-Ed,8,6,6,7,1,8,4,1,7,1,7,8,8,1,1,7,0,0,0,0,3,8
Manipur,Rural,UPS (VI-VIII),Unrecognized,Co-Ed,1,0,1,1,0,1,0,0,0,0,1,1,1,0,0,1,0,0,0,0,0,0
Meghalaya,Rural,HSS (I-XII),Department of Education,Co-Ed,2,2,1,1,2,2,1,0,0,1,2,2,1,0,0,2,0,0,0,1,1,2
Meghalaya,Urban,HSS (I-XII),Department of Education,Boys,1,1,1,1,1,1,0,0,0,0,1,1,1,0,0,1,0,1,1,0,1,1
Meghalaya,Urban,HSS (I-XII),Department of Education,Girls,2,2,2,2,2,2,0,0,0,0,2,2,2,2,2,2,0,2,1,0,2,2
Meghalaya,Urban,HSS (I-XII),Department of Education,Co-Ed,1,1,1,1,1,1,1,0,1,0,1,1,1,1,1,1,0,1,1,0,1,1
Meghalaya,Rural,HSS (IX-XII),Department of Education,Co-Ed,2,2,0,2,2,2,1,0,0,0,2,2,2,0,0,1,0,1,0,1,2,2
Meghalaya,Rural,HSS (VI-XII),Department of Education,Co-Ed,6,6,6,4,6,5,2,0,1,2,6,6,6,2,2,4,0,2,2,1,2,6
Meghalaya,Urban,HSS (VI-XII),Department of Education,Girls,2,2,2,1,1,1,0,0,0,0,2,2,1,1,1,2,0,0,0,0,2,2
Meghalaya,Urban,HSS (VI-XII),Department of Education,Co-Ed,6,6,6,6,2,6,3,1,1,1,6,6,4,2,4,3,1,3,3,3,4,6
Meghalaya,Rural,HSS (XI-XII),Department of Education,Co-Ed,1,1,0,1,0,0,0,0,0,0,1,0,1,1,0,1,0,0,0,0,1,1
Meghalaya,Urban,HSS (XI-XII),Department of Education,Co-Ed,4,2,1,3,1,2,1,1,1,0,4,3,2,0,1,2,0,0,0,0,3,3
Meghalaya,Rural,PS (I-V),Department of Education,Boys,1,0,1,0,0,0,0,0,0,0,1,1,0,0,0,0,0,1,1,1,0,0
Meghalaya,Rural,PS (I-V),Department of Education,Girls,2,0,1,0,0,1,1,0,0,0,2,0,1,0,0,1,0,2,1,0,0,0
Meghalaya,Rural,PS (I-V),Department of Education,Co-Ed,5219,227,3003,396,137,1761,1346,9,16,640,5133,4101,2038,115,386,1818,0,2240,1676,489,610,112
Meghalaya,Urban,PS (I-V),Department of Education,Boys,1,0,0,1,0,1,0,0,0,0,1,1,1,0,0,1,0,0,0,0,0,0
Meghalaya,Urban,PS (I-V),Department of Education,Co-Ed,205,32,88,61,6,76,29,1,6,16,203,185,104,24,20,112,0,85,68,17,35,17
Meghalaya,Rural,SS (I-X),Department of Education,Co-Ed,4,4,4,4,1,4,2,0,1,2,3,4,4,3,0,2,0,3,2,2,0,4
Meghalaya,Urban,SS (I-X),Department of Education,Co-Ed,4,3,3,3,2,2,1,0,0,0,3,4,1,1,2,1,0,2,2,2,1,4
Meghalaya,Rural,SS (IX-X),Department of Education,Co-Ed,1,1,0,1,1,1,1,0,0,0,1,1,1,0,1,1,0,0,0,0,1,1
Meghalaya,Rural,SS (VI-X),Department of Education,Co-Ed,76,36,56,38,6,42,21,0,1,6,75,70,38,8,8,32,2,41,29,22,17,49
Meghalaya,Urban,SS (VI-X),Department of Education,Co-Ed,2,1,1,1,1,0,0,0,0,0,2,1,1,0,1,1,0,0,0,0,0,2
Meghalaya,Rural,UPS (I-VIII),Department of Education,Co-Ed,5,1,3,3,0,3,0,0,0,1,5,3,4,0,1,2,0,3,3,1,1,2
Meghalaya,Urban,UPS (I-VIII),Department of Education,Co-Ed,3,2,2,3,1,1,1,0,0,0,3,2,3,1,0,2,0,1,0,0,1,3
Meghalaya,Rural,UPS (VI-VIII),Department of Education,Girls,18,3,14,8,0,8,2,0,0,6,15,15,11,2,4,10,2,6,5,6,3,12
Meghalaya,Rural,UPS (VI-VIII),Department of Education,Co-Ed,2071,220,1470,632,70,1006,620,10,34,311,2019,1708,944,80,211,831,36,1012,750,515,364,541
Meghalaya,Urban,UPS (VI-VIII),Department of Education,Girls,1,1,1,0,0,0,0,0,0,0,1,1,0,0,0,0,0,0,0,0,1,1
Meghalaya,Urban,UPS (VI-VIII),Department of Education,Co-Ed,120,33,59,67,8,59,33,3,11,21,120,112,70,19,26,75,7,44,31,24,40,77
Meghalaya,Rural,HSS (I-XII),Government Aided,Co-Ed,4,4,3,4,1,3,3,1,2,0,4,4,3,4,3,4,3,1,0,3,3,4
Meghalaya,Urban,HSS (I-XII),Government Aided,Co-Ed,2,2,0,1,0,1,1,0,1,0,2,2,2,0,1,2,1,1,1,1,2,2
Meghalaya,Rural,HSS (IX-XII),Government Aided,Girls,2,1,1,1,0,2,1,1,1,1,2,2,2,1,0,1,0,0,0,1,1,1
Meghalaya,Rural,HSS (IX-XII),Government Aided,Co-Ed,35,27,30,31,4,26,12,2,6,3,34,33,28,7,7,24,2,5,2,11,17,29
Meghalaya,Urban,HSS (IX-XII),Government Aided,Girls,1,1,0,1,0,1,1,1,1,0,1,1,1,1,1,1,1,0,0,0,1,1
Meghalaya,Urban,HSS (IX-XII),Government Aided,Co-Ed,4,4,3,4,0,3,2,2,2,2,4,4,3,1,2,3,2,1,1,0,4,4
Meghalaya,Rural,HSS (VI-XII),Government Aided,Co-Ed,10,6,7,7,1,6,5,1,2,1,10,10,6,1,2,6,1,4,2,3,6,8
Meghalaya,Urban,HSS (VI-XII),Government Aided,Boys,1,1,0,1,0,1,1,0,1,0,1,1,1,1,0,1,0,0,0,0,1,1
Meghalaya,Urban,HSS (VI-XII),Government Aided,Girls,3,2,2,3,0,3,3,1,2,0,3,3,3,2,2,3,0,2,1,1,3,3
Meghalaya,Urban,HSS (VI-XII),Government Aided,Co-Ed,9,8,4,9,0,8,6,2,6,2,8,9,8,6,5,8,0,0,0,0,6,9
Meghalaya,Rural,HSS (XI-XII),Government Aided,Girls,2,2,2,2,0,2,2,2,2,1,2,2,2,2,1,2,2,1,0,0,2,2
Meghalaya,Rural,HSS (XI-XII),Government Aided,Co-Ed,31,26,24,27,1,25,14,8,9,3,26,30,23,5,8,18,2,11,8,6,14,26
Meghalaya,Urban,HSS (XI-XII),Government Aided,Girls,5,5,2,5,0,4,3,3,4,2,5,5,5,4,3,5,1,1,1,1,4,5
Meghalaya,Urban,HSS (XI-XII),Government Aided,Co-Ed,20,17,7,18,3,16,14,11,13,1,19,20,17,13,6,17,0,4,3,1,16,17
Meghalaya,Rural,PS (I-V),Government Aided,Boys,1,1,1,1,0,1,0,0,0,1,1,1,1,0,0,1,0,0,0,0,0,1
Meghalaya,Rural,PS (I-V),Government Aided,Girls,2,1,2,1,0,1,0,0,1,0,2,2,2,0,0,2,0,0,0,0,1,1
Meghalaya,Rural,PS (I-V),Government Aided,Co-Ed,2330,218,1423,324,57,900,509,12,43,300,2259,1611,1035,98,139,745,0,337,167,205,267,133
Meghalaya,Urban,PS (I-V),Government Aided,Girls,3,3,1,3,0,2,1,0,2,0,3,3,2,2,1,2,0,1,0,0,1,2
Meghalaya,Urban,PS (I-V),Government Aided,Co-Ed,164,65,68,89,4,84,36,8,20,16,161,128,110,36,12,102,0,25,16,16,51,58
Meghalaya,Rural,SS (I-X),Government Aided,Co-Ed,3,2,1,3,0,0,1,0,0,0,3,3,3,2,1,3,0,1,1,0,0,2
Meghalaya,Urban,SS (I-X),Government Aided,Co-Ed,3,3,3,3,0,2,1,1,2,0,3,3,2,1,2,2,1,0,0,2,1,3
Meghalaya,Rural,SS (IX-X),Government Aided,Boys,1,1,1,1,0,1,1,0,1,0,1,1,1,0,0,1,0,0,0,0,0,1
Meghalaya,Rural,SS (IX-X),Government Aided,Girls,6,1,4,1,0,4,2,0,1,0,5,5,3,1,0,2,0,0,0,3,1,4
Meghalaya,Rural,SS (IX-X),Government Aided,Co-Ed,388,224,300,237,15,261,123,12,42,48,372,332,242,57,57,172,29,68,35,105,116,223
Meghalaya,Urban,SS (IX-X),Government Aided,Boys,2,2,2,2,0,2,0,0,0,0,2,2,2,2,1,2,1,0,0,0,1,2
Meghalaya,Urban,SS (IX-X),Government Aided,Girls,1,0,1,1,0,0,0,0,0,0,1,1,1,0,0,0,0,1,0,0,0,0
Meghalaya,Urban,SS (IX-X),Government Aided,Co-Ed,68,47,34,54,4,40,23,3,8,6,68,62,49,13,13,43,5,12,8,10,27,44
Meghalaya,Rural,SS (VI-X),Government Aided,Girls,3,3,3,3,0,3,2,1,2,0,3,3,3,1,0,3,2,0,0,1,1,2
Meghalaya,Rural,SS (VI-X),Government Aided,Co-Ed,81,58,62,66,4,57,30,4,14,11,81,78,58,20,16,43,6,27,10,20,29,60
Meghalaya,Urban,SS (VI-X),Government Aided,Girls,8,8,3,8,0,8,6,3,5,2,8,8,7,4,4,8,0,2,2,3,6,7
Meghalaya,Urban,SS (VI-X),Government Aided,Co-Ed,40,36,25,36,2,25,22,6,19,2,38,40,36,22,8,34,3,7,2,6,26,38
Meghalaya,Rural,UPS (I-VIII),Government Aided,Co-Ed,11,5,8,6,2,4,3,0,0,2,11,10,7,1,0,4,0,2,1,0,2,3
Meghalaya,Urban,UPS (I-VIII),Government Aided,Co-Ed,3,2,2,3,0,2,0,0,1,1,3,3,3,0,0,3,0,0,0,1,0,3
Meghalaya,Rural,UPS (VI-VIII),Government Aided,Girls,8,2,6,2,0,4,1,0,2,0,8,4,4,1,0,3,1,0,0,4,2,3
Meghalaya,Rural,UPS (VI-VIII),Government Aided,Co-Ed,831,221,578,301,26,466,118,12,34,120,813,633,469,56,76,332,30,154,82,200,145,226
Meghalaya,Urban,UPS (VI-VIII),Government Aided,Boys,1,0,0,1,0,1,0,0,0,0,1,1,1,0,0,1,0,0,0,0,0,0
Meghalaya,Urban,UPS (VI-VIII),Government Aided,Girls,2,0,0,1,0,0,0,0,0,0,2,1,1,0,0,1,0,0,0,1,0,1
Meghalaya,Urban,UPS (VI-VIII),Government Aided,Co-Ed,83,47,41,58,5,47,16,4,15,17,82,72,59,13,12,56,3,17,12,14,25,45
Meghalaya,Rural,HSS (VI-XII),Jawahar Navodaya Vidyalaya,Co-Ed,6,5,4,6,2,5,5,5,4,3,6,6,5,5,3,5,2,6,3,2,5,6
Meghalaya,Urban,HSS (VI-XII),Jawahar Navodaya Vidyalaya,Co-Ed,2,2,2,2,0,2,2,2,2,0,2,2,2,1,0,2,2,2,0,1,2,2
Meghalaya,Rural,SS (VI-X),Jawahar Navodaya Vidyalaya,Co-Ed,3,3,1,3,0,3,2,2,2,1,3,3,3,1,0,3,2,1,0,1,2,3
Meghalaya,Rural,HSS (I-XII),Kendriya Vidyalaya / Central School,Co-Ed,6,6,4,6,0,6,6,6,6,0,6,6,6,6,1,6,3,5,4,1,6,6
Meghalaya,Urban,HSS (I-XII),Kendriya Vidyalaya / Central School,Co-Ed,1,1,1,1,0,1,1,1,1,0,1,1,1,1,1,1,0,1,1,0,1,1
Meghalaya,Rural,SS (I-X),Other Govt. managed schools,Co-Ed,5,4,3,5,1,4,3,2,2,1,5,4,3,2,0,4,1,0,0,0,2,5
Meghalaya,Rural,HSS (I-XII),Private Unaided (Recognized),Co-Ed,22,20,16,22,3,21,17,6,15,7,22,22,22,15,7,20,8,6,3,3,15,18
Meghalaya,Urban,HSS (I-XII),Private Unaided (Recognized),Girls,1,1,1,1,0,1,1,1,1,0,1,1,1,1,1,1,0,0,0,0,1,1
Meghalaya,Urban,HSS (I-XII),Private Unaided (Recognized),Co-Ed,10,10,4,9,0,8,9,5,7,3,10,10,8,6,5,9,0,2,2,1,8,9
Meghalaya,Rural,HSS (IX-XII),Private Unaided (Recognized),Co-Ed,20,16,19,18,5,19,9,3,6,9,19,19,19,7,5,15,2,7,4,7,7,18
Meghalaya,Urban,HSS (IX-XII),Private Unaided (Recognized),Co-Ed,5,4,3,4,3,3,3,1,2,2,5,5,4,3,2,4,0,2,2,2,2,5
Meghalaya,Rural,HSS (VI-XII),Private Unaided (Recognized),Co-Ed,4,4,3,4,1,3,3,1,2,1,4,4,3,2,1,3,1,1,1,1,2,4
Meghalaya,Urban,HSS (VI-XII),Private Unaided (Recognized),Co-Ed,1,1,1,1,0,1,1,0,0,1,1,1,1,1,0,1,0,1,1,0,1,1
Meghalaya,Rural,HSS (XI-XII),Private Unaided (Recognized),Co-Ed,74,58,55,56,10,53,32,17,19,9,69,64,52,18,16,41,10,19,9,13,36,56
Meghalaya,Urban,HSS (XI-XII),Private Unaided (Recognized),Girls,3,3,3,3,1,3,3,2,3,0,3,3,3,2,1,3,0,0,0,0,3,3
Meghalaya,Urban,HSS (XI-XII),Private Unaided (Recognized),Co-Ed,36,33,23,35,3,27,26,16,23,3,35,34,32,19,8,30,3,8,2,3,30,32
Meghalaya,Rural,PS (I-V),Private Unaided (Recognized),Co-Ed,983,146,558,148,24,302,38,5,20,37,892,532,316,29,45,188,0,57,31,64,136,96
Meghalaya,Urban,PS (I-V),Private Unaided (Recognized),Boys,1,1,1,1,0,1,1,0,1,0,1,1,1,1,1,1,0,0,0,0,0,1
Meghalaya,Urban,PS (I-V),Private Unaided (Recognized),Girls,2,2,2,2,0,2,1,0,1,1,2,2,2,0,1,2,0,0,0,0,2,2
Meghalaya,Urban,PS (I-V),Private Unaided (Recognized),Co-Ed,65,30,27,40,5,32,15,3,9,6,62,58,33,10,13,34,0,8,5,6,21,33
Meghalaya,Rural,SS (I-X),Private Unaided (Recognized),Co-Ed,83,59,60,58,4,53,23,4,18,10,81,77,63,23,10,49,8,4,1,13,26,58
Meghalaya,Urban,SS (I-X),Private Unaided (Recognized),Boys,1,1,1,1,0,1,1,1,1,0,1,1,1,1,0,1,0,0,0,0,1,1
Meghalaya,Urban,SS (I-X),Private Unaided (Recognized),Co-Ed,39,32,22,33,4,28,20,3,18,7,39,38,35,20,10,28,7,6,4,5,23,31
Meghalaya,Rural,SS (IX-X),Private Unaided (Recognized),Girls,2,0,1,1,0,1,0,0,0,0,1,2,0,0,0,1,1,0,0,1,1,0
Meghalaya,Rural,SS (IX-X),Private Unaided (Recognized),Co-Ed,397,131,298,174,16,241,84,7,32,40,382,268,208,33,52,142,20,69,46,82,90,145
Meghalaya,Urban,SS (IX-X),Private Unaided (Recognized),Girls,2,2,0,2,0,2,1,0,0,0,2,2,2,0,0,1,0,0,0,0,1,2
Meghalaya,Urban,SS (IX-X),Private Unaided (Recognized),Co-Ed,53,26,32,37,3,33,13,2,10,9,50,44,36,9,8,29,2,11,5,9,17,28
Meghalaya,Rural,SS (VI-X),Private Unaided (Recognized),Co-Ed,16,5,8,10,0,6,6,2,0,1,15,13,9,2,0,8,0,3,1,1,3,11
Meghalaya,Urban,SS (VI-X),Private Unaided (Recognized),Co-Ed,10,6,5,8,1,7,2,0,2,0,10,9,6,2,1,6,2,2,2,4,5,9
Meghalaya,Rural,UPS (I-VIII),Private Unaided (Recognized),Boys,1,1,1,1,0,1,0,0,0,0,1,1,1,0,0,0,0,0,0,0,0,0
Meghalaya,Rural,UPS (I-VIII),Private Unaided (Recognized),Co-Ed,150,70,96,64,4,82,21,8,11,11,144,121,76,16,16,61,9,10,8,9,27,63
Meghalaya,Urban,UPS (I-VIII),Private Unaided (Recognized),Co-Ed,14,9,7,12,0,9,3,1,3,1,14,12,9,4,2,10,1,0,0,1,5,7
Meghalaya,Rural,UPS (VI-VIII),Private Unaided (Recognized),Boys,2,2,2,2,0,2,0,0,1,0,2,2,2,1,0,2,0,0,0,0,2,2
Meghalaya,Rural,UPS (VI-VIII),Private Unaided (Recognized),Girls,4,2,1,2,1,2,2,2,2,1,3,2,2,1,1,1,1,0,0,0,2,3
Meghalaya,Rural,UPS (VI-VIII),Private Unaided (Recognized),Co-Ed,109,30,61,29,4,37,16,5,10,8,98,68,44,4,12,26,4,9,5,10,18,24
Meghalaya,Urban,UPS (VI-VIII),Private Unaided (Recognized),Co-Ed,10,6,8,7,0,8,2,1,1,3,8,8,8,3,1,5,0,4,2,2,3,5
Meghalaya,Rural,HSS (I-XII),Unrecognized,Co-Ed,4,4,4,4,1,3,3,1,3,0,4,4,3,1,2,4,0,1,1,0,3,4
Meghalaya,Rural,HSS (VI-XII),Unrecognized,Co-Ed,1,1,1,1,0,1,1,0,1,0,1,1,1,1,1,1,0,1,1,0,1,1
Meghalaya,Rural,HSS (XI-XII),Unrecognized,Co-Ed,29,20,25,26,5,25,11,3,7,8,28,22,22,11,7,20,2,7,3,1,16,22
Meghalaya,Urban,HSS (XI-XII),Unrecognized,Co-Ed,5,4,4,5,0,4,4,1,3,1,5,5,5,3,1,5,2,0,0,1,2,5
Meghalaya,Rural,PS (I-V),Unrecognized,Co-Ed,238,47,189,75,10,150,17,3,12,14,229,148,95,8,20,68,0,17,9,3,25,31
Meghalaya,Urban,PS (I-V),Unrecognized,Co-Ed,6,3,3,5,0,4,2,1,1,1,6,5,4,1,0,5,0,0,0,0,2,3
Meghalaya,Rural,SS (I-X),Unrecognized,Co-Ed,21,16,18,14,2,18,6,1,4,4,21,19,14,5,4,12,3,1,1,0,3,14
Meghalaya,Urban,SS (I-X),Unrecognized,Co-Ed,2,1,1,2,0,2,0,0,0,0,2,2,2,1,1,2,0,0,0,0,1,1
Meghalaya,Rural,SS (IX-X),Unrecognized,Co-Ed,121,40,97,62,2,94,17,0,9,17,118,56,57,12,21,57,4,23,11,10,10,42
Meghalaya,Urban,SS (IX-X),Unrecognized,Co-Ed,7,5,1,7,0,5,0,0,2,1,7,6,6,2,1,6,1,1,0,0,2,5
Meghalaya,Rural,SS (VI-X),Unrecognized,Co-Ed,8,4,7,4,0,5,2,0,2,1,8,8,3,1,3,5,0,0,0,0,1,3
Meghalaya,Urban,SS (VI-X),Unrecognized,Co-Ed,1,0,1,0,0,1,0,0,0,0,1,1,1,0,0,1,0,0,0,0,0,1
Meghalaya,Rural,UPS (I-VIII),Unrecognized,Co-Ed,40,22,29,18,5,26,3,0,3,2,40,31,22,4,6,20,3,1,0,2,8,14
Meghalaya,Urban,UPS (I-VIII),Unrecognized,Co-Ed,2,0,0,2,0,1,0,0,0,0,2,1,1,0,0,0,0,1,0,0,0,0
Meghalaya,Rural,UPS (VI-VIII),Unrecognized,Co-Ed,39,8,30,9,2,23,1,0,0,3,38,18,17,1,2,13,0,4,0,3,5,11
Meghalaya,Urban,UPS (VI-VIII),Unrecognized,Co-Ed,1,1,1,0,0,1,0,0,0,0,1,1,1,1,0,1,0,0,0,0,0,0
Mizoram,Urban,HSS (I-XII),Department of Education,Co-Ed,1,1,1,1,0,1,1,0,0,1,1,1,1,1,1,1,1,1,0,0,1,1
Mizoram,Rural,HSS (XI-XII),Department of Education,Co-Ed,13,6,11,12,0,12,11,0,2,1,13,11,12,5,4,6,3,2,0,2,2,8
Mizoram,Urban,HSS (XI-XII),Department of Education,Co-Ed,21,20,20,21,0,13,18,0,12,1,21,19,20,7,6,10,4,5,2,5,6,17
Mizoram,Rural,PS (I-V),Department of Education,Co-Ed,706,26,670,451,10,613,692,0,43,369,696,619,659,238,404,601,0,430,189,246,36,144
Mizoram,Urban,PS (I-V),Department of Education,Co-Ed,284,28,226,268,1,222,283,0,26,137,283,274,280,126,91,243,0,224,91,68,10,88
Mizoram,Rural,SS (IX-X),Department of Education,Co-Ed,210,165,201,198,0,181,205,0,100,17,210,197,187,39,90,113,70,157,57,54,13,159
Mizoram,Urban,SS (IX-X),Department of Education,Girls,1,1,1,1,0,1,1,0,1,0,1,1,1,1,0,1,0,1,0,1,0,1
Mizoram,Urban,SS (IX-X),Department of Education,Co-Ed,82,69,75,82,3,74,82,0,71,2,82,78,80,23,25,53,27,71,15,14,10,75
Mizoram,Rural,UPS (VI-VIII),Department of Education,Girls,1,1,1,0,0,1,1,0,0,1,1,1,1,1,1,1,0,0,0,1,0,0
Mizoram,Rural,UPS (VI-VIII),Department of Education,Co-Ed,634,203,603,456,3,548,626,0,63,394,628,560,561,188,349,537,178,383,189,216,38,341
Mizoram,Urban,UPS (VI-VIII),Department of Education,Boys,1,0,1,1,0,1,1,0,0,1,1,1,1,0,1,1,0,1,0,1,1,1
Mizoram,Urban,UPS (VI-VIII),Department of Education,Co-Ed,217,138,189,208,2,177,216,0,39,101,216,208,216,102,95,194,59,177,75,69,13,182
Mizoram,Rural,HSS (XI-XII),Government Aided,Co-Ed,5,3,5,5,0,4,3,0,3,0,5,5,5,0,2,2,0,0,0,1,0,5
Mizoram,Urban,HSS (XI-XII),Government Aided,Co-Ed,14,13,13,14,2,11,6,0,11,1,14,14,14,4,5,7,1,2,1,2,5,14
Mizoram,Rural,SS (IX-X),Government Aided,Co-Ed,87,50,84,82,1,78,54,0,18,0,87,83,83,10,32,30,1,6,1,21,6,72
Mizoram,Urban,SS (IX-X),Government Aided,Girls,1,1,1,1,0,1,0,0,1,1,1,1,1,1,0,0,0,0,0,0,1,1
Mizoram,Urban,SS (IX-X),Government Aided,Co-Ed,49,31,41,49,3,38,30,2,27,1,49,47,48,10,10,18,3,6,1,11,9,46
Mizoram,Rural,UPS (VI-VIII),Government Aided,Co-Ed,42,8,40,37,1,37,41,0,7,21,42,37,41,12,23,32,5,18,5,13,3,24
Mizoram,Urban,UPS (VI-VIII),Government Aided,Girls,1,0,1,1,0,1,1,0,1,0,1,1,1,1,0,1,0,1,0,1,1,1
Mizoram,Urban,UPS (VI-VIII),Government Aided,Co-Ed,31,20,27,31,1,27,31,0,17,8,31,31,31,18,21,27,0,24,7,6,6,25
Mizoram,Rural,HSS (VI-XII),Jawahar Navodaya Vidyalaya,Co-Ed,2,2,2,2,0,2,2,1,2,1,2,2,2,1,1,2,0,1,1,2,1,2
Mizoram,Urban,HSS (VI-XII),Jawahar Navodaya Vidyalaya,Co-Ed,2,2,2,2,0,2,2,2,2,1,2,2,2,1,2,2,2,1,1,2,2,2
Mizoram,Rural,SS (VI-X),Jawahar Navodaya Vidyalaya,Co-Ed,1,1,1,1,0,1,1,1,1,0,1,1,1,1,1,1,0,1,1,1,1,1
Mizoram,Urban,SS (VI-X),Jawahar Navodaya Vidyalaya,Co-Ed,2,2,2,2,0,2,2,0,2,0,2,2,2,2,1,2,1,1,1,0,2,2
Mizoram,Urban,HSS (I-XII),Kendriya Vidyalaya / Central School,Co-Ed,2,2,1,2,1,1,2,2,2,1,2,2,2,2,2,2,1,2,2,0,2,2
Mizoram,Urban,SS (I-X),Kendriya Vidyalaya / Central School,Co-Ed,2,1,2,2,1,2,2,2,1,0,2,2,2,2,1,2,0,2,2,1,1,2
Mizoram,Rural,PS (I-V),Local body,Co-Ed,271,39,253,123,3,187,265,0,1,129,268,232,146,25,95,154,0,47,32,75,11,14
Mizoram,Urban,PS (I-V),Local body,Co-Ed,16,3,5,15,0,7,16,0,1,8,16,16,16,1,1,3,0,6,4,15,0,5
Mizoram,Rural,UPS (I-VIII),Local body,Co-Ed,1,1,1,1,0,1,1,0,0,0,1,1,1,0,0,1,0,1,1,0,0,1
Mizoram,Rural,UPS (VI-VIII),Local body,Co-Ed,79,41,76,54,0,66,77,0,3,50,79,72,53,15,29,47,2,22,14,18,0,44
Mizoram,Urban,UPS (VI-VIII),Local body,Co-Ed,7,6,3,7,1,6,7,0,1,3,7,7,7,2,2,4,0,4,2,6,0,7
Mizoram,Rural,HSS (XI-XII),Private Unaided (Recognized),Co-Ed,57,38,44,49,0,41,17,0,15,4,57,55,51,9,24,29,3,6,3,6,1,45
Mizoram,Urban,HSS (XI-XII),Private Unaided (Recognized),Co-Ed,74,55,35,74,7,39,39,0,47,7,72,74,73,22,15,39,5,3,1,6,9,60
Mizoram,Rural,PS (I-V),Private Unaided (Recognized),Co-Ed,125,36,103,71,1,89,59,0,9,22,122,105,102,45,71,91,0,26,7,23,10,51
Mizoram,Urban,PS (I-V),Private Unaided (Recognized),Girls,1,0,1,1,0,1,1,0,1,0,1,1,1,1,0,0,0,0,0,0,1,1
Mizoram,Urban,PS (I-V),Private Unaided (Recognized),Co-Ed,62,52,45,62,4,47,41,1,25,13,62,62,61,36,29,51,0,11,6,7,11,46
Mizoram,Rural,SS (I-X),Private Unaided (Recognized),Co-Ed,5,4,5,5,0,5,4,0,2,0,5,5,5,2,2,2,0,1,1,0,0,5
Mizoram,Urban,SS (I-X),Private Unaided (Recognized),Co-Ed,6,3,6,6,0,6,2,0,1,1,6,6,6,1,0,6,1,1,0,0,1,6
Mizoram,Rural,SS (IX-X),Private Unaided (Recognized),Co-Ed,92,53,73,82,1,65,33,1,21,7,92,88,81,23,26,48,2,9,6,6,5,63
Mizoram,Urban,SS (IX-X),Private Unaided (Recognized),Co-Ed,133,105,77,132,8,83,66,4,83,19,131,131,128,35,27,84,9,10,4,12,24,117
Mizoram,Urban,SS (VI-X),Private Unaided (Recognized),Co-Ed,1,1,1,1,0,1,0,0,1,0,1,1,1,1,0,1,0,0,0,0,0,1
Mizoram,Rural,UPS (I-VIII),Private Unaided (Recognized),Co-Ed,232,100,191,182,1,193,100,1,31,17,228,224,213,78,97,153,11,18,5,23,9,140
Mizoram,Urban,UPS (I-VIII),Private Unaided (Recognized),Co-Ed,180,143,110,178,8,126,101,1,77,22,178,178,178,100,79,129,17,24,7,13,34,151
Mizoram,Rural,UPS (VI-VIII),Private Unaided (Recognized),Co-Ed,40,18,36,34,1,37,29,0,6,11,40,40,40,18,32,34,4,9,2,11,4,31
Mizoram,Urban,UPS (VI-VIII),Private Unaided (Recognized),Co-Ed,26,22,21,26,1,25,18,1,12,7,26,26,26,16,14,22,3,5,2,6,5,22
Mizoram,Rural,UPS (VI-VIII),Sainik School,Co-Ed,1,1,1,1,0,1,1,0,1,0,1,1,1,1,0,1,1,0,0,0,1,1
Mizoram,Urban,HSS (VI-XII),Tribal Welfare Department,Co-Ed,2,2,2,2,0,2,2,1,1,1,2,2,2,2,1,2,0,0,0,1,2,2
Mizoram,Rural,SS (VI-X),Tribal Welfare Department,Co-Ed,4,4,4,3,1,4,4,0,0,2,4,4,2,2,3,4,3,3,2,2,0,4
Mizoram,Rural,HSS (XI-XII),Unrecognized,Co-Ed,2,1,2,2,0,2,2,1,1,0,2,2,2,2,1,2,0,1,0,0,1,2
Mizoram,Urban,HSS (XI-XII),Unrecognized,Co-Ed,10,8,5,10,2,7,4,0,6,2,10,9,10,5,1,7,1,1,1,0,2,9
Mizoram,Rural,PS (I-V),Unrecognized,Co-Ed,10,1,4,6,1,6,3,0,0,1,9,9,9,4,4,4,0,2,0,0,0,2
Mizoram,Urban,PS (I-V),Unrecognized,Co-Ed,6,4,5,6,0,4,2,1,2,2,6,6,6,3,2,4,0,1,0,0,2,3
Mizoram,Rural,SS (IX-X),Unrecognized,Co-Ed,13,4,11,11,0,12,3,0,3,1,13,11,11,4,8,6,0,0,0,1,1,8
Mizoram,Urban,SS (IX-X),Unrecognized,Co-Ed,17,12,10,17,0,8,5,0,7,2,16,16,17,4,1,10,1,0,0,1,1,15
Mizoram,Rural,UPS (I-VIII),Unrecognized,Co-Ed,12,1,11,10,0,11,8,0,0,0,12,11,11,7,7,9,0,3,0,0,0,8
Mizoram,Urban,UPS (I-VIII),Unrecognized,Co-Ed,13,8,4,12,1,10,6,0,5,0,13,12,13,5,5,8,1,0,0,1,2,11
Mizoram,Rural,UPS (VI-VIII),Unrecognized,Co-Ed,1,1,1,1,0,1,0,0,0,0,1,1,1,1,1,1,0,1,1,0,0,1
Nagaland,Rural,HSS (I-XII),Department of Education,Co-Ed,3,3,3,2,1,2,2,0,1,3,3,3,1,0,1,2,0,1,1,1,0,3
Nagaland,Urban,HSS (I-XII),Department of Education,Co-Ed,3,2,3,3,0,2,3,1,3,0,3,3,1,0,2,0,0,2,1,0,2,3
Nagaland,Rural,HSS (IX-XII),Department of Education,Co-Ed,1,1,1,1,0,1,1,0,1,1,1,1,0,0,0,1,0,0,0,0,1,1
Nagaland,Rural,HSS (VI-XII),Department of Education,Co-Ed,15,14,13,15,4,13,11,0,10,7,15,9,12,1,4,12,1,5,4,1,9,15
Nagaland,Urban,HSS (VI-XII),Department of Education,Co-Ed,22,22,21,21,7,17,19,2,4,10,22,20,13,3,13,15,1,15,9,2,14,22
Nagaland,Rural,PS (I-V),Department of Education,Co-Ed,952,122,827,364,41,608,693,3,21,366,940,681,460,56,212,445,0,391,154,51,383,140
Nagaland,Urban,PS (I-V),Department of Education,Co-Ed,80,13,63,39,5,42,67,0,3,26,80,67,51,12,30,53,0,29,12,6,36,17
Nagaland,Rural,SS (I-X),Department of Education,Co-Ed,123,104,119,105,28,97,113,0,18,71,122,90,74,12,43,71,2,55,32,19,51,116
Nagaland,Urban,SS (I-X),Department of Education,Co-Ed,15,9,12,15,1,10,14,0,3,6,15,13,9,2,6,9,0,8,6,4,10,14
Nagaland,Rural,SS (IX-X),Department of Education,Co-Ed,3,3,3,3,1,3,3,0,0,3,3,3,3,0,0,2,0,0,0,1,1,3
Nagaland,Rural,SS (VI-X),Department of Education,Co-Ed,101,91,98,82,25,82,82,0,18,61,101,72,63,10,36,56,1,42,18,11,52,94
Nagaland,Urban,SS (VI-X),Department of Education,Co-Ed,5,5,4,5,1,4,5,0,2,1,5,4,5,0,3,4,0,3,3,0,3,4
Nagaland,Rural,UPS (I-VIII),Department of Education,Co-Ed,509,213,465,374,144,380,408,4,12,216,503,385,272,38,151,296,11,302,136,32,214,347
Nagaland,Urban,UPS (I-VIII),Department of Education,Co-Ed,85,44,55,69,11,43,77,0,8,27,85,69,58,15,31,57,6,36,14,6,43,74
Nagaland,Rural,UPS (VI-VIII),Department of Education,Co-Ed,21,13,19,13,2,14,16,0,0,12,21,13,7,0,4,14,0,8,2,3,11,19
Nagaland,Urban,UPS (VI-VIII),Department of Education,Co-Ed,1,1,0,1,0,1,1,0,0,1,1,1,1,0,0,1,0,0,0,0,0,1
Nagaland,Rural,HSS (VI-XII),Jawahar Navodaya Vidyalaya,Co-Ed,7,7,7,7,0,7,7,7,7,3,7,7,7,5,5,7,5,7,7,5,6,7
Nagaland,Rural,SS (VI-X),Jawahar Navodaya Vidyalaya,Co-Ed,3,3,3,3,0,3,3,3,3,2,3,3,2,2,1,3,1,1,1,1,3,3
Nagaland,Urban,SS (VI-X),Jawahar Navodaya Vidyalaya,Co-Ed,1,1,1,1,1,0,1,0,1,1,1,1,1,1,0,1,0,1,0,1,1,1
Nagaland,Rural,HSS (I-XII),Kendriya Vidyalaya / Central School,Co-Ed,2,2,1,2,0,1,2,2,1,0,2,2,2,2,1,2,1,2,0,0,2,2
Nagaland,Urban,HSS (I-XII),Kendriya Vidyalaya / Central School,Co-Ed,2,2,2,2,0,2,2,2,2,0,2,2,2,2,0,2,2,2,0,2,2,2
Nagaland,Urban,SS (I-X),Kendriya Vidyalaya / Central School,Co-Ed,1,1,0,1,0,1,1,1,1,1,1,1,1,1,0,1,1,1,0,0,1,1
Nagaland,Rural,UPS (I-VIII),Kendriya Vidyalaya / Central School,Co-Ed,1,1,1,1,0,1,1,1,1,0,1,1,1,1,0,1,0,0,0,0,1,1
Nagaland,Rural,HSS (I-XII),Private Unaided (Recognized),Co-Ed,38,36,36,38,7,38,30,15,32,19,37,38,37,26,20,33,10,6,2,7,30,38
Nagaland,Urban,HSS (I-XII),Private Unaided (Recognized),Girls,2,2,2,2,1,2,2,2,2,2,2,2,2,2,2,2,2,0,0,0,2,2
Nagaland,Urban,HSS (I-XII),Private Unaided (Recognized),Co-Ed,87,86,73,85,16,77,73,34,72,28,87,87,74,59,51,82,27,19,12,5,78,87
Nagaland,Urban,HSS (VI-XII),Private Unaided (Recognized),Co-Ed,2,2,1,2,0,1,2,1,1,0,1,2,1,0,0,0,0,1,1,0,1,1
Nagaland,Rural,HSS (XI-XII),Private Unaided (Recognized),Co-Ed,4,4,4,4,0,3,4,4,4,2,4,4,3,1,2,3,0,1,1,0,4,4
Nagaland,Urban,HSS (XI-XII),Private Unaided (Recognized),Girls,1,1,1,1,0,1,1,1,1,0,1,1,0,0,0,1,1,0,0,0,1,1
Nagaland,Urban,HSS (XI-XII),Private Unaided (Recognized),Co-Ed,8,8,7,8,1,3,7,6,7,2,8,8,8,8,4,8,2,2,2,1,7,8
Nagaland,Rural,PS (I-V),Private Unaided (Recognized),Co-Ed,106,79,91,82,3,75,29,4,26,36,106,93,65,23,25,63,0,11,6,8,58,61
Nagaland,Urban,PS (I-V),Private Unaided (Recognized),Co-Ed,18,18,16,18,1,17,13,2,9,5,18,18,16,13,5,17,0,3,0,0,12,16
Nagaland,Rural,SS (I-X),Private Unaided (Recognized),Co-Ed,155,151,142,148,10,142,103,25,103,68,154,154,132,58,61,124,17,29,11,25,121,152
Nagaland,Urban,SS (I-X),Private Unaided (Recognized),Co-Ed,165,160,142,162,6,141,109,26,125,42,165,165,137,86,62,140,24,25,6,12,124,160
Nagaland,Urban,SS (VI-X),Private Unaided (Recognized),Co-Ed,1,0,0,1,0,0,0,0,0,1,1,1,1,0,0,1,0,0,0,0,1,1
Nagaland,Rural,UPS (I-VIII),Private Unaided (Recognized),Co-Ed,134,112,122,105,7,110,42,3,50,36,134,119,89,32,37,81,10,13,2,11,71,102
Nagaland,Urban,UPS (I-VIII),Private Unaided (Recognized),Co-Ed,36,34,30,34,2,33,15,3,23,12,36,35,30,18,12,31,7,8,3,1,22,31
Nagaland,Rural,HSS (VI-XII),Sainik School,Co-Ed,1,1,1,1,1,1,1,1,1,0,1,1,1,1,0,1,1,0,0,0,1,1
Nagaland,Rural,SS (VI-X),Tribal Welfare Department,Co-Ed,2,2,2,2,0,2,1,1,1,1,2,2,2,1,0,1,0,0,0,1,2,2
Nagaland,Urban,SS (VI-X),Tribal Welfare Department,Co-Ed,1,1,0,1,0,1,1,0,1,1,1,1,1,1,1,1,0,0,0,1,1,1
Nagaland,Rural,PS (I-V),Unrecognized,Co-Ed,1,1,1,1,0,1,1,1,1,0,1,1,1,1,0,1,0,0,0,1,1,1
Odisha,Rural,HSS (VI-XII),Department of Education,Co-Ed,219,216,194,210,26,175,184,9,155,84,207,215,213,167,14,215,38,206,190,97,112,207
Odisha,Urban,HSS (VI-XII),Department of Education,Co-Ed,20,20,18,19,2,13,15,1,11,8,20,20,20,13,4,19,6,19,17,7,4,20
Odisha,Rural,HSS (XI-XII),Department of Education,Girls,1,1,1,1,0,1,1,0,0,0,1,1,1,1,1,1,0,1,1,0,1,1
Odisha,Rural,HSS (XI-XII),Department of Education,Co-Ed,149,117,90,111,7,87,88,37,56,11,121,106,133,72,5,97,25,26,20,17,78,113
Odisha,Urban,HSS (XI-XII),Department of Education,Girls,16,15,11,15,0,15,16,7,13,1,15,15,15,11,5,16,2,8,7,1,13,14
Odisha,Urban,HSS (XI-XII),Department of Education,Co-Ed,91,75,49,83,2,52,53,24,35,1,67,78,79,51,6,63,15,26,22,1,52,71
Odisha,Rural,PS (I-V),Department of Education,Boys,3,2,3,2,0,2,3,0,2,3,1,3,3,1,0,3,0,3,3,0,0,0
Odisha,Rural,PS (I-V),Department of Education,Girls,5,2,1,4,0,3,4,0,2,3,2,5,5,1,0,5,0,5,5,2,0,0
Odisha,Rural,PS (I-V),Department of Education,Co-Ed,25580,8868,17602,16682,714,12659,24110,511,8608,12523,4233,24374,24539,6340,406,24619,0,21411,18456,8106,1088,310
Odisha,Urban,PS (I-V),Department of Education,Boys,2,1,2,2,0,1,2,0,1,2,0,2,2,1,0,2,0,2,1,2,0,0
Odisha,Urban,PS (I-V),Department of Education,Girls,1,1,1,1,0,1,1,0,0,0,0,1,1,0,0,1,0,1,1,0,0,0
Odisha,Urban,PS (I-V),Department of Education,Co-Ed,1089,484,554,825,10,523,1028,14,295,422,272,1059,1056,311,73,1058,0,897,784,302,39,25
Odisha,Rural,SS (I-X),Department of Education,Boys,1,0,0,1,0,1,1,0,1,1,1,1,1,0,0,1,0,1,1,0,0,1
Odisha,Rural,SS (I-X),Department of Education,Girls,2,1,2,2,0,1,2,0,2,2,2,2,2,0,0,1,1,2,2,1,0,2
Odisha,Rural,SS (I-X),Department of Education,Co-Ed,2675,1802,2167,2517,174,2088,2613,38,2013,1614,2313,2652,2646,1303,185,2654,332,2421,2089,1524,570,2089
Odisha,Urban,SS (I-X),Department of Education,Boys,1,1,1,1,0,1,1,0,1,1,1,1,1,1,0,1,1,1,1,0,1,1
Odisha,Urban,SS (I-X),Department of Education,Girls,11,8,10,10,0,8,11,0,11,5,11,11,11,8,3,11,3,10,10,5,6,11
Odisha,Urban,SS (I-X),Department of Education,Co-Ed,251,225,180,249,13,201,245,3,207,137,239,250,249,186,55,248,44,239,203,123,113,243
Odisha,Rural,SS (IX-X),Department of Education,Boys,12,10,12,12,0,12,12,0,10,0,11,12,12,8,1,11,0,7,2,7,4,12
Odisha,Rural,SS (IX-X),Department of Education,Girls,47,32,37,46,0,43,45,0,39,12,42,45,47,33,1,45,7,33,27,33,12,47
Odisha,Rural,SS (IX-X),Department of Education,Co-Ed,815,577,738,803,30,763,802,19,727,182,785,801,803,436,60,796,104,572,467,492,226,780
Odisha,Urban,SS (IX-X),Department of Education,Boys,6,5,5,6,0,5,6,0,5,0,6,6,6,5,0,6,0,5,4,3,4,6
Odisha,Urban,SS (IX-X),Department of Education,Girls,14,13,7,14,1,13,14,0,14,5,13,14,14,13,3,14,3,11,9,6,8,14
Odisha,Urban,SS (IX-X),Department of Education,Co-Ed,48,43,37,48,0,41,47,3,42,14,46,48,47,32,7,45,6,42,36,25,24,45
Odisha,Rural,SS (VI-X),Department of Education,Boys,3,3,3,3,0,3,3,0,3,2,2,3,3,0,0,3,0,3,1,2,1,3
Odisha,Rural,SS (VI-X),Department of Education,Girls,41,32,37,40,2,33,37,1,35,30,39,40,41,30,9,41,4,32,28,23,13,39
Odisha,Rural,SS (VI-X),Department of Education,Co-Ed,761,565,700,746,34,695,743,12,668,490,719,748,758,424,56,757,101,652,558,453,233,732
Odisha,Urban,SS (VI-X),Department of Education,Boys,18,18,17,18,0,15,18,0,16,12,17,18,18,13,4,18,0,16,12,10,13,18
Odisha,Urban,SS (VI-X),Department of Education,Girls,40,35,29,40,2,30,40,2,35,25,40,40,39,31,7,39,8,37,31,24,23,39
Odisha,Urban,SS (VI-X),Department of Education,Co-Ed,108,93,87,107,4,97,105,1,102,51,100,106,107,71,20,107,17,98,85,46,65,105
Odisha,Rural,UPS (I-VIII),Department of Education,Boys,3,3,2,3,0,1,3,0,3,1,2,3,3,0,0,3,0,2,2,0,0,1
Odisha,Rural,UPS (I-VIII),Department of Education,Girls,3,2,2,2,0,1,3,0,1,2,2,3,3,1,0,3,0,2,1,0,1,1
Odisha,Rural,UPS (I-VIII),Department of Education,Co-Ed,13559,5693,9917,11129,612,7989,13041,239,6703,8004,5904,13241,13277,3917,359,13359,1155,12562,11104,5394,743,2469
Odisha,Urban,UPS (I-VIII),Department of Education,Boys,2,0,1,2,0,1,2,0,2,1,0,2,2,0,0,2,0,2,2,1,0,0
Odisha,Urban,UPS (I-VIII),Department of Education,Co-Ed,739,454,438,671,13,409,713,11,296,359,412,728,726,289,88,730,73,683,599,247,40,288
Odisha,Rural,UPS (VI-VIII),Department of Education,Girls,6,1,4,4,0,5,5,0,2,2,5,6,6,1,0,6,0,5,5,2,0,0
Odisha,Rural,UPS (VI-VIII),Department of Education,Co-Ed,814,308,679,662,18,614,780,12,499,489,503,794,801,234,10,803,69,722,633,307,52,149
Odisha,Urban,UPS (VI-VIII),Department of Education,Girls,1,1,1,1,0,1,1,0,1,1,1,1,1,0,0,1,1,1,1,0,0,0
Odisha,Urban,UPS (VI-VIII),Department of Education,Co-Ed,22,12,11,20,0,14,22,0,9,9,19,22,22,13,1,22,2,20,17,6,3,5
Odisha,Rural,HSS (VI-XII),Government Aided,Co-Ed,1,0,1,0,0,1,1,0,1,1,1,1,1,0,0,1,0,0,0,0,0,0
Odisha,Rural,HSS (XI-XII),Government Aided,Girls,23,23,21,23,0,23,22,21,21,4,21,23,23,14,0,22,2,7,4,4,20,23
Odisha,Rural,HSS (XI-XII),Government Aided,Co-Ed,468,451,423,454,26,436,454,377,435,49,421,460,450,298,31,441,98,154,111,64,382,438
Odisha,Urban,HSS (XI-XII),Government Aided,Girls,46,46,37,46,2,40,45,40,46,9,44,46,46,39,12,44,9,19,13,4,46,46
Odisha,Urban,HSS (XI-XII),Government Aided,Co-Ed,110,108,87,104,10,97,107,88,101,8,94,108,103,84,26,104,39,43,38,9,99,107
Odisha,Rural,PS (I-V),Government Aided,Co-Ed,249,50,202,110,1,158,174,2,55,93,31,183,237,46,3,227,0,124,109,77,16,8
Odisha,Urban,PS (I-V),Government Aided,Boys,2,0,0,2,0,1,1,0,1,1,2,2,2,0,0,2,0,2,2,1,0,0
Odisha,Urban,PS (I-V),Government Aided,Girls,2,1,0,2,1,1,2,0,1,2,2,2,2,0,0,2,0,1,1,1,0,0
Odisha,Urban,PS (I-V),Government Aided,Co-Ed,40,17,25,33,0,27,23,1,14,12,15,38,39,7,1,38,0,17,15,12,5,7
Odisha,Rural,SS (I-X),Government Aided,Girls,1,1,1,1,0,0,1,0,1,0,1,1,1,0,0,1,0,1,1,1,0,0
Odisha,Rural,SS (I-X),Government Aided,Co-Ed,2,2,1,1,0,1,2,0,1,0,2,2,2,0,0,2,0,0,0,2,0,0
Odisha,Urban,SS (I-X),Government Aided,Co-Ed,9,9,8,9,0,7,9,0,6,4,7,9,9,4,1,9,2,7,5,4,4,5
Odisha,Rural,SS (IX-X),Government Aided,Girls,44,33,42,37,0,39,44,3,31,8,40,42,41,10,1,39,5,13,7,25,5,16
Odisha,Rural,SS (IX-X),Government Aided,Co-Ed,1214,825,1161,975,55,1155,1176,30,881,234,1119,1147,1189,343,30,1133,144,373,266,781,150,519
Odisha,Urban,SS (IX-X),Government Aided,Girls,6,5,4,5,1,5,5,0,2,1,4,6,6,1,1,5,1,4,3,3,1,2
Odisha,Urban,SS (IX-X),Government Aided,Co-Ed,39,23,36,32,1,37,38,1,29,6,39,38,39,15,8,37,3,16,13,20,2,16
Odisha,Rural,SS (VI-X),Government Aided,Boys,3,3,3,3,0,3,3,0,3,2,3,3,3,2,0,3,0,1,1,3,2,3
Odisha,Rural,SS (VI-X),Government Aided,Girls,187,116,175,149,10,169,180,6,131,66,165,178,185,31,3,167,24,59,46,117,16,45
Odisha,Rural,SS (VI-X),Government Aided,Co-Ed,1726,1003,1632,1346,59,1634,1669,48,1309,804,1576,1623,1688,384,34,1657,183,577,438,1001,185,577
Odisha,Urban,SS (VI-X),Government Aided,Boys,2,2,2,2,0,2,1,0,2,0,2,2,2,1,2,2,0,1,1,1,0,0
Odisha,Urban,SS (VI-X),Government Aided,Girls,24,18,19,21,0,22,24,1,15,9,24,22,23,12,3,24,4,12,10,15,7,13
Odisha,Urban,SS (VI-X),Government Aided,Co-Ed,76,63,62,72,3,66,71,1,60,28,68,72,76,30,14,74,10,39,24,40,17,44
Odisha,Rural,UPS (I-VIII),Government Aided,Girls,1,0,0,1,0,0,1,0,1,1,1,1,1,0,0,1,0,1,1,1,0,0
Odisha,Rural,UPS (I-VIII),Government Aided,Co-Ed,21,9,14,11,0,15,18,0,10,12,10,18,19,4,0,19,2,12,11,7,2,4
Odisha,Urban,UPS (I-VIII),Government Aided,Co-Ed,15,9,9,13,0,11,14,0,6,4,8,15,15,4,1,15,2,9,5,3,2,5
Odisha,Rural,UPS (VI-VIII),Government Aided,Boys,2,0,2,1,0,2,2,0,2,2,1,2,2,0,0,2,0,1,1,0,0,0
Odisha,Rural,UPS (VI-VIII),Government Aided,Girls,20,13,16,9,0,12,20,0,12,14,15,16,20,3,1,16,2,10,8,8,1,1
Odisha,Rural,UPS (VI-VIII),Government Aided,Co-Ed,1409,417,1202,564,18,1027,1175,13,636,646,821,1016,1327,140,15,1268,60,739,602,506,45,64
Odisha,Urban,UPS (VI-VIII),Government Aided,Girls,4,2,3,2,0,3,2,0,0,0,3,3,3,0,1,4,0,2,2,0,1,0
Odisha,Urban,UPS (VI-VIII),Government Aided,Co-Ed,61,33,40,42,3,50,51,2,25,21,47,56,58,12,5,57,8,35,26,18,4,7
Odisha,Rural,HSS (VI-XII),Jawahar Navodaya Vidyalaya,Co-Ed,23,23,23,23,1,23,23,22,23,18,21,23,23,22,5,23,13,23,23,16,23,23
Odisha,Urban,HSS (VI-XII),Jawahar Navodaya Vidyalaya,Co-Ed,6,6,6,6,2,6,6,6,6,4,6,6,6,6,1,6,4,6,6,4,6,6
Odisha,Rural,UPS (VI-VIII),Jawahar Navodaya Vidyalaya,Co-Ed,1,1,1,1,0,1,1,1,1,0,1,1,1,1,0,1,1,1,1,1,1,1
Odisha,Urban,UPS (VI-VIII),Jawahar Navodaya Vidyalaya,Co-Ed,1,1,1,1,0,1,1,1,1,1,1,1,1,1,1,1,0,1,1,1,1,1
Odisha,Rural,HSS (I-XII),Kendriya Vidyalaya / Central School,Co-Ed,12,12,11,12,0,12,12,11,12,1,11,12,11,12,4,12,3,12,7,4,12,12
Odisha,Urban,HSS (I-XII),Kendriya Vidyalaya / Central School,Co-Ed,32,32,30,32,1,32,32,29,32,6,31,32,32,30,19,32,15,30,28,8,31,32
Odisha,Urban,PS (I-V),Kendriya Vidyalaya / Central School,Co-Ed,1,1,0,1,1,0,1,0,1,0,1,1,1,1,0,1,0,0,0,0,1,1
Odisha,Rural,SS (I-X),Kendriya Vidyalaya / Central School,Co-Ed,6,6,4,6,0,5,6,2,6,0,6,6,6,6,1,6,0,6,5,2,6,6
Odisha,Urban,SS (I-X),Kendriya Vidyalaya / Central School,Co-Ed,8,8,2,8,0,8,8,7,8,0,8,8,7,7,2,8,2,8,5,0,8,8
Odisha,Rural,UPS (I-VIII),Kendriya Vidyalaya / Central School,Co-Ed,3,2,1,3,0,3,3,1,2,1,3,3,3,3,0,3,1,2,2,0,3,3
Odisha,Urban,UPS (I-VIII),Kendriya Vidyalaya / Central School,Co-Ed,1,1,0,1,0,1,1,0,1,0,1,1,1,1,0,1,1,0,0,0,1,1
Odisha,Urban,HSS (I-XII),Madarsa recognized (by Wakf board/Madarsa Board),Co-Ed,1,1,1,1,0,1,1,0,1,1,1,1,1,1,1,1,0,1,0,0,0,1
Odisha,Rural,PS (I-V),Madarsa recognized (by Wakf board/Madarsa Board),Co-Ed,14,4,11,8,0,6,6,0,2,3,1,11,13,0,0,13,0,4,3,0,0,0
Odisha,Urban,PS (I-V),Madarsa recognized (by Wakf board/Madarsa Board),Co-Ed,6,2,4,2,0,3,3,0,0,1,0,6,6,0,0,6,0,2,2,0,0,0
Odisha,Rural,SS (I-X),Madarsa recognized (by Wakf board/Madarsa Board),Boys,1,1,1,1,0,1,1,1,1,1,1,1,1,0,0,1,0,1,1,0,0,1
Odisha,Rural,PS (I-V),Madarsa unrecognized,Boys,2,2,1,2,0,2,1,0,1,0,1,2,2,2,0,2,0,0,0,0,1,1
Odisha,Rural,PS (I-V),Madarsa unrecognized,Co-Ed,4,1,0,3,0,3,3,0,0,0,1,4,4,0,0,4,0,0,0,1,1,1
Odisha,Rural,HSS (I-XII),Other Govt. managed schools,Co-Ed,2,1,1,2,0,2,2,0,2,1,2,2,2,2,0,2,1,2,1,0,2,2
Odisha,Urban,HSS (I-XII),Other Govt. managed schools,Co-Ed,1,1,1,1,0,1,1,1,1,0,1,1,1,1,0,1,1,0,0,0,1,1
Odisha,Rural,HSS (XI-XII),Other Govt. managed schools,Co-Ed,4,4,4,4,0,3,4,2,3,0,4,2,4,3,0,3,1,1,0,0,4,4
Odisha,Urban,HSS (XI-XII),Other Govt. managed schools,Co-Ed,4,4,3,4,1,4,3,2,3,1,3,4,4,4,0,4,1,2,2,0,3,4
Odisha,Rural,PS (I-V),Other Govt. managed schools,Co-Ed,13,9,11,10,0,12,9,0,6,6,7,13,13,7,0,13,0,10,8,1,4,6
Odisha,Urban,PS (I-V),Other Govt. managed schools,Co-Ed,13,11,9,13,3,10,9,0,6,5,11,13,13,8,1,12,0,11,11,4,11,10
Odisha,Rural,SS (I-X),Other Govt. managed schools,Girls,1,0,1,1,0,1,1,1,1,1,1,1,1,1,0,1,0,1,1,1,0,1
Odisha,Rural,SS (I-X),Other Govt. managed schools,Co-Ed,15,10,14,15,1,15,14,2,12,5,9,15,15,11,1,15,3,14,11,7,9,12
Odisha,Urban,SS (I-X),Other Govt. managed schools,Co-Ed,7,7,5,6,1,7,6,1,7,2,7,7,7,3,0,6,1,7,7,4,3,6
Odisha,Urban,SS (IX-X),Other Govt. managed schools,Co-Ed,2,1,2,2,0,2,2,0,1,0,2,2,2,2,0,2,0,0,0,1,2,2
Odisha,Rural,SS (VI-X),Other Govt. managed schools,Co-Ed,2,2,2,2,0,2,2,0,2,0,2,2,2,0,0,2,0,1,1,2,0,1
Odisha,Urban,SS (VI-X),Other Govt. managed schools,Co-Ed,1,1,1,1,0,1,1,0,1,1,1,1,1,0,0,1,0,1,1,0,0,0
Odisha,Rural,UPS (I-VIII),Other Govt. managed schools,Co-Ed,20,14,16,20,0,19,13,1,12,13,14,20,20,9,1,20,5,14,13,11,7,13
Odisha,Urban,UPS (I-VIII),Other Govt. managed schools,Co-Ed,23,19,16,23,3,20,11,1,15,7,19,23,23,16,3,23,11,18,17,9,14,19
Odisha,Rural,HSS (I-XII),Private Unaided (Recognized),Boys,1,1,1,1,1,1,1,1,1,1,1,1,1,1,1,1,0,1,0,1,1,1
Odisha,Rural,HSS (I-XII),Private Unaided (Recognized),Co-Ed,55,55,53,55,9,55,55,52,55,26,55,55,55,52,20,55,21,50,44,17,55,55
Odisha,Urban,HSS (I-XII),Private Unaided (Recognized),Girls,1,1,1,1,0,1,1,1,1,0,1,1,1,1,0,1,0,1,1,0,1,1
Odisha,Urban,HSS (I-XII),Private Unaided (Recognized),Co-Ed,87,87,74,87,19,87,87,76,85,40,79,87,86,84,22,87,42,79,64,16,83,87
Odisha,Rural,HSS (VI-XII),Private Unaided (Recognized),Boys,2,2,2,2,1,2,2,2,2,2,1,2,2,2,2,2,0,2,2,2,2,2
Odisha,Rural,HSS (VI-XII),Private Unaided (Recognized),Co-Ed,1,1,1,1,0,1,1,1,1,0,1,1,1,1,0,1,0,1,1,0,1,1
Odisha,Urban,HSS (VI-XII),Private Unaided (Recognized),Boys,1,1,1,1,0,1,1,1,1,1,1,1,1,1,0,1,0,1,0,0,1,1
Odisha,Urban,HSS (VI-XII),Private Unaided (Recognized),Co-Ed,1,1,0,1,0,1,1,1,1,0,1,1,1,1,1,1,0,1,1,0,1,1
Odisha,Rural,HSS (XI-XII),Private Unaided (Recognized),Girls,65,63,56,62,1,59,61,50,59,13,63,65,60,21,5,55,12,17,13,10,51,57
Odisha,Rural,HSS (XI-XII),Private Unaided (Recognized),Co-Ed,650,631,587,613,42,564,617,466,570,177,605,637,627,364,41,590,196,196,158,109,523,606
Odisha,Urban,HSS (XI-XII),Private Unaided (Recognized),Girls,34,34,25,33,3,25,34,29,29,8,30,33,33,25,6,31,7,9,6,5,32,34
Odisha,Urban,HSS (XI-XII),Private Unaided (Recognized),Co-Ed,182,181,149,176,11,150,169,117,156,57,167,180,170,149,20,171,78,52,47,36,163,178
Odisha,Rural,PS (I-V),Private Unaided (Recognized),Girls,1,1,1,1,0,1,1,1,1,1,1,1,1,1,1,1,0,1,1,1,1,1
Odisha,Rural,PS (I-V),Private Unaided (Recognized),Co-Ed,897,776,715,792,39,837,832,117,744,235,436,876,872,449,67,865,0,713,597,198,338,474
Odisha,Urban,PS (I-V),Private Unaided (Recognized),Co-Ed,242,227,170,234,8,223,231,55,210,59,212,237,238,187,21,242,0,202,170,48,157,211
Odisha,Rural,SS (I-X),Private Unaided (Recognized),Boys,1,1,1,1,1,1,1,1,1,1,1,1,1,1,1,1,0,1,1,1,1,1
Odisha,Rural,SS (I-X),Private Unaided (Recognized),Girls,1,1,1,1,1,1,1,0,1,1,1,1,1,0,0,1,0,1,1,0,1,1
Odisha,Rural,SS (I-X),Private Unaided (Recognized),Co-Ed,228,225,217,228,28,226,226,119,218,126,210,227,227,194,54,227,78,202,181,75,186,218
Odisha,Urban,SS (I-X),Private Unaided (Recognized),Girls,1,1,1,1,0,1,1,1,1,0,1,1,1,1,0,1,1,1,1,0,1,1
Odisha,Urban,SS (I-X),Private Unaided (Recognized),Co-Ed,296,293,250,294,20,291,293,152,280,102,277,294,295,263,53,295,112,253,225,84,269,292
Odisha,Rural,SS (IX-X),Private Unaided (Recognized),Girls,15,11,13,9,1,14,15,3,12,6,12,15,15,2,0,13,3,4,1,8,2,4
Odisha,Rural,SS (IX-X),Private Unaided (Recognized),Co-Ed,90,66,79,59,3,85,82,6,58,10,70,84,88,16,1,83,11,21,16,30,13,20
Odisha,Urban,SS (IX-X),Private Unaided (Recognized),Girls,2,2,1,2,0,2,2,0,2,0,2,2,2,1,0,2,1,1,1,1,0,1
Odisha,Urban,SS (IX-X),Private Unaided (Recognized),Co-Ed,9,9,9,9,0,8,9,0,8,1,8,9,9,3,0,9,1,6,5,1,4,5
Odisha,Rural,SS (VI-X),Private Unaided (Recognized),Girls,25,15,23,14,1,23,22,1,15,7,23,24,23,7,0,20,6,9,7,13,4,8
Odisha,Rural,SS (VI-X),Private Unaided (Recognized),Co-Ed,102,68,94,67,4,96,95,9,69,28,85,98,98,24,4,91,11,46,34,37,21,33
Odisha,Urban,SS (VI-X),Private Unaided (Recognized),Girls,3,1,2,1,0,2,3,0,1,0,3,2,2,0,0,1,1,0,0,1,0,0
Odisha,Urban,SS (VI-X),Private Unaided (Recognized),Co-Ed,16,15,15,14,1,16,15,2,14,7,16,16,16,12,0,15,3,13,11,7,9,12
Odisha,Rural,UPS (I-VIII),Private Unaided (Recognized),Boys,2,2,2,2,1,2,2,1,2,2,1,2,2,2,0,2,0,2,2,2,2,2
Odisha,Rural,UPS (I-VIII),Private Unaided (Recognized),Girls,3,3,3,3,1,3,2,1,3,2,3,3,3,2,0,3,2,3,3,1,2,3
Odisha,Rural,UPS (I-VIII),Private Unaided (Recognized),Co-Ed,2187,2083,1970,2069,114,2111,2126,427,2023,741,1554,2172,2161,1328,175,2150,572,1935,1704,621,1148,1637
Odisha,Urban,UPS (I-VIII),Private Unaided (Recognized),Co-Ed,798,780,638,788,38,763,783,215,736,256,724,796,788,635,95,792,235,709,607,211,613,735
Odisha,Rural,UPS (VI-VIII),Private Unaided (Recognized),Boys,1,1,1,1,0,1,1,0,1,1,1,1,1,0,0,1,0,1,1,1,0,1
Odisha,Rural,UPS (VI-VIII),Private Unaided (Recognized),Girls,5,2,5,3,0,5,4,0,4,1,4,5,5,0,0,5,2,5,3,3,0,1
Odisha,Rural,UPS (VI-VIII),Private Unaided (Recognized),Co-Ed,73,50,65,49,4,69,65,6,43,20,47,70,69,19,4,68,16,47,39,28,17,25
Odisha,Urban,UPS (VI-VIII),Private Unaided (Recognized),Co-Ed,26,25,17,25,1,24,26,6,22,7,22,26,25,20,2,25,7,23,21,7,14,19
Odisha,Urban,HSS (I-XII),Railway School,Co-Ed,2,2,2,2,0,2,2,1,2,1,2,2,2,2,0,2,1,2,1,1,2,2
Odisha,Urban,SS (I-X),Railway School,Co-Ed,1,1,1,1,0,1,1,0,1,0,1,1,1,1,0,1,0,1,1,0,0,1
Odisha,Urban,HSS (VI-XII),Sainik School,Boys,1,1,1,1,0,1,1,1,1,0,1,1,1,0,0,1,0,0,0,1,1,1
Odisha,Rural,UPS (VI-VIII),Sainik School,Co-Ed,1,1,1,1,0,1,1,0,1,1,1,1,1,1,1,1,1,1,1,0,1,1
Odisha,Rural,HSS (VI-XII),Social welfare Department,Co-Ed,19,18,16,18,10,18,13,10,14,12,18,19,18,16,4,18,8,12,11,13,11,15
Odisha,Urban,HSS (VI-XII),Social welfare Department,Co-Ed,1,1,1,1,1,1,1,0,1,0,1,1,1,1,0,1,1,1,0,1,1,1
Odisha,Rural,HSS (XI-XII),Social welfare Department,Co-Ed,2,2,2,2,1,1,1,1,1,0,2,2,1,1,0,1,1,2,2,2,2,2
Odisha,Rural,UPS (VI-VIII),Social welfare Department,Co-Ed,3,3,3,3,0,2,2,0,2,0,3,3,2,2,0,2,0,2,2,2,0,2
Odisha,Urban,UPS (VI-VIII),Social welfare Department,Co-Ed,2,2,2,2,0,2,2,0,2,1,2,2,2,2,1,2,1,1,1,0,2,2
Odisha,Rural,HSS (I-XII),Tribal Welfare Department,Girls,1,1,1,1,1,1,1,0,1,1,0,1,1,1,0,1,0,1,1,1,1,1
Odisha,Rural,HSS (I-XII),Tribal Welfare Department,Co-Ed,12,11,10,12,3,10,12,1,9,9,11,10,12,9,1,12,2,10,6,8,4,12
Odisha,Urban,HSS (I-XII),Tribal Welfare Department,Girls,1,1,1,1,0,1,1,0,1,1,1,1,1,0,0,1,0,1,1,1,1,1
Odisha,Rural,HSS (VI-XII),Tribal Welfare Department,Girls,6,6,3,6,2,4,6,0,6,5,6,6,6,5,0,6,0,5,5,5,0,6
Odisha,Rural,HSS (VI-XII),Tribal Welfare Department,Co-Ed,24,24,23,24,8,23,24,0,19,19,23,22,23,14,2,23,4,14,11,22,3,23
Odisha,Urban,HSS (VI-XII),Tribal Welfare Department,Girls,1,1,1,1,1,1,1,0,1,1,1,1,1,0,0,1,0,1,1,0,0,1
Odisha,Urban,HSS (VI-XII),Tribal Welfare Department,Co-Ed,2,2,2,2,1,2,2,0,2,1,1,2,2,2,0,2,1,2,1,1,1,2
Odisha,Rural,HSS (XI-XII),Tribal Welfare Department,Co-Ed,22,19,19,20,5,15,22,2,11,13,21,18,21,10,3,16,8,7,5,15,8,21
Odisha,Urban,HSS (XI-XII),Tribal Welfare Department,Co-Ed,1,1,1,1,0,1,1,0,1,0,0,1,1,1,0,1,0,0,0,1,0,1
Odisha,Rural,PS (I-V),Tribal Welfare Department,Boys,1,1,1,1,0,1,0,0,1,1,1,1,1,1,0,1,0,0,0,1,0,0
Odisha,Rural,PS (I-V),Tribal Welfare Department,Co-Ed,427,170,310,338,42,235,413,9,168,250,132,403,421,142,11,417,0,378,337,191,53,135
Odisha,Urban,PS (I-V),Tribal Welfare Department,Co-Ed,10,4,3,9,0,3,10,0,2,4,4,9,10,2,1,10,0,8,8,6,1,2
Odisha,Rural,SS (I-X),Tribal Welfare Department,Boys,1,1,1,1,0,1,1,0,1,1,1,0,1,1,0,1,0,1,1,1,1,1
Odisha,Rural,SS (I-X),Tribal Welfare Department,Girls,40,33,33,40,18,32,40,2,34,28,37,37,40,25,5,39,9,33,29,27,11,40
Odisha,Rural,SS (I-X),Tribal Welfare Department,Co-Ed,140,108,110,139,52,104,137,4,126,105,127,129,139,82,14,138,32,118,98,106,31,125
Odisha,Urban,SS (I-X),Tribal Welfare Department,Co-Ed,3,3,3,3,1,3,3,0,3,3,3,3,3,3,0,3,0,3,3,3,3,3
Odisha,Rural,SS (IX-X),Tribal Welfare Department,Girls,1,0,1,1,0,1,1,0,1,1,1,1,1,1,0,1,0,0,0,0,0,1
Odisha,Rural,SS (IX-X),Tribal Welfare Department,Co-Ed,3,3,2,3,0,3,3,0,3,3,3,3,3,2,0,3,1,2,2,3,1,3
Odisha,Rural,SS (VI-X),Tribal Welfare Department,Girls,75,68,63,72,37,61,70,2,63,58,71,73,74,46,6,74,26,55,50,60,11,64
Odisha,Rural,SS (VI-X),Tribal Welfare Department,Co-Ed,113,101,105,113,51,101,105,3,94,86,101,106,110,66,8,109,23,80,72,91,27,106
Odisha,Urban,SS (VI-X),Tribal Welfare Department,Girls,1,1,1,1,0,1,1,0,1,1,1,1,1,1,0,1,0,1,1,1,0,1
Odisha,Urban,SS (VI-X),Tribal Welfare Department,Co-Ed,3,3,3,3,2,3,3,0,3,2,3,3,3,3,1,3,2,3,3,2,2,3
Odisha,Rural,UPS (I-VIII),Tribal Welfare Department,Boys,1,1,1,1,1,0,1,0,0,1,1,1,1,1,0,1,0,1,1,1,0,0
Odisha,Rural,UPS (I-VIII),Tribal Welfare Department,Girls,1,1,1,1,1,1,1,0,0,1,1,1,1,1,0,1,1,0,0,1,0,1
Odisha,Rural,UPS (I-VIII),Tribal Welfare Department,Co-Ed,738,400,497,680,172,415,712,20,536,479,513,720,731,328,36,729,144,662,594,409,91,361
Odisha,Urban,UPS (I-VIII),Tribal Welfare Department,Co-Ed,24,15,14,23,5,17,24,1,21,16,19,24,24,11,1,24,3,24,23,17,4,11
Odisha,Rural,UPS (VI-VIII),Tribal Welfare Department,Co-Ed,6,4,4,6,0,6,6,0,3,5,4,6,6,4,0,6,3,2,2,2,1,1
Odisha,Urban,UPS (VI-VIII),Tribal Welfare Department,Co-Ed,1,1,1,1,1,1,1,0,0,1,1,1,1,1,0,1,0,1,1,1,0,1
Odisha,Rural,HSS (I-XII),Unrecognized,Co-Ed,2,2,2,1,0,1,1,0,0,0,2,2,2,1,0,2,0,0,0,1,0,1
Odisha,Urban,HSS (I-XII),Unrecognized,Co-Ed,1,1,1,1,0,1,1,1,1,0,1,1,1,1,0,1,1,1,1,0,1,1
Odisha,Rural,HSS (XI-XII),Unrecognized,Co-Ed,7,7,6,5,0,5,5,3,5,1,7,7,7,4,0,5,0,2,1,1,6,5
Odisha,Urban,HSS (XI-XII),Unrecognized,Co-Ed,5,5,4,5,0,5,5,4,4,2,5,5,5,5,1,5,3,1,1,2,5,5
Odisha,Rural,PS (I-V),Unrecognized,Girls,1,1,1,1,0,1,0,0,1,1,0,1,1,1,0,1,0,0,0,0,0,1
Odisha,Rural,PS (I-V),Unrecognized,Co-Ed,564,452,428,487,10,499,487,65,422,161,300,541,540,280,43,532,0,381,316,115,217,307
Odisha,Urban,PS (I-V),Unrecognized,Co-Ed,157,152,105,148,4,142,140,29,121,46,129,152,152,105,17,154,0,98,76,32,98,126
Odisha,Rural,SS (I-X),Unrecognized,Co-Ed,11,11,10,11,2,11,11,9,10,6,11,11,11,7,4,11,4,7,6,3,7,10
Odisha,Urban,SS (I-X),Unrecognized,Girls,1,0,0,1,0,1,1,1,0,0,1,1,1,0,0,1,0,0,0,1,1,0
Odisha,Urban,SS (I-X),Unrecognized,Co-Ed,19,18,16,18,0,19,19,11,19,6,18,19,18,16,3,19,5,17,13,6,15,17
Odisha,Rural,SS (IX-X),Unrecognized,Girls,1,0,0,0,0,1,1,0,1,0,1,1,1,0,0,1,0,0,0,1,0,1
Odisha,Rural,SS (IX-X),Unrecognized,Co-Ed,20,17,17,12,1,20,19,1,10,6,17,19,20,7,4,19,6,7,5,6,2,7
Odisha,Urban,SS (IX-X),Unrecognized,Co-Ed,4,3,0,4,0,4,3,1,2,1,3,4,4,2,0,4,0,2,2,1,1,2
Odisha,Rural,SS (VI-X),Unrecognized,Girls,4,3,3,2,0,4,3,0,3,2,2,4,4,0,0,2,0,1,1,2,2,3
Odisha,Rural,SS (VI-X),Unrecognized,Co-Ed,31,21,31,25,1,29,30,5,22,14,24,31,28,6,1,30,2,12,8,16,6,9
Odisha,Urban,SS (VI-X),Unrecognized,Girls,2,2,2,2,0,2,2,0,2,0,2,2,2,1,0,2,1,2,1,1,0,0
Odisha,Urban,SS (VI-X),Unrecognized,Co-Ed,4,3,4,4,0,4,4,0,2,1,4,4,4,2,0,4,0,3,2,2,2,2
Odisha,Rural,UPS (I-VIII),Unrecognized,Co-Ed,275,244,218,245,14,253,252,45,232,79,188,270,268,166,25,266,67,206,169,60,126,183
Odisha,Urban,UPS (I-VIII),Unrecognized,Girls,1,1,0,1,0,1,0,0,0,1,1,1,1,1,0,1,1,0,0,0,1,1
Odisha,Urban,UPS (I-VIII),Unrecognized,Co-Ed,130,116,79,117,3,111,109,32,105,37,100,130,118,80,9,120,34,80,67,29,82,99
Odisha,Rural,UPS (VI-VIII),Unrecognized,Girls,1,0,1,0,0,0,0,0,0,0,0,1,1,0,0,0,0,0,0,0,0,0
Odisha,Rural,UPS (VI-VIII),Unrecognized,Co-Ed,34,20,32,21,0,29,28,3,16,9,20,33,34,13,2,33,5,17,11,12,8,8
Odisha,Urban,UPS (VI-VIII),Unrecognized,Co-Ed,5,3,3,4,0,3,3,0,2,1,2,5,5,4,1,4,2,3,3,1,3,3
Puducherry,Rural,HSS (I-XII),Department of Education,Co-Ed,2,2,2,2,0,2,2,0,2,1,2,2,2,2,0,2,2,2,2,2,2,2
Puducherry,Rural,HSS (IX-XII),Department of Education,Boys,1,1,1,1,0,1,1,1,0,0,1,1,1,1,1,1,0,1,1,1,1,1
Puducherry,Rural,HSS (IX-XII),Department of Education,Co-Ed,1,1,1,1,0,1,1,1,1,1,1,1,1,1,0,1,1,1,1,1,1,1
Puducherry,Urban,HSS (IX-XII),Department of Education,Girls,3,3,2,3,1,2,3,3,3,0,3,3,3,2,3,3,3,3,2,3,3,3
Puducherry,Urban,HSS (IX-XII),Department of Education,Co-Ed,3,3,1,3,0,3,3,1,3,2,3,3,3,3,1,3,2,2,2,3,3,3
Puducherry,Rural,HSS (VI-XII),Department of Education,Boys,2,2,2,2,0,2,2,2,1,0,2,2,2,2,2,2,0,2,2,2,2,2
Puducherry,Rural,HSS (VI-XII),Department of Education,Girls,4,4,2,4,0,4,4,3,3,1,4,4,4,3,2,4,4,4,4,4,4,4
Puducherry,Rural,HSS (VI-XII),Department of Education,Co-Ed,21,19,18,21,0,20,21,16,17,3,21,21,21,18,5,20,18,19,15,15,21,21
Puducherry,Urban,HSS (VI-XII),Department of Education,Boys,5,4,4,5,0,5,5,5,5,2,5,5,5,4,3,4,0,5,4,5,5,5
Puducherry,Urban,HSS (VI-XII),Department of Education,Girls,7,7,5,7,2,6,7,6,7,2,7,7,7,7,3,7,4,5,4,7,7,7
Puducherry,Urban,HSS (VI-XII),Department of Education,Co-Ed,7,7,7,7,0,7,7,7,7,2,7,7,7,7,3,7,5,6,6,3,7,7
Puducherry,Urban,HSS (XI-XII),Department of Education,Boys,2,1,2,2,0,2,2,2,2,0,2,2,2,1,2,1,0,1,0,1,2,2
Puducherry,Urban,HSS (XI-XII),Department of Education,Girls,1,1,0,1,0,1,1,1,1,0,1,1,1,1,1,1,1,1,1,1,1,1
Puducherry,Urban,HSS (XI-XII),Department of Education,Co-Ed,1,1,1,1,0,1,1,0,1,0,1,1,1,1,0,1,0,1,1,0,1,1
Puducherry,Rural,PS (I-V),Department of Education,Boys,1,1,1,1,0,1,1,0,0,0,1,1,1,1,0,1,0,1,1,0,1,1
Puducherry,Rural,PS (I-V),Department of Education,Co-Ed,142,66,110,142,2,120,142,0,32,22,142,142,142,99,39,142,0,130,121,71,142,142
Puducherry,Urban,PS (I-V),Department of Education,Girls,2,2,2,2,0,2,2,0,0,0,2,2,2,2,0,2,0,2,2,1,2,2
Puducherry,Urban,PS (I-V),Department of Education,Co-Ed,88,59,49,88,0,73,88,0,36,17,88,88,88,74,20,88,0,82,77,47,88,85
Puducherry,Rural,SS (I-X),Department of Education,Co-Ed,24,21,15,24,0,21,24,5,10,5,24,24,24,20,10,24,17,22,21,19,24,24
Puducherry,Urban,SS (I-X),Department of Education,Boys,1,1,0,1,0,1,1,0,1,0,1,1,1,1,0,1,0,1,1,1,1,1
Puducherry,Urban,SS (I-X),Department of Education,Girls,1,0,0,1,0,1,1,0,1,0,1,1,1,1,0,1,1,1,1,1,1,1
Puducherry,Urban,SS (I-X),Department of Education,Co-Ed,10,9,5,10,0,10,10,3,6,3,10,10,10,8,2,10,6,9,9,6,10,10
Puducherry,Rural,SS (VI-X),Department of Education,Boys,1,1,1,1,0,1,1,0,1,0,1,1,1,1,0,1,0,1,1,1,1,1
Puducherry,Rural,SS (VI-X),Department of Education,Girls,1,1,1,1,0,1,1,1,1,0,1,1,1,1,0,1,1,1,1,0,1,1
Puducherry,Rural,SS (VI-X),Department of Education,Co-Ed,9,9,9,9,0,8,9,4,3,3,9,9,9,8,6,9,8,9,9,5,9,9
Puducherry,Urban,SS (VI-X),Department of Education,Boys,7,7,6,7,0,7,7,6,7,1,6,7,7,7,2,7,0,7,6,6,7,7
Puducherry,Urban,SS (VI-X),Department of Education,Girls,4,4,3,4,0,4,4,2,2,0,4,4,4,3,1,4,3,3,3,1,4,4
Puducherry,Urban,SS (VI-X),Department of Education,Co-Ed,14,14,11,14,0,11,14,8,11,2,14,14,14,12,3,14,8,12,12,11,14,14
Puducherry,Rural,UPS (I-VIII),Department of Education,Boys,1,1,0,1,0,1,1,0,1,1,1,1,1,1,1,1,0,1,0,1,1,1
Puducherry,Rural,UPS (I-VIII),Department of Education,Girls,2,2,1,2,0,2,2,0,0,0,2,2,2,2,0,2,1,2,2,2,2,2
Puducherry,Rural,UPS (I-VIII),Department of Education,Co-Ed,27,26,20,27,2,23,27,0,7,5,27,27,27,18,7,27,21,26,26,16,27,27
Puducherry,Urban,UPS (I-VIII),Department of Education,Girls,2,1,2,2,0,1,2,0,2,0,2,2,2,2,1,2,1,2,1,1,2,2
Puducherry,Urban,UPS (I-VIII),Department of Education,Co-Ed,14,14,10,14,0,13,14,0,8,4,14,14,14,13,5,14,10,13,13,9,14,14
Puducherry,Urban,UPS (VI-VIII),Department of Education,Co-Ed,1,1,0,1,0,1,1,0,0,1,1,1,1,1,0,1,1,1,1,0,1,1
Puducherry,Rural,HSS (I-XII),Government Aided,Co-Ed,5,4,5,5,0,5,5,4,4,0,5,5,5,5,3,5,4,0,0,4,5,5
Puducherry,Urban,HSS (I-XII),Government Aided,Boys,2,2,1,2,0,2,2,2,2,0,2,2,2,1,0,2,0,1,1,1,2,2
Puducherry,Urban,HSS (I-XII),Government Aided,Girls,1,1,0,1,0,1,1,1,1,0,1,1,1,1,1,1,1,0,0,1,1,1
Puducherry,Urban,HSS (I-XII),Government Aided,Co-Ed,4,4,3,4,0,4,4,4,4,1,4,4,4,4,1,4,1,2,2,3,4,4
Puducherry,Rural,PS (I-V),Government Aided,Co-Ed,1,1,1,1,0,1,1,0,1,1,1,1,1,1,0,1,0,0,0,1,1,1
Puducherry,Urban,PS (I-V),Government Aided,Girls,1,1,0,1,0,1,1,0,1,0,1,1,1,1,0,1,0,0,0,1,1,1
Puducherry,Urban,PS (I-V),Government Aided,Co-Ed,1,1,0,1,0,1,1,0,1,0,1,1,1,1,0,1,0,0,0,1,0,1
Puducherry,Rural,SS (I-X),Government Aided,Boys,1,1,1,1,0,1,1,1,1,0,1,1,1,1,0,1,0,0,0,1,1,1
Puducherry,Rural,SS (I-X),Government Aided,Girls,1,1,0,1,0,1,1,0,1,0,1,1,1,1,0,1,0,0,0,0,1,1
Puducherry,Rural,SS (I-X),Government Aided,Co-Ed,2,2,1,2,0,2,2,2,2,0,2,2,2,2,1,2,0,1,1,1,2,2
Puducherry,Urban,SS (I-X),Government Aided,Co-Ed,14,14,5,14,0,13,14,4,14,2,14,14,14,13,4,14,7,2,2,11,13,14
Puducherry,Rural,HSS (VI-XII),Jawahar Navodaya Vidyalaya,Co-Ed,1,1,1,1,1,1,1,1,1,1,1,1,1,1,0,1,1,1,1,1,1,1
Puducherry,Urban,HSS (VI-XII),Jawahar Navodaya Vidyalaya,Co-Ed,3,3,2,3,2,3,3,3,3,3,3,3,3,3,1,3,3,3,3,3,3,3
Puducherry,Rural,HSS (I-XII),Kendriya Vidyalaya / Central School,Co-Ed,1,1,0,1,0,1,1,0,1,0,1,1,1,1,0,1,0,0,0,1,1,1
Puducherry,Urban,HSS (I-XII),Kendriya Vidyalaya / Central School,Co-Ed,2,2,1,2,0,2,2,2,2,0,2,2,2,1,1,2,1,2,2,1,2,2
Puducherry,Urban,SS (I-X),Kendriya Vidyalaya / Central School,Co-Ed,1,1,1,1,0,0,1,1,1,0,1,1,1,1,0,1,1,1,0,0,1,1
Puducherry,Rural,HSS (I-XII),Private Unaided (Recognized),Co-Ed,54,53,45,54,7,54,54,31,52,11,51,54,54,48,41,54,26,19,12,40,54,54
Puducherry,Urban,HSS (I-XII),Private Unaided (Recognized),Boys,1,1,1,1,0,1,1,1,1,1,1,1,1,1,1,1,0,0,0,0,1,1
Puducherry,Urban,HSS (I-XII),Private Unaided (Recognized),Girls,1,1,0,1,1,1,1,1,1,0,1,1,1,1,1,1,1,1,1,1,1,1
Puducherry,Urban,HSS (I-XII),Private Unaided (Recognized),Co-Ed,58,58,45,58,5,58,58,38,56,16,58,58,58,57,40,58,29,21,15,38,57,58
Puducherry,Rural,HSS (VI-XII),Private Unaided (Recognized),Co-Ed,1,1,1,1,0,1,1,0,1,1,1,1,1,1,1,1,1,0,0,1,1,1
Puducherry,Urban,HSS (XI-XII),Private Unaided (Recognized),Co-Ed,2,2,2,2,0,2,2,2,2,0,2,2,2,2,0,2,0,1,1,1,2,2
Puducherry,Rural,PS (I-V),Private Unaided (Recognized),Co-Ed,16,16,11,16,0,16,15,1,12,1,16,16,16,13,5,16,0,5,4,8,13,16
Puducherry,Urban,PS (I-V),Private Unaided (Recognized),Girls,1,1,1,1,0,1,1,0,1,0,1,1,1,1,0,1,0,0,0,0,1,1
Puducherry,Urban,PS (I-V),Private Unaided (Recognized),Co-Ed,22,22,15,22,2,20,21,1,17,4,22,22,22,18,5,22,0,4,3,9,20,22
Puducherry,Rural,SS (I-X),Private Unaided (Recognized),Girls,1,1,1,1,1,1,1,1,1,1,1,1,1,1,1,1,1,1,1,0,1,1
Puducherry,Rural,SS (I-X),Private Unaided (Recognized),Co-Ed,55,54,45,55,3,54,55,16,52,4,54,55,55,43,24,55,19,15,7,36,52,55
Puducherry,Urban,SS (I-X),Private Unaided (Recognized),Boys,1,1,1,1,1,1,1,1,1,0,1,1,1,1,1,1,0,0,0,1,1,1
Puducherry,Urban,SS (I-X),Private Unaided (Recognized),Co-Ed,42,42,32,42,2,41,42,17,42,15,42,42,42,40,15,42,17,10,8,28,42,42
Puducherry,Rural,UPS (I-VIII),Private Unaided (Recognized),Co-Ed,16,16,14,16,1,16,16,7,13,3,16,16,16,13,7,16,2,8,5,12,15,16
Puducherry,Urban,UPS (I-VIII),Private Unaided (Recognized),Co-Ed,10,10,9,10,0,10,10,2,8,4,10,10,10,10,4,10,2,3,3,6,10,10
Puducherry,Urban,HSS (I-XII),Social welfare Department,Co-Ed,1,1,1,1,1,1,0,0,1,0,1,1,1,1,1,1,1,1,1,1,1,1
Puducherry,Urban,UPS (I-VIII),Social welfare Department,Co-Ed,1,1,1,1,0,0,1,0,1,0,1,1,1,0,0,1,0,0,0,1,1,1
Punjab,Rural,HSS (I-XII),Department of Education,Co-Ed,19,16,16,19,11,19,19,8,16,15,19,19,19,17,3,19,19,19,18,16,17,19
Punjab,Urban,HSS (I-XII),Department of Education,Boys,1,1,1,1,1,1,1,0,1,0,1,1,1,1,0,1,0,0,0,1,1,1
Punjab,Urban,HSS (I-XII),Department of Education,Girls,2,1,1,2,2,2,2,1,2,2,2,2,2,2,2,2,2,2,2,2,2,2
Punjab,Urban,HSS (I-XII),Department of Education,Co-Ed,14,14,8,14,11,14,14,13,14,12,14,14,14,14,5,14,13,13,12,9,14,14
Punjab,Rural,HSS (IX-XII),Department of Education,Girls,1,1,1,1,1,1,1,0,1,1,1,1,1,1,0,1,1,1,1,1,1,1
Punjab,Urban,HSS (IX-XII),Department of Education,Boys,1,1,1,1,1,1,1,1,1,1,1,1,1,1,1,1,1,1,1,1,1,1
Punjab,Urban,HSS (IX-XII),Department of Education,Girls,1,1,1,1,0,1,1,0,1,1,1,1,1,1,0,1,1,1,1,1,1,1
Punjab,Rural,HSS (VI-XII),Department of Education,Boys,30,28,27,30,21,29,30,8,29,26,30,30,30,27,5,30,19,30,28,25,30,30
Punjab,Rural,HSS (VI-XII),Department of Education,Girls,80,78,55,80,63,79,80,27,70,67,79,80,80,68,25,80,79,72,69,57,79,80
Punjab,Rural,HSS (VI-XII),Department of Education,Co-Ed,1589,1433,1348,1589,1085,1577,1588,626,1349,1432,1583,1589,1589,1385,388,1588,1557,1533,1464,1118,1562,1589
Punjab,Urban,HSS (VI-XII),Department of Education,Boys,61,58,49,61,53,59,61,38,57,54,60,61,61,53,12,61,28,60,57,42,60,61
Punjab,Urban,HSS (VI-XII),Department of Education,Girls,125,120,71,125,95,123,125,75,115,106,125,125,125,115,40,125,125,114,107,88,123,125
Punjab,Urban,HSS (VI-XII),Department of Education,Co-Ed,150,135,102,150,122,144,150,79,136,127,150,150,150,135,39,150,142,143,130,97,149,150
Punjab,Rural,HSS (XI-XII),Department of Education,Co-Ed,3,3,2,3,2,3,3,1,3,3,3,3,3,3,2,3,3,3,3,2,3,3
Punjab,Urban,HSS (XI-XII),Department of Education,Co-Ed,6,6,5,6,4,6,6,5,5,4,6,6,6,6,0,6,6,5,4,3,6,6
Punjab,Rural,PS (I-V),Department of Education,Boys,61,38,38,61,1,60,61,1,15,57,59,61,61,42,4,61,0,58,57,42,8,61
Punjab,Rural,PS (I-V),Department of Education,Girls,65,31,42,65,2,61,65,1,16,61,64,65,65,36,4,65,0,63,63,42,12,65
Punjab,Rural,PS (I-V),Department of Education,Co-Ed,11469,4684,8769,11464,240,11122,11466,206,2768,10726,11301,11427,11464,6993,1100,11461,0,10795,10397,6822,2663,11463
Punjab,Urban,PS (I-V),Department of Education,Boys,18,12,10,18,1,15,18,0,3,17,18,18,18,15,0,18,0,15,15,9,4,18
Punjab,Urban,PS (I-V),Department of Education,Girls,26,12,12,26,2,24,26,0,8,25,26,26,26,22,1,26,0,26,25,15,4,26
Punjab,Urban,PS (I-V),Department of Education,Co-Ed,1183,551,537,1183,79,1042,1182,9,305,991,1169,1174,1182,721,65,1183,0,1049,992,700,216,1183
Punjab,Rural,SS (I-X),Department of Education,Co-Ed,1,1,1,1,1,1,1,0,1,1,1,1,1,1,0,1,1,1,1,0,1,1
Punjab,Urban,SS (I-X),Department of Education,Co-Ed,4,4,4,4,1,4,4,0,2,4,4,4,4,3,0,4,4,4,4,4,4,4
Punjab,Rural,SS (VI-X),Department of Education,Boys,15,15,13,15,8,15,15,1,12,14,15,15,15,11,3,15,4,14,13,12,15,15
Punjab,Rural,SS (VI-X),Department of Education,Girls,30,26,18,30,18,30,30,3,24,30,29,30,30,27,5,30,30,25,23,21,30,30
Punjab,Rural,SS (VI-X),Department of Education,Co-Ed,1531,1310,1209,1531,575,1510,1530,18,966,1398,1521,1528,1531,1280,272,1531,1395,1450,1356,1031,1475,1531
Punjab,Urban,SS (VI-X),Department of Education,Boys,4,4,2,4,2,3,4,1,3,3,4,4,4,4,0,4,1,3,3,4,4,4
Punjab,Urban,SS (VI-X),Department of Education,Girls,15,13,3,15,10,14,15,3,11,14,14,15,15,15,0,15,13,15,13,9,15,15
Punjab,Urban,SS (VI-X),Department of Education,Co-Ed,108,96,49,108,61,96,108,5,69,90,108,108,108,87,11,108,97,90,81,66,108,108
Punjab,Rural,UPS (I-VIII),Department of Education,Co-Ed,1,0,1,1,0,1,1,0,1,1,1,1,1,0,0,1,1,1,1,1,0,1
Punjab,Rural,UPS (VI-VIII),Department of Education,Boys,3,3,2,3,0,3,3,0,0,2,3,3,3,1,0,3,1,3,3,2,2,3
Punjab,Rural,UPS (VI-VIII),Department of Education,Girls,15,12,9,15,0,15,15,0,5,13,15,15,15,9,0,15,14,14,13,10,14,15
Punjab,Rural,UPS (VI-VIII),Department of Education,Co-Ed,2339,1562,1810,2339,31,2285,2339,16,555,2174,2324,2333,2338,1216,234,2338,1385,2177,2048,1391,2116,2339
Punjab,Urban,UPS (VI-VIII),Department of Education,Boys,2,1,1,2,0,2,2,0,1,2,1,2,2,1,0,2,0,1,1,2,2,2
Punjab,Urban,UPS (VI-VIII),Department of Education,Girls,2,2,1,2,0,2,2,0,2,1,2,2,2,1,0,2,1,2,1,0,2,2
Punjab,Urban,UPS (VI-VIII),Department of Education,Co-Ed,138,88,48,138,3,122,138,0,35,120,138,137,138,73,6,138,101,122,108,74,132,138
Punjab,Rural,HSS (I-XII),Government Aided,Co-Ed,10,10,10,10,1,10,9,1,10,8,10,10,10,10,2,10,6,8,8,4,10,10
Punjab,Urban,HSS (I-XII),Government Aided,Boys,2,2,1,2,0,2,2,0,2,0,2,2,2,2,0,2,0,1,1,2,2,2
Punjab,Urban,HSS (I-XII),Government Aided,Girls,7,7,3,7,1,5,7,0,7,5,7,7,7,7,0,7,4,5,5,4,7,7
Punjab,Urban,HSS (I-XII),Government Aided,Co-Ed,173,172,97,173,13,170,172,36,170,144,172,173,173,163,37,173,86,130,110,109,171,173
Punjab,Rural,HSS (VI-XII),Government Aided,Girls,1,1,0,1,0,1,1,0,0,0,1,1,1,1,0,1,0,1,1,1,1,1
Punjab,Rural,HSS (VI-XII),Government Aided,Co-Ed,41,39,38,41,1,41,41,2,38,37,40,41,41,32,4,41,15,35,29,28,33,41
Punjab,Urban,HSS (VI-XII),Government Aided,Boys,5,5,3,5,1,5,5,1,5,4,5,5,5,5,1,5,0,5,4,2,5,5
Punjab,Urban,HSS (VI-XII),Government Aided,Girls,10,10,5,10,0,10,10,4,10,10,10,10,10,10,2,10,6,7,7,7,10,10
Punjab,Urban,HSS (VI-XII),Government Aided,Co-Ed,40,40,29,40,4,40,40,9,40,35,40,40,40,35,6,40,18,34,31,26,39,40
Punjab,Rural,PS (I-V),Government Aided,Co-Ed,4,1,3,4,0,3,3,0,0,3,4,4,4,2,1,4,0,3,3,3,1,0
Punjab,Urban,PS (I-V),Government Aided,Girls,1,0,1,1,0,1,1,0,1,1,1,1,1,1,0,1,0,1,1,1,0,0
Punjab,Urban,PS (I-V),Government Aided,Co-Ed,45,35,23,45,1,45,31,1,30,41,43,45,45,34,6,45,0,27,24,21,19,23
Punjab,Rural,SS (I-X),Government Aided,Boys,1,1,1,1,1,1,1,0,1,1,1,1,1,1,1,1,0,1,1,1,1,1
Punjab,Rural,SS (I-X),Government Aided,Girls,1,1,1,1,0,1,0,0,1,1,1,1,1,0,0,1,1,0,0,0,1,1
Punjab,Rural,SS (I-X),Government Aided,Co-Ed,2,1,2,2,1,2,2,0,2,2,2,2,2,2,2,2,1,0,0,1,2,2
Punjab,Urban,SS (I-X),Government Aided,Girls,1,1,0,1,1,1,1,0,1,1,1,1,1,1,0,1,1,1,1,0,1,1
Punjab,Urban,SS (I-X),Government Aided,Co-Ed,42,42,15,42,0,41,38,1,32,25,41,42,42,36,3,42,14,28,23,26,36,41
Punjab,Rural,SS (IX-X),Government Aided,Girls,1,1,1,1,0,1,1,0,1,1,1,1,1,0,0,1,0,1,1,1,1,1
Punjab,Rural,SS (VI-X),Government Aided,Co-Ed,15,15,12,15,0,15,14,1,14,15,15,15,15,13,2,15,6,14,13,9,11,15
Punjab,Urban,SS (VI-X),Government Aided,Boys,1,1,1,1,0,1,1,0,1,1,1,1,1,1,0,1,0,1,1,1,1,1
Punjab,Urban,SS (VI-X),Government Aided,Girls,2,2,1,2,0,2,2,0,2,2,2,2,2,2,0,2,1,1,1,1,2,2
Punjab,Urban,SS (VI-X),Government Aided,Co-Ed,8,8,6,8,0,8,8,0,7,7,8,8,8,7,3,8,3,8,6,3,8,8
Punjab,Rural,UPS (I-VIII),Government Aided,Girls,1,1,1,1,0,1,1,0,1,1,1,1,1,1,0,1,0,1,1,1,0,1
Punjab,Rural,UPS (I-VIII),Government Aided,Co-Ed,3,3,2,3,0,3,3,0,3,3,3,3,3,3,1,3,3,3,3,2,3,3
Punjab,Urban,UPS (I-VIII),Government Aided,Co-Ed,30,30,11,30,1,28,26,1,23,20,30,30,30,23,7,30,13,15,15,17,18,24
Punjab,Rural,UPS (VI-VIII),Government Aided,Co-Ed,2,2,2,2,0,2,2,0,1,1,2,2,2,1,0,2,0,1,1,2,2,2
Punjab,Urban,UPS (VI-VIII),Government Aided,Co-Ed,1,1,0,1,0,1,1,0,1,1,1,1,1,1,0,1,1,1,1,1,1,1
Punjab,Rural,HSS (I-XII),Jawahar Navodaya Vidyalaya,Co-Ed,1,1,1,1,0,1,1,1,1,1,1,1,1,1,0,1,1,1,1,1,1,1
Punjab,Rural,HSS (VI-XII),Jawahar Navodaya Vidyalaya,Co-Ed,21,21,21,21,2,21,21,19,20,17,21,21,21,20,2,21,19,21,21,17,21,21
Punjab,Urban,HSS (VI-XII),Jawahar Navodaya Vidyalaya,Co-Ed,1,1,1,1,0,1,1,1,1,1,1,1,1,1,0,1,0,1,1,0,1,1
Punjab,Rural,HSS (I-XII),Kendriya Vidyalaya / Central School,Co-Ed,21,21,14,21,3,21,21,18,21,17,21,21,21,21,5,21,9,18,18,2,21,21
Punjab,Urban,HSS (I-XII),Kendriya Vidyalaya / Central School,Co-Ed,24,24,22,24,1,24,24,22,24,19,24,24,24,23,8,24,11,24,23,7,24,24
Punjab,Rural,PS (I-V),Kendriya Vidyalaya / Central School,Co-Ed,1,1,1,1,0,1,0,0,1,0,1,1,1,1,0,1,0,1,1,0,1,1
Punjab,Rural,SS (I-X),Kendriya Vidyalaya / Central School,Co-Ed,5,5,2,5,0,5,5,3,5,4,5,5,5,4,0,5,3,4,4,2,5,5
Punjab,Urban,SS (I-X),Kendriya Vidyalaya / Central School,Co-Ed,1,1,1,1,0,1,1,1,1,0,1,1,1,1,0,1,1,0,0,1,1,1
Punjab,Rural,HSS (I-XII),Local body,Co-Ed,1,1,1,1,0,1,1,0,1,1,1,1,1,1,0,1,1,1,1,0,1,1
Punjab,Urban,HSS (I-XII),Local body,Co-Ed,1,1,1,1,0,1,1,0,1,1,1,1,1,1,1,1,1,1,1,1,1,1
Punjab,Rural,HSS (VI-XII),Local body,Co-Ed,2,2,1,2,0,2,2,1,2,2,2,2,2,2,0,2,2,2,2,1,2,2
Punjab,Rural,PS (I-V),Local body,Co-Ed,2,2,2,2,0,2,2,0,0,2,2,2,2,2,0,2,0,2,2,2,1,0
Punjab,Urban,PS (I-V),Local body,Co-Ed,1,1,0,1,0,1,1,0,0,1,1,1,1,1,0,1,0,0,0,1,0,1
Punjab,Urban,SS (I-X),Local body,Co-Ed,2,2,2,2,0,2,2,0,2,2,2,2,2,1,0,2,0,1,0,1,2,2
Punjab,Rural,UPS (I-VIII),Local body,Co-Ed,1,1,1,1,0,1,1,0,1,0,1,1,1,1,0,1,0,1,0,1,0,1
Punjab,Urban,UPS (I-VIII),Local body,Co-Ed,2,2,2,2,0,2,2,0,2,2,2,2,2,0,0,2,0,0,0,2,2,2
Punjab,Rural,PS (I-V),Madarsa recognized (by Wakf board/Madarsa Board),Boys,1,1,1,1,0,1,1,0,0,1,0,1,1,1,0,1,0,1,1,1,0,1
Punjab,Urban,PS (I-V),Madarsa recognized (by Wakf board/Madarsa Board),Boys,1,1,1,1,1,1,1,1,1,1,0,1,1,1,0,1,0,1,1,0,0,0
Punjab,Urban,PS (I-V),Madarsa recognized (by Wakf board/Madarsa Board),Co-Ed,4,2,1,4,0,3,4,0,1,2,3,4,4,4,0,4,0,4,4,2,1,3
Punjab,Urban,SS (I-X),Madarsa recognized (by Wakf board/Madarsa Board),Co-Ed,1,1,0,1,0,1,1,0,1,0,1,1,1,1,0,1,0,1,1,0,0,0
Punjab,Rural,UPS (I-VIII),Madarsa recognized (by Wakf board/Madarsa Board),Co-Ed,5,4,4,5,0,5,5,1,3,5,4,5,5,5,0,5,0,5,5,2,2,4
Punjab,Urban,UPS (I-VIII),Madarsa recognized (by Wakf board/Madarsa Board),Co-Ed,2,2,1,2,0,2,2,0,1,1,2,2,2,2,1,2,0,2,2,1,1,1
Punjab,Rural,HSS (I-XII),Other Govt. managed schools,Co-Ed,28,28,27,28,5,28,28,16,24,28,28,28,28,27,7,28,18,22,20,13,26,28
Punjab,Urban,HSS (I-XII),Other Govt. managed schools,Co-Ed,1,1,1,1,0,1,1,0,1,1,1,1,1,1,1,1,1,1,1,0,1,1
Punjab,Rural,SS (I-X),Other Govt. managed schools,Co-Ed,6,6,5,6,0,6,4,5,4,5,6,6,6,6,1,6,3,2,2,2,4,6
Punjab,Rural,HSS (I-XII),Private Unaided (Recognized),Boys,1,1,1,1,1,1,1,0,0,0,1,1,1,1,0,1,0,1,1,1,1,1
Punjab,Rural,HSS (I-XII),Private Unaided (Recognized),Girls,5,5,5,5,0,5,5,3,5,5,5,5,5,5,0,5,4,3,3,3,5,5
Punjab,Rural,HSS (I-XII),Private Unaided (Recognized),Co-Ed,1483,1480,1386,1483,206,1480,1483,1034,1451,1198,1455,1483,1483,1454,541,1483,960,1248,1186,510,1415,1483
Punjab,Urban,HSS (I-XII),Private Unaided (Recognized),Girls,4,4,3,4,0,4,4,4,4,3,4,4,4,4,2,4,2,3,3,1,4,4
Punjab,Urban,HSS (I-XII),Private Unaided (Recognized),Co-Ed,1129,1123,889,1129,189,1129,1127,749,1108,791,1110,1129,1129,1109,373,1129,638,914,855,341,1107,1129
Punjab,Rural,HSS (IX-XII),Private Unaided (Recognized),Girls,12,11,12,12,3,12,12,8,12,6,12,12,12,12,3,12,7,7,7,4,12,12
Punjab,Rural,HSS (IX-XII),Private Unaided (Recognized),Co-Ed,17,17,17,17,2,17,17,12,15,15,16,17,17,16,8,17,13,14,13,6,17,17
Punjab,Urban,HSS (IX-XII),Private Unaided (Recognized),Girls,11,11,8,11,3,11,11,10,10,6,11,11,11,11,3,11,6,8,7,0,11,11
Punjab,Urban,HSS (IX-XII),Private Unaided (Recognized),Co-Ed,16,15,13,16,3,16,16,9,16,11,16,16,16,16,5,16,11,14,13,5,16,16
Punjab,Rural,HSS (VI-XII),Private Unaided (Recognized),Girls,3,3,3,3,1,3,3,2,3,2,3,3,3,3,1,3,2,3,3,1,3,3
Punjab,Rural,HSS (VI-XII),Private Unaided (Recognized),Co-Ed,3,3,3,3,1,3,3,2,3,1,3,3,3,3,3,3,1,2,2,1,3,3
Punjab,Urban,HSS (VI-XII),Private Unaided (Recognized),Girls,3,3,1,3,0,3,3,1,3,3,3,3,3,3,1,3,1,2,2,0,2,3
Punjab,Urban,HSS (VI-XII),Private Unaided (Recognized),Co-Ed,12,12,10,12,2,12,12,5,12,9,12,12,12,11,4,12,8,9,9,6,12,12
Punjab,Rural,HSS (XI-XII),Private Unaided (Recognized),Girls,16,16,15,16,0,16,16,15,16,13,15,16,16,16,5,16,12,12,12,3,16,16
Punjab,Rural,HSS (XI-XII),Private Unaided (Recognized),Co-Ed,58,58,54,58,10,58,58,41,56,48,57,58,58,57,25,58,39,48,46,16,55,58
Punjab,Urban,HSS (XI-XII),Private Unaided (Recognized),Girls,22,21,15,22,9,22,22,18,22,19,22,22,22,22,11,22,14,18,17,4,21,22
Punjab,Urban,HSS (XI-XII),Private Unaided (Recognized),Co-Ed,54,54,49,54,12,54,53,41,53,43,53,54,54,53,25,54,32,46,42,19,53,54
Punjab,Rural,PS (I-V),Private Unaided (Recognized),Boys,1,0,1,1,0,1,1,0,1,0,1,1,1,0,1,1,0,0,0,1,1,1
Punjab,Rural,PS (I-V),Private Unaided (Recognized),Co-Ed,338,310,259,338,18,334,326,52,269,274,323,338,338,287,64,337,0,279,252,85,216,314
Punjab,Urban,PS (I-V),Private Unaided (Recognized),Co-Ed,311,287,150,311,7,308,280,37,231,198,293,311,311,292,64,311,1,224,203,73,205,289
Punjab,Rural,SS (I-X),Private Unaided (Recognized),Boys,1,1,1,1,1,1,1,1,1,1,1,1,1,1,1,1,0,1,1,0,1,1
Punjab,Rural,SS (I-X),Private Unaided (Recognized),Girls,1,1,1,1,0,1,1,0,1,1,1,1,1,1,1,1,0,1,1,1,1,1
Punjab,Rural,SS (I-X),Private Unaided (Recognized),Co-Ed,1178,1168,1060,1178,77,1174,1178,569,1138,915,1161,1178,1178,1123,320,1178,697,993,944,371,1069,1177
Punjab,Urban,SS (I-X),Private Unaided (Recognized),Girls,1,1,0,1,0,1,1,0,1,0,1,1,1,1,0,1,0,0,0,0,1,1
Punjab,Urban,SS (I-X),Private Unaided (Recognized),Co-Ed,1194,1174,785,1194,57,1187,1189,423,1152,802,1176,1194,1194,1152,262,1194,623,929,854,339,1096,1194
Punjab,Rural,SS (IX-X),Private Unaided (Recognized),Co-Ed,1,1,1,1,0,1,1,0,1,1,1,1,1,1,0,1,0,1,1,1,1,1
Punjab,Urban,SS (IX-X),Private Unaided (Recognized),Boys,1,1,1,1,0,1,1,1,1,1,1,1,1,1,1,1,1,1,1,0,1,1
Punjab,Rural,SS (VI-X),Private Unaided (Recognized),Co-Ed,1,1,1,1,0,1,1,1,1,1,1,1,1,1,1,1,1,1,1,1,1,1
Punjab,Urban,SS (VI-X),Private Unaided (Recognized),Girls,1,1,1,1,0,1,1,1,1,1,1,1,1,1,1,1,1,0,0,0,1,1
Punjab,Urban,SS (VI-X),Private Unaided (Recognized),Co-Ed,6,6,3,6,0,6,6,2,6,5,6,6,6,5,2,6,6,4,4,2,5,6
Punjab,Rural,UPS (I-VIII),Private Unaided (Recognized),Boys,1,1,1,1,0,1,1,0,1,1,1,1,1,1,1,1,0,1,1,0,1,1
Punjab,Rural,UPS (I-VIII),Private Unaided (Recognized),Co-Ed,1121,1099,968,1120,64,1116,1106,377,1006,857,1093,1121,1121,1053,310,1121,652,925,874,353,890,1106
Punjab,Urban,UPS (I-VIII),Private Unaided (Recognized),Boys,1,1,1,1,1,1,1,0,1,1,1,1,1,1,1,1,0,1,1,1,0,1
Punjab,Urban,UPS (I-VIII),Private Unaided (Recognized),Girls,1,1,1,1,0,1,1,0,1,1,1,1,1,1,0,1,1,1,1,1,1,1
Punjab,Urban,UPS (I-VIII),Private Unaided (Recognized),Co-Ed,969,949,593,969,51,951,948,196,860,661,945,968,969,916,194,969,463,739,678,234,781,959
Punjab,Rural,UPS (VI-VIII),Private Unaided (Recognized),Co-Ed,1,1,1,1,0,1,1,0,1,1,1,1,1,1,1,1,1,1,1,0,1,1
Punjab,Rural,HSS (I-XII),Sainik School,Co-Ed,3,3,3,3,0,3,3,3,3,3,3,3,3,3,0,3,2,2,2,1,3,3
Punjab,Urban,HSS (I-XII),Sainik School,Co-Ed,7,7,6,7,0,7,7,7,7,5,7,7,7,7,2,7,4,7,5,0,7,7
Punjab,Urban,HSS (VI-XII),Sainik School,Girls,1,1,1,1,0,1,1,0,1,1,1,1,1,1,1,1,0,0,0,1,1,1
Punjab,Urban,HSS (VI-XII),Sainik School,Co-Ed,3,3,3,3,1,3,3,3,3,3,3,3,3,3,2,3,1,3,3,1,3,3
Punjab,Urban,PS (I-V),Sainik School,Co-Ed,4,4,1,4,0,4,3,0,1,2,4,4,4,3,0,4,0,2,1,1,3,3
Punjab,Rural,SS (I-X),Sainik School,Co-Ed,1,1,1,1,0,1,1,1,1,1,1,1,1,1,0,1,0,1,1,0,1,1
Punjab,Urban,SS (I-X),Sainik School,Co-Ed,1,1,0,1,0,1,1,1,1,1,1,1,1,1,0,1,1,1,1,0,1,1
Punjab,Urban,UPS (I-VIII),Sainik School,Co-Ed,1,1,1,1,1,1,1,0,0,1,1,1,1,1,0,1,0,1,0,0,0,1
Punjab,Urban,HSS (I-XII),Social welfare Department,Co-Ed,1,0,1,1,0,1,1,0,1,1,1,1,1,1,0,1,1,1,1,1,1,1
Punjab,Urban,SS (I-X),Social welfare Department,Co-Ed,2,2,1,2,1,2,2,1,1,2,2,2,2,2,0,2,2,2,2,2,2,2
Rajasthan,Rural,HSS (I-XII),Department of Education,Girls,377,295,259,377,31,320,366,133,365,126,344,370,373,145,117,375,262,339,229,216,323,376
Rajasthan,Rural,HSS (I-XII),Department of Education,Co-Ed,10234,7472,9146,10214,1204,9529,9966,2101,9586,3769,8969,10090,10055,2663,4037,10156,4213,9698,7386,6144,8611,10204
Rajasthan,Urban,HSS (I-XII),Department of Education,Boys,1,1,1,1,0,0,1,1,1,0,1,1,1,0,0,1,0,1,0,0,1,1
Rajasthan,Urban,HSS (I-XII),Department of Education,Girls,273,256,169,273,18,238,269,125,266,91,259,271,271,150,123,272,216,254,147,147,260,273
Rajasthan,Urban,HSS (I-XII),Department of Education,Co-Ed,493,438,396,493,47,440,483,205,456,124,451,487,489,225,239,490,211,456,246,236,450,490
Rajasthan,Rural,HSS (IX-XII),Department of Education,Girls,2,2,1,2,0,1,2,2,2,1,2,2,2,0,1,2,2,2,1,1,0,2
Rajasthan,Rural,HSS (IX-XII),Department of Education,Co-Ed,34,33,30,34,4,32,33,12,34,2,31,34,33,11,9,34,18,32,16,16,32,34
Rajasthan,Urban,HSS (IX-XII),Department of Education,Girls,14,14,6,14,1,11,14,5,14,2,13,14,14,10,6,14,13,13,5,7,12,14
Rajasthan,Urban,HSS (IX-XII),Department of Education,Co-Ed,17,17,15,17,0,16,17,11,17,1,17,17,17,10,13,17,8,17,10,9,17,17
Rajasthan,Rural,HSS (VI-XII),Department of Education,Girls,16,12,8,16,2,13,15,9,15,8,16,15,16,10,4,16,12,10,7,12,15,16
Rajasthan,Rural,HSS (VI-XII),Department of Education,Co-Ed,201,185,187,201,36,193,199,119,196,96,195,199,200,123,107,201,146,188,143,122,180,201
Rajasthan,Urban,HSS (VI-XII),Department of Education,Girls,21,21,14,21,0,19,21,12,21,4,17,21,21,13,10,21,16,21,6,10,20,21
Rajasthan,Urban,HSS (VI-XII),Department of Education,Co-Ed,59,54,47,59,6,51,59,41,57,21,59,59,58,35,35,58,32,55,32,29,54,59
Rajasthan,Rural,PS (I-V),Department of Education,Boys,1,0,0,0,0,0,0,0,0,0,0,0,0,0,0,0,0,0,0,0,1,0
Rajasthan,Rural,PS (I-V),Department of Education,Girls,11,3,8,6,0,6,5,0,6,1,2,8,9,0,3,9,0,7,5,1,3,2
Rajasthan,Rural,PS (I-V),Department of Education,Co-Ed,422,208,279,238,25,227,160,5,236,62,33,357,346,8,79,370,0,220,138,122,108,17
Rajasthan,Urban,PS (I-V),Department of Education,Girls,9,3,2,7,1,5,8,0,6,1,3,9,9,3,0,9,0,5,3,4,6,2
Rajasthan,Urban,PS (I-V),Department of Education,Co-Ed,878,462,465,718,44,487,629,14,506,155,193,815,820,38,92,838,0,551,291,233,330,37
Rajasthan,Rural,SS (I-X),Department of Education,Girls,375,264,246,374,46,290,359,16,347,95,277,367,365,88,107,373,174,308,192,192,284,362
Rajasthan,Rural,SS (I-X),Department of Education,Co-Ed,2956,2077,2526,2934,304,2554,2795,65,2611,885,1992,2891,2851,448,1198,2917,759,2659,1947,1539,2123,2680
Rajasthan,Urban,SS (I-X),Department of Education,Girls,58,44,25,58,8,44,57,4,47,7,48,57,58,21,15,58,29,49,19,27,47,57
Rajasthan,Urban,SS (I-X),Department of Education,Co-Ed,306,245,190,304,33,237,293,24,272,48,238,297,296,78,93,303,76,271,140,121,238,284
Rajasthan,Rural,SS (VI-X),Department of Education,Girls,19,18,9,19,2,16,19,1,19,6,18,19,19,5,4,19,9,13,6,13,17,19
Rajasthan,Rural,SS (VI-X),Department of Education,Co-Ed,8,6,8,7,3,8,7,1,6,4,4,8,7,0,4,8,4,7,5,3,3,7
Rajasthan,Urban,SS (VI-X),Department of Education,Girls,6,6,3,6,1,6,6,0,4,2,5,6,6,3,0,6,4,6,2,3,6,6
Rajasthan,Urban,SS (VI-X),Department of Education,Co-Ed,7,6,5,7,2,4,7,0,7,2,4,5,7,2,2,7,2,6,2,5,6,7
Rajasthan,Rural,UPS (I-VIII),Department of Education,Girls,1538,1260,1040,1498,138,1205,1470,58,1351,442,808,1503,1488,152,509,1523,393,1227,749,675,790,921
Rajasthan,Rural,UPS (I-VIII),Department of Education,Co-Ed,16417,12876,13156,15545,1261,13135,15195,537,14094,4884,6772,15781,15491,1497,5391,16159,3323,14028,9871,6800,8209,7403
Rajasthan,Urban,UPS (I-VIII),Department of Education,Girls,178,145,75,175,18,115,171,9,124,33,86,176,173,38,28,178,38,124,71,60,82,74
Rajasthan,Urban,UPS (I-VIII),Department of Education,Co-Ed,971,771,522,934,63,611,898,22,745,169,430,940,942,164,188,959,184,763,427,333,426,464
Rajasthan,Rural,UPS (VI-VIII),Department of Education,Boys,2,2,2,2,0,2,2,1,2,1,2,2,2,1,1,2,0,1,1,1,1,1
Rajasthan,Rural,UPS (VI-VIII),Department of Education,Girls,77,74,57,77,44,69,75,11,72,65,63,77,76,56,29,77,66,62,35,40,48,71
Rajasthan,Rural,UPS (VI-VIII),Department of Education,Co-Ed,90,84,77,89,46,81,87,18,87,72,65,89,88,68,26,89,76,72,47,49,57,81
Rajasthan,Urban,UPS (VI-VIII),Department of Education,Girls,11,10,10,11,4,10,10,1,11,11,6,11,11,7,7,11,9,8,6,5,8,10
Rajasthan,Urban,UPS (VI-VIII),Department of Education,Co-Ed,17,14,11,17,5,12,17,5,17,14,13,17,17,8,8,17,12,12,7,8,13,17
Rajasthan,Rural,HSS (VI-XII),Jawahar Navodaya Vidyalaya,Co-Ed,27,27,26,27,20,26,27,27,27,21,27,27,27,25,4,27,25,26,22,19,27,27
Rajasthan,Urban,HSS (VI-XII),Jawahar Navodaya Vidyalaya,Co-Ed,7,7,6,7,4,7,7,6,7,4,7,7,7,7,2,7,6,7,5,6,7,7
Rajasthan,Urban,SS (VI-X),Jawahar Navodaya Vidyalaya,Co-Ed,1,1,1,1,0,1,1,1,1,0,1,1,1,1,0,1,0,1,1,1,1,1
Rajasthan,Rural,HSS (I-XII),Kendriya Vidyalaya / Central School,Co-Ed,20,20,17,20,3,20,20,20,19,9,19,20,20,19,8,20,12,19,13,7,20,20
Rajasthan,Urban,HSS (I-XII),Kendriya Vidyalaya / Central School,Co-Ed,41,41,40,41,4,41,41,40,41,19,41,41,40,40,24,41,22,40,33,12,41,41
Rajasthan,Rural,SS (I-X),Kendriya Vidyalaya / Central School,Co-Ed,6,6,3,6,2,6,6,6,5,2,6,6,6,5,4,6,3,5,5,1,6,6
Rajasthan,Urban,SS (I-X),Kendriya Vidyalaya / Central School,Co-Ed,5,4,4,5,0,5,5,5,5,1,5,5,5,5,2,5,3,5,5,1,5,5
Rajasthan,Rural,UPS (I-VIII),Kendriya Vidyalaya / Central School,Co-Ed,1,1,1,1,0,1,1,1,1,0,1,1,1,1,0,1,0,1,1,1,1,1
Rajasthan,Urban,UPS (I-VIII),Kendriya Vidyalaya / Central School,Co-Ed,4,3,4,4,0,4,4,2,4,1,4,4,4,4,1,4,0,3,2,0,4,4
Rajasthan,Rural,HSS (I-XII),Local body,Co-Ed,1,1,1,1,0,1,1,0,1,0,1,1,1,0,1,1,0,1,1,0,0,0
Rajasthan,Rural,PS (I-V),Local body,Boys,1,0,1,0,0,1,0,0,0,0,0,0,1,0,0,1,0,0,0,0,1,0
Rajasthan,Rural,PS (I-V),Local body,Girls,95,52,64,64,5,67,56,2,69,19,12,87,87,2,30,87,0,62,34,32,39,8
Rajasthan,Rural,PS (I-V),Local body,Co-Ed,29793,18526,22993,21522,1598,20951,19560,866,19834,6951,5006,27742,26980,763,7961,28606,0,19052,11747,9127,13163,957
Rajasthan,Urban,PS (I-V),Local body,Co-Ed,18,12,12,15,0,10,9,0,9,1,1,15,15,1,5,16,0,14,11,6,8,0
Rajasthan,Urban,SS (I-X),Local body,Co-Ed,1,1,1,1,0,1,1,0,1,0,0,1,0,0,1,0,0,1,0,0,0,0
Rajasthan,Rural,UPS (I-VIII),Local body,Girls,2,1,0,1,0,1,1,0,2,2,0,2,2,1,1,2,1,2,0,1,1,0
Rajasthan,Rural,UPS (I-VIII),Local body,Co-Ed,173,94,147,140,10,131,123,8,124,28,30,162,156,13,78,166,32,132,83,60,93,21
Rajasthan,Rural,HSS (I-XII),Madarsa recognized (by Wakf board/Madarsa Board),Co-Ed,6,5,5,5,1,6,6,4,6,3,6,5,5,2,3,6,3,5,4,3,6,5
Rajasthan,Urban,HSS (I-XII),Madarsa recognized (by Wakf board/Madarsa Board),Co-Ed,7,7,4,6,0,6,5,1,6,2,7,7,7,4,0,6,4,5,3,2,5,7
Rajasthan,Rural,HSS (IX-XII),Madarsa recognized (by Wakf board/Madarsa Board),Co-Ed,1,1,1,1,0,1,1,1,1,1,0,1,1,1,0,1,0,0,0,0,0,1
Rajasthan,Urban,HSS (IX-XII),Madarsa recognized (by Wakf board/Madarsa Board),Co-Ed,1,1,1,1,0,1,1,1,1,0,1,1,1,0,0,1,1,1,1,0,1,1
Rajasthan,Urban,HSS (VI-XII),Madarsa recognized (by Wakf board/Madarsa Board),Co-Ed,1,1,0,1,0,1,1,1,1,0,1,1,1,0,0,1,1,1,1,0,1,1
Rajasthan,Rural,PS (I-V),Madarsa recognized (by Wakf board/Madarsa Board),Boys,2,0,1,0,1,2,0,0,2,0,0,2,2,2,0,2,0,0,0,0,2,1
Rajasthan,Rural,PS (I-V),Madarsa recognized (by Wakf board/Madarsa Board),Girls,3,3,3,3,0,2,1,1,2,1,1,3,3,0,1,3,0,2,1,0,1,1
Rajasthan,Rural,PS (I-V),Madarsa recognized (by Wakf board/Madarsa Board),Co-Ed,1185,338,551,742,99,460,255,30,299,128,284,969,1003,57,159,1001,0,141,72,194,261,257
Rajasthan,Urban,PS (I-V),Madarsa recognized (by Wakf board/Madarsa Board),Boys,1,1,1,1,0,1,1,0,1,1,1,1,1,0,1,1,0,1,1,1,1,1
Rajasthan,Urban,PS (I-V),Madarsa recognized (by Wakf board/Madarsa Board),Girls,6,2,2,5,0,3,4,0,3,1,5,6,6,2,0,5,0,0,0,1,1,2
Rajasthan,Urban,PS (I-V),Madarsa recognized (by Wakf board/Madarsa Board),Co-Ed,986,336,244,859,58,365,294,11,268,77,401,881,871,103,47,928,0,132,52,121,157,306
Rajasthan,Rural,SS (I-X),Madarsa recognized (by Wakf board/Madarsa Board),Co-Ed,6,6,6,6,0,6,5,3,6,2,5,6,6,2,2,6,3,5,2,3,6,6
Rajasthan,Urban,SS (I-X),Madarsa recognized (by Wakf board/Madarsa Board),Co-Ed,18,16,11,17,0,14,12,1,14,4,17,15,15,8,3,18,7,8,3,5,12,17
Rajasthan,Rural,SS (IX-X),Madarsa recognized (by Wakf board/Madarsa Board),Co-Ed,1,1,1,1,0,1,0,0,1,0,1,1,1,1,1,1,1,1,1,1,0,1
Rajasthan,Urban,SS (VI-X),Madarsa recognized (by Wakf board/Madarsa Board),Co-Ed,1,1,0,1,0,1,1,0,1,0,1,1,1,1,0,1,0,1,1,0,0,1
Rajasthan,Rural,UPS (I-VIII),Madarsa recognized (by Wakf board/Madarsa Board),Girls,2,2,2,2,1,2,2,0,2,0,2,2,2,0,1,2,2,2,0,2,1,2
Rajasthan,Rural,UPS (I-VIII),Madarsa recognized (by Wakf board/Madarsa Board),Co-Ed,116,82,85,96,7,76,57,6,75,32,88,109,110,21,26,107,48,39,17,23,50,88
Rajasthan,Urban,UPS (I-VIII),Madarsa recognized (by Wakf board/Madarsa Board),Girls,7,5,2,6,0,6,3,0,5,1,5,7,7,1,0,7,3,1,1,1,2,4
Rajasthan,Urban,UPS (I-VIII),Madarsa recognized (by Wakf board/Madarsa Board),Co-Ed,221,172,83,215,18,127,99,15,144,45,180,212,205,57,14,220,87,54,20,35,93,199
Rajasthan,Rural,PS (I-V),Madarsa unrecognized,Co-Ed,15,4,9,6,3,5,5,0,6,2,2,12,8,2,1,14,0,2,1,5,7,2
Rajasthan,Urban,PS (I-V),Madarsa unrecognized,Co-Ed,9,5,4,8,0,2,4,0,1,0,3,9,8,2,0,9,0,3,0,2,5,3
Rajasthan,Rural,UPS (I-VIII),Madarsa unrecognized,Co-Ed,3,3,2,3,0,3,2,1,3,2,2,3,3,2,2,3,3,2,2,2,2,2
Rajasthan,Urban,UPS (I-VIII),Madarsa unrecognized,Co-Ed,1,1,0,1,0,1,1,0,0,0,1,1,1,0,0,1,1,0,0,0,1,1
Rajasthan,Rural,HSS (I-XII),Other Central Govt. Schools,Co-Ed,2,2,2,2,0,2,2,2,2,2,2,2,2,2,1,2,1,1,1,1,2,2
Rajasthan,Urban,HSS (I-XII),Other Central Govt. Schools,Co-Ed,2,2,2,2,1,2,2,2,2,1,2,2,2,2,1,2,1,2,1,0,2,2
Rajasthan,Rural,SS (I-X),Other Central Govt. Schools,Co-Ed,1,1,1,1,0,1,1,1,1,1,1,1,1,1,0,1,1,1,0,0,1,1
Rajasthan,Rural,HSS (VI-XII),Other Govt. managed schools,Girls,1,1,1,1,0,1,0,0,1,1,1,1,1,0,0,1,1,1,0,0,1,0
Rajasthan,Urban,HSS (VI-XII),Other Govt. managed schools,Boys,1,1,0,1,1,0,1,0,1,1,1,1,1,1,1,0,0,0,0,0,0,1
Rajasthan,Rural,UPS (VI-VIII),Other Govt. managed schools,Boys,4,3,2,3,1,2,1,1,2,1,2,4,3,1,0,4,0,1,0,0,2,1
Rajasthan,Rural,UPS (VI-VIII),Other Govt. managed schools,Girls,2,0,0,1,0,0,0,0,0,0,2,0,2,0,1,2,1,0,0,0,0,0
Rajasthan,Urban,UPS (VI-VIII),Other Govt. managed schools,Girls,1,1,0,1,0,0,0,0,0,0,1,1,1,1,0,1,0,1,0,0,0,0
Rajasthan,Urban,UPS (VI-VIII),Other Govt. managed schools,Co-Ed,1,1,1,1,0,1,1,0,1,0,1,1,1,0,0,1,0,0,0,0,1,1
Rajasthan,Rural,HSS (I-XII),Private Unaided (Recognized),Boys,1,1,1,1,0,1,1,1,1,0,1,1,1,1,0,1,0,0,0,1,1,1
Rajasthan,Rural,HSS (I-XII),Private Unaided (Recognized),Girls,12,11,10,12,4,12,11,8,11,4,10,11,11,9,4,12,7,4,4,3,10,11
Rajasthan,Rural,HSS (I-XII),Private Unaided (Recognized),Co-Ed,4664,4472,3875,4496,657,4485,4285,2299,4473,1289,4080,4392,4350,2009,1737,4586,3145,2760,1675,1404,3961,4375
Rajasthan,Urban,HSS (I-XII),Private Unaided (Recognized),Girls,44,43,31,44,10,41,44,33,43,16,42,44,44,35,20,44,34,33,14,13,39,43
Rajasthan,Urban,HSS (I-XII),Private Unaided (Recognized),Co-Ed,3663,3574,2547,3627,562,3531,3501,2044,3537,1160,3516,3550,3516,2596,1331,3642,2436,2364,1413,834,3379,3586
Rajasthan,Rural,HSS (IX-XII),Private Unaided (Recognized),Girls,2,2,2,2,0,2,2,1,2,0,2,2,2,2,0,2,2,0,0,1,1,2
Rajasthan,Rural,HSS (IX-XII),Private Unaided (Recognized),Co-Ed,17,17,17,16,0,17,15,7,17,4,17,17,17,8,4,17,11,10,3,7,17,17
Rajasthan,Urban,HSS (IX-XII),Private Unaided (Recognized),Girls,4,4,2,4,1,3,4,0,4,0,4,4,4,1,0,4,1,2,1,0,4,4
Rajasthan,Urban,HSS (IX-XII),Private Unaided (Recognized),Co-Ed,57,56,44,56,8,50,53,34,54,12,55,56,55,33,16,57,39,36,14,12,52,56
Rajasthan,Rural,HSS (VI-XII),Private Unaided (Recognized),Girls,5,5,4,5,1,5,5,4,5,3,5,5,5,5,1,5,4,3,2,2,5,5
Rajasthan,Rural,HSS (VI-XII),Private Unaided (Recognized),Co-Ed,59,55,46,59,13,59,57,32,58,25,53,54,55,37,21,57,40,40,26,18,51,56
Rajasthan,Urban,HSS (VI-XII),Private Unaided (Recognized),Boys,2,2,1,2,0,2,2,1,2,0,2,2,2,2,0,2,1,2,0,0,2,2
Rajasthan,Urban,HSS (VI-XII),Private Unaided (Recognized),Girls,29,29,20,29,5,28,29,21,29,11,29,28,28,23,8,29,21,17,8,6,29,29
Rajasthan,Urban,HSS (VI-XII),Private Unaided (Recognized),Co-Ed,143,141,102,142,25,134,131,77,141,50,141,140,134,113,44,143,95,89,55,28,136,142
Rajasthan,Urban,HSS (XI-XII),Private Unaided (Recognized),Co-Ed,2,2,2,2,0,2,2,1,2,0,2,2,2,2,1,2,1,2,1,0,2,2
Rajasthan,Rural,PS (I-V),Private Unaided (Recognized),Girls,3,3,3,3,1,3,2,0,1,1,3,3,3,2,1,3,0,2,2,0,1,1
Rajasthan,Rural,PS (I-V),Private Unaided (Recognized),Co-Ed,1946,1671,1121,1715,162,1675,1102,225,1626,240,859,1766,1738,386,382,1853,0,821,405,373,1121,1217
Rajasthan,Urban,PS (I-V),Private Unaided (Recognized),Girls,1,1,1,1,0,1,1,0,1,0,1,1,1,0,0,1,0,1,0,0,1,1
Rajasthan,Urban,PS (I-V),Private Unaided (Recognized),Co-Ed,1045,976,556,1026,81,949,713,131,936,216,850,996,993,594,186,1035,0,515,243,132,785,905
Rajasthan,Rural,SS (I-X),Private Unaided (Recognized),Girls,1,1,1,1,0,1,1,1,1,0,1,1,1,1,0,1,1,1,1,1,1,1
Rajasthan,Rural,SS (I-X),Private Unaided (Recognized),Co-Ed,4103,3882,3152,3915,396,3892,3474,1222,3885,732,3120,3831,3777,1296,1138,4033,2440,2133,1161,1080,3189,3537
Rajasthan,Urban,SS (I-X),Private Unaided (Recognized),Girls,14,14,10,13,1,13,10,2,13,2,12,14,14,7,1,14,8,9,5,1,11,13
Rajasthan,Urban,SS (I-X),Private Unaided (Recognized),Co-Ed,2798,2683,1654,2763,241,2652,2526,821,2666,612,2556,2699,2669,1576,656,2780,1639,1578,799,523,2345,2616
Rajasthan,Rural,SS (IX-X),Private Unaided (Recognized),Co-Ed,6,5,4,6,0,5,4,2,5,2,4,5,6,3,0,5,2,3,0,1,3,3
Rajasthan,Urban,SS (IX-X),Private Unaided (Recognized),Co-Ed,3,3,1,3,0,3,2,1,2,0,3,3,3,2,0,3,1,2,1,1,3,3
Rajasthan,Rural,SS (VI-X),Private Unaided (Recognized),Boys,1,1,1,1,0,1,1,1,1,0,1,1,1,1,0,1,0,0,0,1,0,1
Rajasthan,Rural,SS (VI-X),Private Unaided (Recognized),Co-Ed,15,15,10,15,1,15,11,2,14,2,14,15,15,5,1,15,4,12,4,4,14,15
Rajasthan,Urban,SS (VI-X),Private Unaided (Recognized),Girls,10,10,9,10,0,10,10,4,9,3,10,10,10,4,2,10,6,2,1,1,9,10
Rajasthan,Urban,SS (VI-X),Private Unaided (Recognized),Co-Ed,40,39,30,39,4,35,37,8,39,9,36,38,38,22,7,40,25,17,7,6,34,36
Rajasthan,Rural,UPS (I-VIII),Private Unaided (Recognized),Girls,11,11,7,11,3,10,7,3,10,6,9,11,11,8,5,11,5,6,4,2,10,11
Rajasthan,Rural,UPS (I-VIII),Private Unaided (Recognized),Co-Ed,10651,9886,7222,9838,961,9715,7563,1700,9728,1424,5325,9889,9742,2410,2518,10386,5770,4776,2433,2363,6879,7614
Rajasthan,Urban,UPS (I-VIII),Private Unaided (Recognized),Girls,17,17,8,17,1,16,15,2,16,2,13,16,14,11,4,16,13,8,4,4,15,17
Rajasthan,Urban,UPS (I-VIII),Private Unaided (Recognized),Co-Ed,5445,5139,3060,5332,480,4917,4197,856,5037,1005,4372,5196,5131,2727,1153,5392,2933,2701,1339,805,4055,4641
Rajasthan,Rural,UPS (VI-VIII),Private Unaided (Recognized),Co-Ed,3,2,1,3,0,2,0,1,2,1,2,3,3,0,0,3,1,0,0,1,0,0
Rajasthan,Urban,UPS (VI-VIII),Private Unaided (Recognized),Co-Ed,9,8,5,8,0,7,6,1,8,0,8,8,8,2,1,9,4,1,0,0,5,6
Rajasthan,Urban,HSS (I-XII),Railway School,Co-Ed,1,1,1,1,0,1,1,0,1,0,1,1,1,1,1,1,0,1,0,1,1,1
Rajasthan,Urban,HSS (VI-XII),Railway School,Co-Ed,1,1,1,1,0,1,1,1,1,0,1,1,1,1,0,1,1,1,0,0,1,1
Rajasthan,Urban,PS (I-V),Railway School,Co-Ed,1,0,1,1,0,1,1,0,0,0,1,1,1,0,0,1,0,1,0,0,0,0
Rajasthan,Urban,SS (I-X),Railway School,Co-Ed,1,1,1,1,0,1,1,0,1,0,1,1,1,1,1,1,0,1,0,0,0,1
Rajasthan,Rural,HSS (VI-XII),Sainik School,Co-Ed,2,2,2,2,2,2,2,2,2,0,2,2,2,2,1,2,2,1,0,0,2,2
Rajasthan,Urban,HSS (VI-XII),Sainik School,Co-Ed,2,2,2,2,2,2,2,2,2,1,2,2,2,2,1,2,1,0,0,1,2,2
Rajasthan,Rural,SS (I-X),Sainik School,Co-Ed,1,1,1,1,0,1,1,1,1,1,1,1,1,1,0,1,0,0,0,0,1,1
Rajasthan,Rural,HSS (VI-XII),Social welfare Department,Boys,5,5,5,5,5,5,5,1,4,1,5,4,4,4,4,5,0,5,2,3,3,5
Rajasthan,Rural,HSS (VI-XII),Social welfare Department,Girls,9,9,9,9,5,9,9,5,8,6,9,9,9,9,6,9,5,8,6,6,8,9
Rajasthan,Rural,HSS (VI-XII),Social welfare Department,Co-Ed,5,5,5,5,3,5,5,4,5,5,4,5,5,5,1,5,1,5,5,2,3,5
Rajasthan,Urban,HSS (VI-XII),Social welfare Department,Boys,1,1,1,1,1,1,1,1,1,0,1,1,1,1,1,1,0,1,1,1,1,1
Rajasthan,Urban,PS (I-V),Social welfare Department,Co-Ed,1,1,1,1,0,1,0,0,1,1,0,1,1,1,1,1,0,0,0,0,1,1
Rajasthan,Rural,SS (VI-X),Social welfare Department,Co-Ed,1,1,1,1,0,1,1,0,1,1,1,1,1,1,0,1,0,1,1,0,1,1
Rajasthan,Urban,UPS (I-VIII),Social welfare Department,Co-Ed,3,3,0,3,0,3,3,0,3,2,3,3,3,3,0,3,1,3,3,1,2,3
Rajasthan,Rural,HSS (VI-XII),Tribal Welfare Department,Boys,2,2,2,2,1,1,2,1,2,0,2,2,2,1,1,2,0,2,2,2,2,2
Rajasthan,Rural,HSS (VI-XII),Tribal Welfare Department,Girls,15,15,15,15,7,15,14,8,15,9,15,15,14,12,2,15,8,11,4,10,11,15
Rajasthan,Rural,HSS (VI-XII),Tribal Welfare Department,Co-Ed,19,15,15,19,9,16,16,13,16,6,15,18,19,14,3,18,6,14,6,8,13,17
Rajasthan,Urban,HSS (VI-XII),Tribal Welfare Department,Boys,1,1,1,1,1,1,1,0,1,0,1,1,1,0,0,1,0,1,0,0,1,1
Rajasthan,Urban,HSS (VI-XII),Tribal Welfare Department,Girls,2,2,2,2,0,2,2,2,2,1,2,2,2,2,2,2,1,1,1,2,2,2
Rajasthan,Urban,HSS (VI-XII),Tribal Welfare Department,Co-Ed,2,2,2,2,0,2,2,2,2,1,2,2,2,1,0,2,0,1,0,2,2,2
Rajasthan,Rural,PS (I-V),Tribal Welfare Department,Co-Ed,2545,446,1212,312,187,734,193,17,292,251,283,1377,1616,15,38,1715,0,171,76,800,614,16
Rajasthan,Urban,PS (I-V),Tribal Welfare Department,Co-Ed,6,0,0,0,0,0,1,0,0,1,0,2,0,0,0,5,0,2,0,1,4,0
Rajasthan,Rural,SS (VI-X),Tribal Welfare Department,Boys,3,2,1,3,0,2,1,0,2,1,3,3,2,2,2,3,0,2,2,1,2,2
Rajasthan,Rural,SS (VI-X),Tribal Welfare Department,Co-Ed,3,3,3,3,1,3,2,1,2,0,1,3,3,2,0,3,1,2,2,2,1,3
Rajasthan,Urban,UPS (I-VIII),Tribal Welfare Department,Co-Ed,3,3,3,3,0,3,1,1,1,1,1,3,3,1,0,3,2,3,3,1,2,1
Rajasthan,Rural,UPS (VI-VIII),Tribal Welfare Department,Co-Ed,3,1,2,3,0,3,1,0,3,0,3,3,3,2,0,3,0,2,1,1,2,3
Sikkim,Rural,PS (I-V),Central Tibetan School,Co-Ed,1,1,1,1,0,1,1,0,1,0,1,1,1,1,0,1,0,0,0,0,1,1
Sikkim,Rural,HSS (I-XII),Department of Education,Co-Ed,77,73,73,77,20,76,76,36,52,42,76,77,77,29,23,75,32,36,23,51,48,77
Sikkim,Urban,HSS (I-XII),Department of Education,Boys,1,1,1,1,0,1,1,1,1,1,1,1,1,1,0,1,0,1,1,1,1,1
Sikkim,Urban,HSS (I-XII),Department of Education,Girls,2,2,1,2,1,2,2,2,2,1,2,2,2,1,1,2,1,1,1,1,2,2
Sikkim,Urban,HSS (I-XII),Department of Education,Co-Ed,9,9,8,9,0,7,9,8,8,6,9,9,9,7,2,8,3,4,4,5,7,9
Sikkim,Rural,PS (I-V),Department of Education,Co-Ed,386,157,274,369,19,316,373,5,32,158,384,386,381,106,38,370,0,139,102,232,59,362
Sikkim,Urban,PS (I-V),Department of Education,Co-Ed,3,1,1,3,0,2,3,0,0,0,3,3,3,1,0,3,0,2,2,1,0,2
Sikkim,Rural,SS (I-X),Department of Education,Co-Ed,112,96,102,110,28,109,110,7,61,76,112,111,111,35,26,110,36,53,42,76,50,112
Sikkim,Urban,SS (I-X),Department of Education,Co-Ed,6,5,4,6,0,6,6,0,5,2,6,6,6,1,2,6,2,1,1,2,2,6
Sikkim,Rural,SS (VI-X),Department of Education,Girls,1,1,1,1,1,1,1,0,1,0,1,1,1,0,0,1,1,1,1,1,1,1
Sikkim,Rural,SS (VI-X),Department of Education,Co-Ed,1,1,1,1,1,1,1,0,0,0,1,1,1,0,1,1,1,1,1,0,0,1
Sikkim,Urban,SS (VI-X),Department of Education,Girls,1,1,0,1,0,1,1,0,1,0,1,1,1,0,0,1,0,0,0,1,1,1
Sikkim,Rural,UPS (I-VIII),Department of Education,Co-Ed,163,128,122,162,17,145,162,1,46,80,162,163,161,37,22,158,20,65,49,76,42,162
Sikkim,Urban,UPS (I-VIII),Department of Education,Co-Ed,4,2,2,4,0,4,4,0,1,1,4,4,4,1,1,4,0,1,1,0,1,4
Sikkim,Rural,HSS (I-XII),Government Aided,Boys,1,0,1,1,0,1,1,0,0,0,1,1,1,0,0,1,0,0,0,0,0,0
Sikkim,Rural,HSS (I-XII),Government Aided,Co-Ed,1,0,1,1,0,1,1,0,0,1,1,1,1,0,0,1,0,0,0,0,1,1
Sikkim,Urban,HSS (I-XII),Government Aided,Girls,1,1,1,1,0,1,1,1,1,1,1,1,1,0,1,1,0,1,1,0,1,1
Sikkim,Urban,HSS (I-XII),Government Aided,Co-Ed,1,1,1,1,0,1,1,1,1,1,1,1,1,1,1,1,1,1,1,0,1,1
Sikkim,Rural,HSS (VI-XII),Government Aided,Boys,1,1,1,1,0,0,1,0,0,0,1,1,1,0,0,1,0,0,0,0,1,1
Sikkim,Rural,HSS (VI-XII),Government Aided,Co-Ed,3,2,3,3,2,3,3,1,1,2,3,3,3,1,0,3,1,0,0,2,2,3
Sikkim,Rural,PS (I-V),Government Aided,Boys,1,0,1,1,1,0,0,0,0,1,1,1,1,0,0,1,0,0,0,0,0,0
Sikkim,Rural,PS (I-V),Government Aided,Co-Ed,4,3,4,4,1,3,4,0,1,1,4,4,4,1,0,4,0,1,1,3,1,3
Sikkim,Urban,PS (I-V),Government Aided,Boys,1,1,0,1,0,0,0,0,0,0,1,1,1,0,0,1,0,0,0,1,0,0
Sikkim,Urban,SS (I-X),Government Aided,Co-Ed,1,1,0,1,0,1,1,0,0,0,1,1,1,1,1,1,0,0,0,0,0,1
Sikkim,Rural,SS (VI-X),Government Aided,Co-Ed,2,1,1,2,0,0,1,0,0,0,2,2,2,0,0,1,0,0,0,1,1,1
Sikkim,Rural,UPS (I-VIII),Government Aided,Co-Ed,2,0,1,2,0,2,1,0,0,0,2,2,2,0,0,2,0,0,0,2,0,2
Sikkim,Rural,HSS (VI-XII),Jawahar Navodaya Vidyalaya,Co-Ed,4,4,3,4,2,4,4,4,4,2,4,4,4,3,0,4,3,3,2,2,4,4
Sikkim,Rural,HSS (I-XII),Kendriya Vidyalaya / Central School,Co-Ed,2,2,2,2,0,2,2,2,2,0,2,2,2,2,0,2,0,1,0,1,2,2
Sikkim,Urban,SS (I-X),Other Central Govt. Schools,Co-Ed,1,1,1,1,0,1,1,1,1,1,1,1,1,1,0,1,0,0,0,0,1,1
Sikkim,Rural,PS (I-V),Other Govt. managed schools,Boys,9,1,6,9,0,4,2,0,0,1,7,9,8,1,0,9,0,0,0,5,0,0
Sikkim,Rural,PS (I-V),Other Govt. managed schools,Co-Ed,1,1,0,1,0,0,0,0,0,0,1,0,1,0,0,0,0,0,0,1,0,0
Sikkim,Urban,PS (I-V),Other Govt. managed schools,Boys,1,0,0,1,0,0,0,0,0,0,1,1,1,0,0,1,0,0,0,0,0,0
Sikkim,Rural,UPS (I-VIII),Other Govt. managed schools,Boys,2,2,2,2,0,1,0,0,0,1,1,2,2,0,0,2,0,0,0,2,0,0
Sikkim,Rural,HSS (I-XII),Private Unaided (Recognized),Co-Ed,9,8,7,9,4,9,9,8,9,6,9,9,9,6,1,9,6,3,0,3,8,9
Sikkim,Urban,HSS (I-XII),Private Unaided (Recognized),Co-Ed,4,4,3,4,0,3,4,3,4,3,4,4,4,4,1,4,2,0,0,1,3,3
Sikkim,Rural,PS (I-V),Private Unaided (Recognized),Boys,2,1,1,2,0,2,0,0,0,1,2,2,2,0,0,2,0,0,0,1,0,0
Sikkim,Rural,PS (I-V),Private Unaided (Recognized),Co-Ed,166,143,99,166,14,144,132,9,51,31,164,166,166,89,4,163,0,20,7,85,75,152
Sikkim,Urban,PS (I-V),Private Unaided (Recognized),Co-Ed,36,35,13,36,1,27,27,5,8,4,36,36,36,25,2,36,0,1,1,8,21,35
Sikkim,Rural,SS (I-X),Private Unaided (Recognized),Co-Ed,16,16,14,16,2,16,16,5,12,8,16,16,16,6,2,16,3,5,3,7,11,16
Sikkim,Urban,SS (I-X),Private Unaided (Recognized),Co-Ed,9,9,8,9,0,8,9,6,9,3,9,9,9,8,1,9,2,0,0,1,6,9
Sikkim,Rural,UPS (I-VIII),Private Unaided (Recognized),Co-Ed,109,100,70,109,7,100,97,10,42,30,107,109,109,67,9,107,13,17,7,60,52,108
Sikkim,Urban,UPS (I-VIII),Private Unaided (Recognized),Co-Ed,25,25,11,25,1,24,23,2,17,1,25,25,25,20,2,25,2,0,0,7,19,25
Sikkim,Rural,HSS (VI-XII),Social welfare Department,Co-Ed,1,1,1,1,0,1,1,0,1,0,1,1,1,0,1,1,0,0,0,1,1,1
Sikkim,Rural,PS (I-V),Social welfare Department,Co-Ed,2,2,1,2,0,2,2,0,1,0,2,2,2,2,0,2,0,2,1,0,0,2
Sikkim,Urban,PS (I-V),Social welfare Department,Co-Ed,1,1,0,1,0,1,1,0,0,0,1,1,1,1,0,1,0,0,0,1,0,1
Sikkim,Rural,PS (I-V),Tribal Welfare Department,Boys,58,19,47,58,3,37,29,0,0,23,54,58,58,9,1,57,0,6,2,22,7,6
Sikkim,Rural,PS (I-V),Tribal Welfare Department,Girls,1,0,1,1,0,0,0,0,0,1,1,1,1,0,0,1,0,0,0,0,0,1
Sikkim,Rural,PS (I-V),Tribal Welfare Department,Co-Ed,2,1,2,2,0,1,2,0,0,1,2,2,2,0,0,2,0,0,0,1,0,0
Sikkim,Urban,PS (I-V),Tribal Welfare Department,Boys,10,1,6,10,0,4,4,0,0,5,10,10,10,3,0,10,0,0,0,0,0,0
Sikkim,Rural,UPS (I-VIII),Tribal Welfare Department,Boys,2,2,2,2,0,2,2,1,1,2,1,2,2,0,0,2,0,0,0,1,1,2
Tamilnadu,Rural,HSS (I-XII),Department of Education,Girls,1,1,0,1,0,1,1,0,0,0,2,1,1,1,1,1,1,1,1,1,1,1
Tamilnadu,Rural,HSS (I-XII),Department of Education,Co-Ed,79,79,45,79,1,70,79,2,32,15,71,79,79,49,77,79,36,71,63,79,56,75
Tamilnadu,Urban,HSS (I-XII),Department of Education,Girls,5,5,3,5,0,4,5,0,4,1,7,5,5,5,5,5,5,4,4,5,5,5
Tamilnadu,Urban,HSS (I-XII),Department of Education,Co-Ed,46,46,33,46,5,45,46,2,24,10,27,46,46,38,42,46,27,41,40,46,43,46
Tamilnadu,Rural,HSS (IX-XII),Department of Education,Co-Ed,2,2,1,2,0,2,2,0,2,1,2,2,2,2,2,2,0,2,2,2,2,2
Tamilnadu,Rural,HSS (VI-XII),Department of Education,Boys,100,100,62,100,1,96,100,1,62,27,99,100,100,67,95,100,0,94,94,100,100,100
Tamilnadu,Rural,HSS (VI-XII),Department of Education,Girls,123,123,68,123,6,105,123,1,66,28,124,123,123,88,117,123,98,111,111,123,123,123
Tamilnadu,Rural,HSS (VI-XII),Department of Education,Co-Ed,1773,1773,1201,1773,30,1664,1773,41,1029,344,1748,1773,1773,1130,1654,1773,1224,1624,1624,1773,1773,1773
Tamilnadu,Urban,HSS (VI-XII),Department of Education,Boys,158,158,107,158,2,153,158,10,94,34,164,158,158,98,152,158,0,149,149,158,158,158
Tamilnadu,Urban,HSS (VI-XII),Department of Education,Girls,220,220,91,220,14,183,220,2,138,54,224,220,220,169,209,220,194,203,203,220,220,220
Tamilnadu,Urban,HSS (VI-XII),Department of Education,Co-Ed,336,336,196,336,8,310,336,8,191,62,320,336,336,235,323,336,250,307,307,336,335,336
Tamilnadu,Rural,PS (I-V),Department of Education,Girls,19,19,10,19,0,16,19,0,9,3,17,19,19,12,18,19,0,16,10,19,2,17
Tamilnadu,Rural,PS (I-V),Department of Education,Co-Ed,20069,20040,6184,20069,98,16576,20069,89,4940,4071,19730,20069,20069,9706,18640,20069,179,17778,7657,20040,1374,13980
Tamilnadu,Urban,PS (I-V),Department of Education,Girls,6,6,1,6,0,3,6,0,2,0,6,6,6,1,5,6,0,4,2,6,2,5
Tamilnadu,Urban,PS (I-V),Department of Education,Co-Ed,2175,2171,582,2175,47,1723,2175,12,658,512,2140,2175,2175,1292,1998,2175,38,1942,843,2171,122,1657
Tamilnadu,Rural,SS (I-X),Department of Education,Co-Ed,5,5,4,5,0,4,5,0,2,0,5,5,5,3,5,5,1,5,5,5,5,5
Tamilnadu,Rural,SS (IX-X),Department of Education,Co-Ed,2,2,1,2,0,2,2,0,2,0,1,2,2,1,2,2,2,2,2,2,2,2
Tamilnadu,Rural,SS (VI-X),Department of Education,Boys,2,2,2,2,0,2,2,0,2,2,2,2,2,1,2,2,0,2,2,2,2,2
Tamilnadu,Rural,SS (VI-X),Department of Education,Girls,60,60,32,60,0,49,60,1,40,16,60,60,60,35,54,60,49,48,48,60,60,60
Tamilnadu,Rural,SS (VI-X),Department of Education,Co-Ed,2450,2450,1344,2450,24,1955,2450,24,1475,372,2347,2450,2450,1498,2234,2450,1498,2260,2260,2450,2423,2450
Tamilnadu,Urban,SS (VI-X),Department of Education,Boys,4,4,3,4,0,4,4,0,3,1,4,4,4,4,4,4,0,3,3,4,4,4
Tamilnadu,Urban,SS (VI-X),Department of Education,Girls,22,22,5,22,0,14,22,1,13,4,22,22,22,18,20,22,13,19,19,22,22,22
Tamilnadu,Urban,SS (VI-X),Department of Education,Co-Ed,251,251,94,251,10,192,251,1,169,45,247,251,251,149,229,251,178,233,233,251,244,251
Tamilnadu,Rural,UPS (I-VIII),Department of Education,Girls,2,2,1,2,0,1,2,0,1,0,2,2,2,1,2,2,0,1,1,2,0,2
Tamilnadu,Rural,UPS (I-VIII),Department of Education,Co-Ed,5609,5609,2360,5609,56,4701,5609,21,1961,1451,5538,5609,5609,3533,5366,5609,1629,5361,5348,5609,948,5598
Tamilnadu,Urban,UPS (I-VIII),Department of Education,Co-Ed,752,752,217,752,28,577,752,2,315,202,748,752,752,543,704,752,290,716,716,752,133,752
Tamilnadu,Rural,UPS (VI-VIII),Department of Education,Co-Ed,4,4,2,4,0,4,4,0,2,0,3,4,4,1,4,4,1,4,4,4,0,4
Tamilnadu,Urban,UPS (VI-VIII),Department of Education,Co-Ed,1,1,0,1,0,1,1,0,0,0,1,1,1,1,1,1,0,1,1,1,0,1
Tamilnadu,Rural,HSS (I-XII),Government Aided,Girls,2,2,1,2,1,2,2,2,1,1,2,2,2,1,2,2,2,2,1,2,2,2
Tamilnadu,Rural,HSS (I-XII),Government Aided,Co-Ed,23,14,11,23,3,22,23,0,9,4,23,23,23,10,22,23,5,16,0,23,11,12
Tamilnadu,Urban,HSS (I-XII),Government Aided,Boys,2,2,0,2,0,2,2,0,0,0,6,2,2,2,2,2,0,1,1,2,2,2
Tamilnadu,Urban,HSS (I-XII),Government Aided,Girls,26,23,7,26,9,26,26,11,21,4,27,26,26,25,26,26,16,15,2,26,26,26
Tamilnadu,Urban,HSS (I-XII),Government Aided,Co-Ed,54,49,19,54,4,52,54,11,24,7,47,54,54,44,50,54,12,28,12,54,48,50
Tamilnadu,Rural,HSS (IX-XII),Government Aided,Girls,1,1,1,1,0,1,1,0,1,0,1,1,1,0,1,1,1,0,0,1,1,1
Tamilnadu,Rural,HSS (IX-XII),Government Aided,Co-Ed,2,2,1,2,0,2,2,0,0,1,2,2,2,2,2,2,1,1,0,2,2,2
Tamilnadu,Urban,HSS (IX-XII),Government Aided,Boys,1,1,0,1,0,1,1,0,0,0,1,1,1,1,1,1,0,0,0,1,1,1
Tamilnadu,Urban,HSS (IX-XII),Government Aided,Co-Ed,3,3,0,3,0,3,3,0,2,0,3,3,3,2,2,3,0,3,0,3,3,3
Tamilnadu,Rural,HSS (VI-XII),Government Aided,Boys,14,12,6,14,1,14,14,1,5,3,16,14,14,11,14,14,0,7,2,14,14,14
Tamilnadu,Rural,HSS (VI-XII),Government Aided,Girls,43,41,12,43,2,42,43,2,22,12,36,43,43,30,42,43,18,26,6,43,43,42
Tamilnadu,Rural,HSS (VI-XII),Government Aided,Co-Ed,309,262,159,309,16,308,309,15,143,61,292,309,309,190,297,309,97,215,54,309,306,304
Tamilnadu,Urban,HSS (VI-XII),Government Aided,Boys,131,116,51,131,13,126,131,30,70,22,125,131,131,110,128,131,0,86,17,131,129,131
Tamilnadu,Urban,HSS (VI-XII),Government Aided,Girls,204,199,55,204,22,199,204,27,111,54,200,204,204,178,203,204,118,126,35,204,204,203
Tamilnadu,Urban,HSS (VI-XII),Government Aided,Co-Ed,419,377,170,419,21,415,419,47,209,83,420,419,419,309,409,419,152,295,56,419,419,418
Tamilnadu,Rural,PS (I-V),Government Aided,Girls,40,20,12,40,1,38,40,0,10,11,41,40,40,13,34,40,0,20,4,40,6,19
Tamilnadu,Rural,PS (I-V),Government Aided,Co-Ed,3283,714,1065,3283,18,3064,3283,21,563,630,3191,3283,3283,804,2672,3283,10,2031,440,3283,360,549
Tamilnadu,Urban,PS (I-V),Government Aided,Girls,35,18,8,35,2,31,35,0,10,8,37,35,35,18,34,35,1,15,5,35,15,24
Tamilnadu,Urban,PS (I-V),Government Aided,Co-Ed,1641,708,367,1641,19,1440,1641,15,437,314,1588,1641,1641,759,1492,1641,13,943,209,1641,399,555
Tamilnadu,Rural,SS (I-X),Government Aided,Co-Ed,12,10,8,12,0,12,12,1,7,5,11,12,12,7,11,12,5,11,2,12,11,12
Tamilnadu,Urban,SS (I-X),Government Aided,Girls,3,3,0,3,2,3,3,0,3,0,2,3,3,3,3,3,1,1,1,3,3,3
Tamilnadu,Urban,SS (I-X),Government Aided,Co-Ed,12,9,6,12,3,12,12,0,7,3,12,12,12,9,12,12,3,6,2,12,11,10
Tamilnadu,Rural,SS (IX-X),Government Aided,Girls,1,1,0,1,0,1,1,0,0,0,1,1,1,0,1,1,0,0,0,1,0,0
Tamilnadu,Rural,SS (IX-X),Government Aided,Co-Ed,1,1,1,1,0,1,1,0,0,0,1,1,1,1,1,1,0,0,0,1,1,1
Tamilnadu,Urban,SS (IX-X),Government Aided,Co-Ed,1,1,0,1,0,1,1,0,0,0,1,1,1,0,1,1,0,1,0,1,1,1
Tamilnadu,Rural,SS (VI-X),Government Aided,Boys,5,4,4,5,0,5,5,0,2,2,5,5,5,1,5,5,0,4,1,5,5,5
Tamilnadu,Rural,SS (VI-X),Government Aided,Girls,14,8,8,14,2,14,14,2,7,2,14,14,14,7,13,14,4,9,4,14,14,13
Tamilnadu,Rural,SS (VI-X),Government Aided,Co-Ed,269,196,121,269,4,266,269,11,109,62,249,269,269,121,253,269,61,195,37,269,236,240
Tamilnadu,Urban,SS (VI-X),Government Aided,Boys,11,8,1,11,1,11,11,1,8,2,11,11,11,10,11,11,0,9,1,11,11,10
Tamilnadu,Urban,SS (VI-X),Government Aided,Girls,30,24,5,30,2,29,30,2,13,7,31,30,30,19,29,30,15,17,5,30,28,29
Tamilnadu,Urban,SS (VI-X),Government Aided,Co-Ed,228,177,95,228,9,221,228,4,98,45,217,228,228,128,225,228,52,146,30,228,217,213
Tamilnadu,Rural,UPS (I-VIII),Government Aided,Girls,10,5,2,10,0,10,10,1,4,0,10,10,10,3,8,10,0,4,1,10,6,7
Tamilnadu,Rural,UPS (I-VIII),Government Aided,Co-Ed,810,397,354,810,8,784,810,6,244,202,787,810,810,297,728,810,57,638,158,810,297,544
Tamilnadu,Urban,UPS (I-VIII),Government Aided,Girls,12,10,2,12,0,12,12,2,5,2,11,12,12,7,11,12,4,5,1,12,9,12
Tamilnadu,Urban,UPS (I-VIII),Government Aided,Co-Ed,640,406,178,640,10,552,640,4,257,142,633,640,640,323,598,640,45,411,71,640,354,495
Tamilnadu,Rural,UPS (VI-VIII),Government Aided,Girls,1,1,1,1,0,1,1,0,1,0,1,1,1,0,1,1,0,1,0,1,1,1
Tamilnadu,Rural,UPS (VI-VIII),Government Aided,Co-Ed,19,7,7,19,0,16,19,0,6,6,19,19,19,2,16,19,3,13,4,19,6,12
Tamilnadu,Urban,UPS (VI-VIII),Government Aided,Boys,2,1,1,2,0,2,2,0,0,0,2,2,2,2,2,2,0,2,0,2,1,2
Tamilnadu,Urban,UPS (VI-VIII),Government Aided,Co-Ed,9,5,3,9,0,9,9,0,5,3,9,9,9,3,8,9,2,4,0,9,4,8
Tamilnadu,Rural,HSS (I-XII),Kendriya Vidyalaya / Central School,Co-Ed,18,18,13,18,1,18,18,11,14,4,18,18,18,17,17,18,5,17,5,9,16,18
Tamilnadu,Urban,HSS (I-XII),Kendriya Vidyalaya / Central School,Co-Ed,23,22,5,23,3,23,23,16,16,2,23,23,23,21,19,23,8,20,12,11,23,23
Tamilnadu,Urban,SS (I-X),Kendriya Vidyalaya / Central School,Co-Ed,2,2,1,2,0,1,2,2,2,0,2,2,2,2,1,2,0,2,0,2,2,2
Tamilnadu,Rural,UPS (I-VIII),Kendriya Vidyalaya / Central School,Co-Ed,1,1,0,1,0,1,1,0,0,0,1,1,1,0,1,1,0,1,1,0,0,1
Tamilnadu,Urban,UPS (I-VIII),Kendriya Vidyalaya / Central School,Co-Ed,1,1,0,1,0,1,1,0,1,0,1,1,1,0,1,1,0,1,1,1,1,1
Tamilnadu,Rural,HSS (I-XII),Local body,Co-Ed,1,1,0,1,0,1,1,0,1,1,1,1,1,1,1,1,0,0,0,1,0,1
Tamilnadu,Urban,HSS (I-XII),Local body,Girls,1,1,0,1,0,1,1,0,1,0,1,1,1,1,1,1,1,1,1,1,1,1
Tamilnadu,Urban,HSS (I-XII),Local body,Co-Ed,3,3,1,3,1,2,3,0,1,0,2,3,3,2,3,3,1,2,2,3,3,3
Tamilnadu,Rural,HSS (VI-XII),Local body,Girls,2,2,1,2,0,2,2,0,1,1,2,2,2,1,2,2,1,2,2,2,2,2
Tamilnadu,Rural,HSS (VI-XII),Local body,Co-Ed,1,1,1,1,1,1,1,0,0,0,1,1,1,1,1,1,0,1,1,1,1,1
Tamilnadu,Urban,HSS (VI-XII),Local body,Boys,21,21,12,21,6,20,21,2,14,4,22,21,21,17,20,21,0,20,20,21,21,21
Tamilnadu,Urban,HSS (VI-XII),Local body,Girls,33,33,6,33,13,30,33,0,25,10,31,33,33,28,32,33,31,30,30,33,33,33
Tamilnadu,Urban,HSS (VI-XII),Local body,Co-Ed,74,74,18,74,25,59,74,1,45,8,73,74,74,55,70,74,54,64,64,74,74,74
Tamilnadu,Rural,PS (I-V),Local body,Girls,1,1,0,1,0,0,1,0,0,0,1,1,1,1,1,1,0,1,0,1,0,1
Tamilnadu,Rural,PS (I-V),Local body,Co-Ed,18,18,2,18,0,10,18,0,5,1,17,18,18,15,17,18,0,14,4,18,4,14
Tamilnadu,Urban,PS (I-V),Local body,Girls,6,6,1,6,0,5,6,0,0,1,7,6,6,2,5,6,0,4,1,6,0,4
Tamilnadu,Urban,PS (I-V),Local body,Co-Ed,715,715,140,715,127,478,715,3,247,128,701,715,715,525,677,715,4,569,225,715,143,582
Tamilnadu,Urban,SS (I-X),Local body,Co-Ed,2,2,1,2,1,2,2,0,1,0,2,2,2,1,2,2,2,1,1,2,2,2
Tamilnadu,Rural,SS (VI-X),Local body,Co-Ed,1,1,0,1,0,0,1,0,0,0,1,1,1,1,0,1,0,1,1,1,1,1
Tamilnadu,Urban,SS (VI-X),Local body,Boys,3,3,0,3,0,1,3,0,2,0,2,3,3,3,3,3,0,3,3,3,3,3
Tamilnadu,Urban,SS (VI-X),Local body,Girls,10,10,2,10,0,10,10,0,8,2,9,10,10,7,10,10,9,10,10,10,10,10
Tamilnadu,Urban,SS (VI-X),Local body,Co-Ed,117,117,25,117,40,86,117,1,71,22,118,117,117,89,109,117,72,98,98,117,117,117
Tamilnadu,Rural,UPS (I-VIII),Local body,Co-Ed,5,5,1,5,0,5,5,0,1,1,5,5,5,5,5,5,1,5,5,5,1,5
Tamilnadu,Urban,UPS (I-VIII),Local body,Girls,3,3,1,3,0,1,3,0,3,1,5,3,3,3,3,3,2,3,3,3,0,3
Tamilnadu,Urban,UPS (I-VIII),Local body,Co-Ed,367,367,79,367,98,269,367,2,167,74,362,367,367,284,353,367,93,327,324,367,118,365
Tamilnadu,Urban,UPS (VI-VIII),Local body,Co-Ed,1,1,0,1,1,1,1,0,0,1,1,1,1,1,1,1,1,1,1,1,1,1
Tamilnadu,Rural,HSS (I-XII),Other Central Govt. Schools,Co-Ed,3,3,2,3,0,3,3,1,1,0,3,3,3,3,3,3,0,3,2,0,3,3
Tamilnadu,Urban,HSS (I-XII),Other Central Govt. Schools,Co-Ed,3,3,2,3,0,3,3,2,2,0,3,3,3,3,1,3,2,0,0,1,2,3
Tamilnadu,Rural,HSS (VI-XII),Other Central Govt. Schools,Co-Ed,1,1,1,1,0,1,1,0,1,0,1,1,1,1,0,1,1,1,0,1,1,1
Tamilnadu,Rural,HSS (XI-XII),Other Central Govt. Schools,Co-Ed,1,1,1,1,0,1,1,1,1,0,1,1,1,1,1,1,0,1,0,0,1,1
Tamilnadu,Urban,PS (I-V),Other Central Govt. Schools,Co-Ed,1,0,1,1,0,1,1,0,1,0,1,1,1,1,1,1,0,1,0,1,1,1
Tamilnadu,Rural,SS (I-X),Other Central Govt. Schools,Co-Ed,3,3,2,3,1,3,3,3,3,0,3,3,3,3,2,3,1,2,1,1,3,3
Tamilnadu,Urban,SS (I-X),Other Central Govt. Schools,Co-Ed,1,1,1,1,0,1,1,0,0,0,1,1,1,1,1,1,1,0,0,0,1,1
Tamilnadu,Rural,SS (VI-X),Other Central Govt. Schools,Co-Ed,1,1,1,1,0,1,1,0,1,1,1,1,1,1,1,1,1,0,0,0,1,1
Tamilnadu,Rural,UPS (I-VIII),Other Govt. managed schools,Girls,20,20,11,20,11,18,20,1,15,12,18,20,20,20,17,20,18,14,14,20,15,20
Tamilnadu,Rural,UPS (I-VIII),Other Govt. managed schools,Co-Ed,7,6,4,7,3,7,7,0,5,3,7,7,7,6,6,7,2,4,4,7,7,7
Tamilnadu,Urban,UPS (I-VIII),Other Govt. managed schools,Girls,3,3,1,3,1,2,3,0,2,0,2,3,3,3,1,3,3,3,3,3,3,3
Tamilnadu,Urban,UPS (I-VIII),Other Govt. managed schools,Co-Ed,6,6,1,6,1,3,6,1,6,4,5,6,6,5,4,6,1,3,3,6,3,5
Tamilnadu,Rural,UPS (VI-VIII),Other Govt. managed schools,Girls,37,37,10,37,19,33,37,7,25,23,36,37,37,36,26,37,29,23,23,37,24,36
Tamilnadu,Urban,UPS (VI-VIII),Other Govt. managed schools,Girls,1,1,0,1,1,0,1,0,1,0,1,1,1,1,1,1,1,1,1,1,1,1
Tamilnadu,Rural,HSS (I-XII),Private Unaided (Recognized),Girls,4,4,2,4,2,4,4,2,2,2,4,4,4,4,4,4,1,1,1,2,4,4
Tamilnadu,Rural,HSS (I-XII),Private Unaided (Recognized),Co-Ed,2011,1826,1059,2011,265,1990,2011,789,1160,392,1848,2011,2011,1796,1884,2011,623,952,345,1267,1842,1977
Tamilnadu,Urban,HSS (I-XII),Private Unaided (Recognized),Girls,34,33,7,34,9,34,34,22,24,7,32,34,34,33,34,34,25,14,5,16,33,34
Tamilnadu,Urban,HSS (I-XII),Private Unaided (Recognized),Co-Ed,2158,2018,762,2158,276,2124,2158,913,1270,298,2082,2158,2158,1887,2068,2158,740,925,310,1298,2003,2125
Tamilnadu,Rural,HSS (IX-XII),Private Unaided (Recognized),Girls,1,1,0,1,0,1,1,0,1,0,1,1,1,1,0,1,0,0,0,0,1,1
Tamilnadu,Urban,HSS (IX-XII),Private Unaided (Recognized),Co-Ed,4,4,1,4,2,4,4,3,3,1,4,4,4,4,4,4,1,4,1,0,4,4
Tamilnadu,Rural,HSS (VI-XII),Private Unaided (Recognized),Boys,2,2,0,2,1,2,2,2,2,1,3,2,2,2,2,2,0,0,0,2,2,2
Tamilnadu,Rural,HSS (VI-XII),Private Unaided (Recognized),Girls,7,7,0,7,0,7,7,2,5,1,8,7,7,7,7,7,1,1,1,5,7,7
Tamilnadu,Rural,HSS (VI-XII),Private Unaided (Recognized),Co-Ed,179,170,76,179,24,176,179,37,83,32,168,179,179,159,170,179,59,66,24,117,161,179
Tamilnadu,Urban,HSS (VI-XII),Private Unaided (Recognized),Boys,4,4,1,4,1,4,4,3,3,0,4,4,4,3,4,4,0,1,0,3,4,4
Tamilnadu,Urban,HSS (VI-XII),Private Unaided (Recognized),Girls,6,6,0,6,0,6,6,2,2,2,6,6,6,4,4,6,1,2,1,4,5,6
Tamilnadu,Urban,HSS (VI-XII),Private Unaided (Recognized),Co-Ed,84,76,32,84,12,83,84,33,46,12,79,84,84,73,81,84,25,36,9,53,71,84
Tamilnadu,Rural,HSS (XI-XII),Private Unaided (Recognized),Co-Ed,2,2,0,2,0,2,2,0,0,0,2,2,2,2,2,2,1,0,0,1,2,2
Tamilnadu,Urban,HSS (XI-XII),Private Unaided (Recognized),Co-Ed,12,11,3,12,1,12,12,2,6,2,12,12,12,7,11,12,3,3,3,5,9,12
Tamilnadu,Rural,PS (I-V),Private Unaided (Recognized),Girls,1,1,1,1,0,1,1,0,0,0,1,1,1,0,0,1,0,0,0,1,0,1
Tamilnadu,Rural,PS (I-V),Private Unaided (Recognized),Co-Ed,2632,1589,1016,2632,71,2552,2632,135,909,161,2366,2632,2632,1635,2201,2632,64,709,222,1587,1444,2171
Tamilnadu,Urban,PS (I-V),Private Unaided (Recognized),Boys,1,1,0,1,0,1,1,0,0,0,1,1,1,1,1,1,0,0,0,1,0,0
Tamilnadu,Urban,PS (I-V),Private Unaided (Recognized),Girls,15,9,0,15,2,14,15,3,9,0,10,15,15,11,14,15,2,2,1,4,9,13
Tamilnadu,Urban,PS (I-V),Private Unaided (Recognized),Co-Ed,2809,1881,654,2809,70,2536,2809,123,1044,158,2572,2809,2809,1912,2563,2809,42,612,158,1586,1747,2360
Tamilnadu,Rural,SS (I-X),Private Unaided (Recognized),Girls,1,1,0,1,0,1,1,0,0,0,1,1,1,0,1,1,0,1,1,0,0,1
Tamilnadu,Rural,SS (I-X),Private Unaided (Recognized),Co-Ed,810,720,422,810,58,797,810,201,448,131,727,810,810,671,764,810,191,369,136,554,707,799
Tamilnadu,Urban,SS (I-X),Private Unaided (Recognized),Girls,4,3,2,4,2,4,4,1,1,0,4,4,4,1,3,4,0,2,0,1,4,4
Tamilnadu,Urban,SS (I-X),Private Unaided (Recognized),Co-Ed,832,724,282,832,41,810,832,207,477,89,809,832,832,661,793,832,186,323,121,519,735,824
Tamilnadu,Rural,SS (VI-X),Private Unaided (Recognized),Boys,2,2,1,2,1,2,2,0,1,2,2,2,2,2,1,2,0,1,0,2,2,2
Tamilnadu,Rural,SS (VI-X),Private Unaided (Recognized),Girls,1,1,0,1,0,1,1,0,0,0,1,1,1,0,1,1,0,1,0,1,1,1
Tamilnadu,Rural,SS (VI-X),Private Unaided (Recognized),Co-Ed,108,76,57,108,5,108,108,16,41,18,99,108,108,73,100,108,14,45,17,84,82,100
Tamilnadu,Urban,SS (VI-X),Private Unaided (Recognized),Boys,1,1,0,1,0,1,1,0,0,0,1,1,1,0,1,1,0,0,0,0,0,0
Tamilnadu,Urban,SS (VI-X),Private Unaided (Recognized),Girls,5,3,1,5,0,5,5,1,1,0,5,5,5,4,5,5,1,2,0,4,4,4
Tamilnadu,Urban,SS (VI-X),Private Unaided (Recognized),Co-Ed,30,25,8,30,1,29,30,3,11,3,28,30,30,21,27,30,7,8,0,18,25,28
Tamilnadu,Rural,UPS (I-VIII),Private Unaided (Recognized),Co-Ed,361,271,160,361,15,350,361,57,144,52,337,361,361,218,305,361,24,183,94,179,236,305
Tamilnadu,Urban,UPS (I-VIII),Private Unaided (Recognized),Girls,1,1,0,1,0,1,1,0,0,0,1,1,1,0,1,1,0,0,0,1,0,0
Tamilnadu,Urban,UPS (I-VIII),Private Unaided (Recognized),Co-Ed,266,210,99,266,9,244,266,42,112,28,255,266,266,178,239,266,22,123,63,128,174,231
Tamilnadu,Rural,UPS (VI-VIII),Private Unaided (Recognized),Co-Ed,6,1,2,6,0,6,6,0,2,2,6,6,6,4,4,6,1,2,0,5,3,5
Tamilnadu,Urban,UPS (VI-VIII),Private Unaided (Recognized),Co-Ed,2,1,0,2,0,2,2,0,0,0,1,2,2,2,2,2,1,1,0,1,2,2
Tamilnadu,Urban,HSS (I-XII),Railway School,Co-Ed,2,2,1,2,0,2,2,0,2,0,2,2,2,2,2,2,2,1,1,1,2,2
Tamilnadu,Urban,SS (I-X),Railway School,Co-Ed,3,3,3,3,0,3,3,0,1,0,3,3,3,3,3,3,3,0,0,3,3,3
Tamilnadu,Rural,HSS (VI-XII),Sainik School,Co-Ed,1,1,1,1,1,1,1,1,1,1,1,1,1,1,1,1,0,0,0,1,1,1
Tamilnadu,Rural,HSS (I-XII),Social welfare Department,Co-Ed,3,3,2,3,0,2,3,0,2,0,3,3,3,3,2,3,0,2,2,3,2,3
Tamilnadu,Urban,HSS (I-XII),Social welfare Department,Boys,1,1,0,1,0,1,1,0,0,0,1,1,1,1,1,1,0,1,0,1,1,1
Tamilnadu,Urban,HSS (I-XII),Social welfare Department,Girls,1,1,0,1,0,0,1,0,1,0,1,1,1,1,1,1,1,1,1,1,1,1
Tamilnadu,Urban,HSS (I-XII),Social welfare Department,Co-Ed,10,10,3,10,0,10,10,0,2,1,10,10,10,9,10,10,1,7,5,10,10,9
Tamilnadu,Rural,HSS (VI-XII),Social welfare Department,Boys,1,1,1,1,0,1,1,0,1,0,1,1,1,0,1,1,0,1,1,1,1,1
Tamilnadu,Rural,HSS (VI-XII),Social welfare Department,Girls,1,1,0,1,0,0,1,0,0,0,1,1,1,0,1,1,1,1,1,1,1,1
Tamilnadu,Rural,HSS (VI-XII),Social welfare Department,Co-Ed,32,32,12,32,0,26,32,0,17,2,32,32,32,15,32,32,24,30,30,32,32,32
Tamilnadu,Urban,HSS (VI-XII),Social welfare Department,Co-Ed,4,4,1,4,0,3,4,0,1,0,4,4,4,3,3,4,4,2,2,4,4,4
Tamilnadu,Rural,PS (I-V),Social welfare Department,Girls,1,1,0,1,0,1,1,0,0,0,1,1,1,1,1,1,0,1,0,1,0,0
Tamilnadu,Rural,PS (I-V),Social welfare Department,Co-Ed,182,182,36,182,0,113,182,1,56,27,181,182,182,55,164,182,1,163,53,182,2,128
Tamilnadu,Urban,PS (I-V),Social welfare Department,Girls,3,3,0,3,0,2,3,0,0,2,2,3,3,3,2,3,1,2,2,3,2,2
Tamilnadu,Urban,PS (I-V),Social welfare Department,Co-Ed,42,42,2,42,4,26,42,1,10,6,42,42,42,24,39,42,2,35,10,42,4,28
Tamilnadu,Rural,SS (I-X),Social welfare Department,Co-Ed,4,4,1,4,0,2,4,0,1,0,4,4,4,3,3,4,3,4,4,4,4,4
Tamilnadu,Urban,SS (I-X),Social welfare Department,Co-Ed,6,6,2,6,0,4,6,0,5,0,6,6,6,5,5,6,3,3,3,6,6,6
Tamilnadu,Rural,SS (VI-X),Social welfare Department,Co-Ed,16,16,5,16,0,10,16,0,8,0,15,16,16,8,13,16,11,14,14,16,16,16
Tamilnadu,Urban,SS (VI-X),Social welfare Department,Girls,1,1,0,1,0,1,1,0,1,1,1,1,1,1,1,1,0,1,1,1,1,1
Tamilnadu,Urban,SS (VI-X),Social welfare Department,Co-Ed,1,1,0,1,0,1,1,0,1,0,1,1,1,1,1,1,1,1,1,1,1,1
Tamilnadu,Rural,UPS (I-VIII),Social welfare Department,Co-Ed,17,17,4,17,0,11,17,0,6,7,16,17,17,5,17,17,11,17,17,17,0,17
Tamilnadu,Urban,UPS (I-VIII),Social welfare Department,Boys,1,1,0,1,1,0,1,0,0,1,1,1,1,1,1,1,0,0,0,1,0,1
Tamilnadu,Urban,UPS (I-VIII),Social welfare Department,Co-Ed,23,23,8,23,1,16,23,1,7,4,18,23,23,18,22,23,4,20,16,23,13,20
Tamilnadu,Rural,UPS (VI-VIII),Social welfare Department,Boys,1,1,0,1,0,1,1,0,0,1,1,1,1,0,1,1,0,1,1,1,0,0
Tamilnadu,Rural,HSS (I-XII),Tribal Welfare Department,Co-Ed,11,11,3,11,0,9,11,0,2,4,11,11,11,6,10,11,1,10,8,11,3,9
Tamilnadu,Urban,HSS (I-XII),Tribal Welfare Department,Co-Ed,2,2,1,2,0,1,2,0,0,1,2,2,2,0,0,2,0,1,0,2,1,0
Tamilnadu,Rural,HSS (VI-XII),Tribal Welfare Department,Boys,6,6,3,6,1,6,6,1,1,1,6,6,6,4,4,6,0,4,4,6,6,6
Tamilnadu,Rural,HSS (VI-XII),Tribal Welfare Department,Girls,6,6,4,6,4,6,6,2,6,4,4,6,6,5,5,6,3,6,6,6,6,6
Tamilnadu,Rural,HSS (VI-XII),Tribal Welfare Department,Co-Ed,104,104,46,104,13,87,104,4,55,11,97,104,104,69,90,104,74,84,84,104,104,104
Tamilnadu,Urban,HSS (VI-XII),Tribal Welfare Department,Boys,2,2,1,2,0,1,2,0,2,0,2,2,2,2,2,2,0,2,2,2,2,2
Tamilnadu,Urban,HSS (VI-XII),Tribal Welfare Department,Girls,4,4,1,4,0,2,4,0,1,0,4,4,4,3,4,4,4,2,2,4,4,4
Tamilnadu,Urban,HSS (VI-XII),Tribal Welfare Department,Co-Ed,14,14,6,14,0,12,14,1,6,2,14,14,14,8,11,14,7,13,13,14,14,14
Tamilnadu,Rural,PS (I-V),Tribal Welfare Department,Co-Ed,926,926,287,926,93,712,926,9,197,162,914,926,926,368,751,926,7,673,257,926,79,645
Tamilnadu,Urban,PS (I-V),Tribal Welfare Department,Girls,2,2,0,2,0,2,2,0,0,0,2,2,2,1,2,2,0,1,1,2,0,0
Tamilnadu,Urban,PS (I-V),Tribal Welfare Department,Co-Ed,109,109,30,109,7,83,109,0,30,13,109,109,109,57,84,109,2,79,32,109,7,76
Tamilnadu,Rural,SS (I-X),Tribal Welfare Department,Co-Ed,2,2,1,2,2,2,2,0,2,0,2,2,2,1,2,2,2,2,1,2,1,2
Tamilnadu,Rural,SS (VI-X),Tribal Welfare Department,Co-Ed,114,107,38,114,8,84,114,1,59,22,108,114,114,46,101,114,77,97,97,114,111,113
Tamilnadu,Urban,SS (VI-X),Tribal Welfare Department,Co-Ed,22,22,6,22,1,16,22,0,13,1,21,22,22,11,20,22,17,19,19,22,22,22
Tamilnadu,Rural,UPS (I-VIII),Tribal Welfare Department,Boys,1,1,0,1,1,1,1,0,0,0,1,1,1,1,1,1,0,1,1,1,0,1
Tamilnadu,Rural,UPS (I-VIII),Tribal Welfare Department,Co-Ed,145,145,68,145,29,116,145,1,56,34,144,145,145,88,123,145,33,118,116,145,19,144
Tamilnadu,Urban,UPS (I-VIII),Tribal Welfare Department,Co-Ed,15,15,5,15,2,12,15,0,7,4,15,15,15,11,13,15,5,15,15,15,4,15
Tamilnadu,Rural,HSS (I-XII),Unrecognized,Co-Ed,11,10,4,11,4,11,11,3,7,4,9,11,11,11,11,11,3,7,2,6,10,11
Tamilnadu,Urban,HSS (I-XII),Unrecognized,Co-Ed,10,7,4,10,0,9,10,1,3,2,10,10,10,8,10,10,1,5,3,6,8,10
Tamilnadu,Urban,HSS (XI-XII),Unrecognized,Co-Ed,1,0,0,1,0,1,1,0,0,0,0,1,1,1,0,1,0,0,0,0,0,0
Tamilnadu,Rural,PS (I-V),Unrecognized,Co-Ed,138,84,66,138,1,127,138,1,39,11,105,138,138,78,110,138,2,43,15,66,71,101
Tamilnadu,Urban,PS (I-V),Unrecognized,Boys,1,0,0,1,0,0,1,0,0,0,1,1,1,0,0,1,0,0,0,0,0,0
Tamilnadu,Urban,PS (I-V),Unrecognized,Girls,1,1,0,1,0,1,1,0,0,0,1,1,1,1,1,1,0,0,0,0,0,0
Tamilnadu,Urban,PS (I-V),Unrecognized,Co-Ed,190,117,52,190,8,174,190,7,47,13,126,190,190,118,158,190,3,44,18,73,103,147
Tamilnadu,Rural,SS (I-X),Unrecognized,Co-Ed,10,10,7,10,0,10,10,2,6,2,8,10,10,9,9,10,3,5,0,7,10,10
Tamilnadu,Urban,SS (I-X),Unrecognized,Girls,1,1,1,1,1,1,1,1,1,0,1,1,1,1,1,1,1,0,0,0,1,1
Tamilnadu,Urban,SS (I-X),Unrecognized,Co-Ed,2,2,1,2,0,2,2,1,1,0,2,2,2,2,2,2,1,1,1,1,2,2
Tamilnadu,Rural,UPS (I-VIII),Unrecognized,Co-Ed,37,27,22,37,3,37,37,7,17,5,34,37,37,24,32,37,4,17,6,26,28,34
Tamilnadu,Urban,UPS (I-VIII),Unrecognized,Co-Ed,41,31,14,41,0,38,41,5,14,2,41,41,41,26,35,41,5,11,2,19,28,34
Tamilnadu,Rural,UPS (VI-VIII),Unrecognized,Co-Ed,2,0,0,2,0,2,2,0,0,0,2,2,2,1,2,2,0,0,0,2,2,2
Tamilnadu,Urban,UPS (VI-VIII),Unrecognized,Co-Ed,1,1,0,1,0,1,1,0,0,0,0,1,1,1,1,1,0,0,0,0,1,1
Telangana,Rural,HSS (I-XII),Department of Education,Boys,62,48,36,62,10,57,57,10,56,12,48,62,53,33,16,61,3,19,8,25,45,60
Telangana,Rural,HSS (I-XII),Department of Education,Girls,52,44,29,52,9,45,48,13,41,6,40,52,39,26,5,51,24,14,8,27,37,52
Telangana,Rural,HSS (I-XII),Department of Education,Co-Ed,9,9,7,9,2,9,8,3,6,2,0,9,8,5,3,8,4,1,1,1,7,9
Telangana,Urban,HSS (I-XII),Department of Education,Boys,38,30,25,38,7,34,36,8,31,10,31,37,30,26,10,38,2,15,8,15,32,36
Telangana,Urban,HSS (I-XII),Department of Education,Girls,39,32,18,39,7,32,38,5,31,8,31,39,33,30,7,39,24,15,8,16,28,37
Telangana,Urban,HSS (I-XII),Department of Education,Co-Ed,4,4,3,4,1,4,4,1,4,1,1,4,3,2,3,4,1,2,2,0,4,4
Telangana,Rural,HSS (VI-XII),Department of Education,Girls,169,148,141,169,88,142,157,10,153,51,133,167,145,71,42,165,77,108,64,96,52,169
Telangana,Rural,HSS (VI-XII),Department of Education,Co-Ed,181,166,161,177,28,173,173,6,161,53,151,177,136,114,76,176,37,129,60,73,116,180
Telangana,Urban,HSS (VI-XII),Department of Education,Girls,38,35,30,38,16,32,38,1,35,11,32,38,31,22,8,38,14,26,15,22,20,38
Telangana,Urban,HSS (VI-XII),Department of Education,Co-Ed,19,14,14,18,2,18,19,1,17,4,13,19,16,14,8,19,3,9,6,8,8,19
Telangana,Rural,HSS (XI-XII),Department of Education,Boys,4,4,3,4,2,4,4,1,4,0,3,4,4,3,2,4,0,1,0,1,3,3
Telangana,Rural,HSS (XI-XII),Department of Education,Girls,2,2,1,2,1,2,2,0,2,2,2,2,2,1,1,2,1,2,2,1,2,2
Telangana,Rural,HSS (XI-XII),Department of Education,Co-Ed,223,156,175,219,16,182,193,62,129,3,137,202,168,82,44,181,53,205,26,46,71,175
Telangana,Urban,HSS (XI-XII),Department of Education,Boys,2,2,2,2,0,2,2,0,2,0,3,2,2,0,0,1,1,1,0,0,1,2
Telangana,Urban,HSS (XI-XII),Department of Education,Girls,29,29,12,28,0,22,25,10,13,0,25,26,22,12,3,26,9,20,4,2,20,25
Telangana,Urban,HSS (XI-XII),Department of Education,Co-Ed,156,129,111,156,9,137,141,49,79,1,77,147,133,62,32,124,42,134,21,20,95,125
Telangana,Rural,PS (I-V),Department of Education,Co-Ed,169,21,113,116,5,103,153,1,18,21,15,101,142,3,19,124,14,133,25,39,2,5
Telangana,Urban,PS (I-V),Department of Education,Boys,2,0,1,2,1,2,1,0,0,0,2,2,2,0,0,2,0,1,1,0,0,0
Telangana,Urban,PS (I-V),Department of Education,Girls,6,1,2,6,0,4,6,0,2,0,3,6,5,2,2,6,0,3,1,0,1,3
Telangana,Urban,PS (I-V),Department of Education,Co-Ed,1010,159,363,938,18,435,911,5,71,24,489,864,855,104,141,893,75,642,139,169,78,173
Telangana,Rural,SS (I-X),Department of Education,Boys,75,64,36,75,14,70,66,17,61,16,43,75,67,35,18,74,6,18,10,19,41,69
Telangana,Rural,SS (I-X),Department of Education,Girls,57,48,26,57,8,52,50,12,49,7,33,57,48,20,9,57,28,15,10,19,41,50
Telangana,Rural,SS (I-X),Department of Education,Co-Ed,9,7,6,8,2,9,9,4,9,2,1,8,9,4,2,9,2,3,1,2,4,8
Telangana,Urban,SS (I-X),Department of Education,Boys,79,72,25,79,7,66,72,13,64,20,56,79,71,54,21,76,7,26,17,21,56,74
Telangana,Urban,SS (I-X),Department of Education,Girls,97,88,36,97,14,73,85,25,73,15,64,96,86,63,25,94,52,31,22,29,66,87
Telangana,Urban,SS (I-X),Department of Education,Co-Ed,7,5,4,7,0,5,5,0,2,0,5,7,5,2,1,7,2,6,3,4,2,3
Telangana,Rural,SS (VI-X),Department of Education,Boys,2,0,2,2,0,2,2,0,2,0,1,0,2,0,0,2,0,1,0,1,0,2
Telangana,Rural,SS (VI-X),Department of Education,Girls,243,192,177,242,122,203,222,9,216,97,161,242,209,102,53,239,94,142,73,144,77,243
Telangana,Rural,SS (VI-X),Department of Education,Co-Ed,39,26,35,38,4,36,38,2,33,5,33,36,36,5,12,38,6,37,15,15,9,37
Telangana,Urban,SS (VI-X),Department of Education,Boys,13,12,10,13,0,12,13,0,9,0,10,10,11,2,6,13,1,9,1,5,8,13
Telangana,Urban,SS (VI-X),Department of Education,Girls,63,49,38,63,11,53,60,1,45,13,49,60,56,29,18,61,14,43,8,22,27,63
Telangana,Urban,SS (VI-X),Department of Education,Co-Ed,381,265,247,379,33,271,368,4,200,20,328,363,339,89,113,369,78,303,87,136,198,374
Telangana,Rural,UPS (I-VIII),Department of Education,Boys,5,3,2,4,0,3,3,0,2,0,0,4,5,0,1,5,0,2,1,4,0,1
Telangana,Rural,UPS (I-VIII),Department of Education,Co-Ed,21,3,16,19,0,16,17,1,4,3,4,12,19,0,2,17,1,17,3,4,0,4
Telangana,Urban,UPS (I-VIII),Department of Education,Boys,26,9,10,26,0,19,13,0,13,3,6,24,23,3,4,24,0,3,1,9,0,3
Telangana,Urban,UPS (I-VIII),Department of Education,Girls,1,1,1,1,0,1,1,0,0,0,1,1,1,0,1,1,0,1,0,0,1,1
Telangana,Urban,UPS (I-VIII),Department of Education,Co-Ed,67,15,39,66,2,40,57,1,11,3,27,54,53,8,11,57,7,55,23,18,2,21
Telangana,Urban,HSS (XI-XII),Government Aided,Girls,7,6,4,7,0,7,6,2,4,0,3,7,7,2,1,6,0,3,1,1,6,6
Telangana,Urban,HSS (XI-XII),Government Aided,Co-Ed,23,20,7,22,3,20,18,6,15,0,4,23,20,9,5,17,7,5,1,0,10,19
Telangana,Rural,PS (I-V),Government Aided,Co-Ed,43,11,25,32,1,36,40,1,18,2,9,33,39,3,2,33,6,9,3,8,3,8
Telangana,Urban,PS (I-V),Government Aided,Boys,3,2,2,3,0,3,1,0,1,0,3,3,3,1,2,3,0,1,0,0,1,3
Telangana,Urban,PS (I-V),Government Aided,Girls,19,14,6,18,1,17,17,3,13,0,11,19,18,12,7,18,1,5,1,0,11,11
Telangana,Urban,PS (I-V),Government Aided,Co-Ed,223,93,80,196,15,179,179,9,62,11,102,189,182,38,53,178,22,67,28,31,46,63
Telangana,Rural,SS (I-X),Government Aided,Co-Ed,3,3,3,3,1,3,3,0,1,0,2,3,3,1,1,3,0,2,0,1,0,1
Telangana,Urban,SS (I-X),Government Aided,Girls,3,3,2,3,0,3,3,0,2,0,3,3,2,2,1,3,1,2,0,1,2,3
Telangana,Urban,SS (I-X),Government Aided,Co-Ed,42,30,24,38,1,38,38,4,17,6,20,36,38,13,11,37,8,22,5,7,18,21
Telangana,Rural,SS (VI-X),Government Aided,Co-Ed,14,9,12,13,0,14,12,0,7,2,7,12,14,5,3,12,0,4,1,3,5,7
Telangana,Urban,SS (VI-X),Government Aided,Boys,9,8,5,9,0,8,6,1,5,0,8,9,9,2,5,9,0,3,1,0,4,7
Telangana,Urban,SS (VI-X),Government Aided,Girls,40,27,11,39,3,38,36,7,24,1,24,39,33,19,15,36,9,10,2,5,17,22
Telangana,Urban,SS (VI-X),Government Aided,Co-Ed,146,105,67,135,9,124,128,8,57,5,89,132,125,37,38,126,21,47,22,30,49,67
Telangana,Rural,UPS (I-VIII),Government Aided,Co-Ed,18,12,9,17,0,14,16,1,9,1,3,16,18,2,4,15,3,5,0,5,2,4
Telangana,Urban,UPS (I-VIII),Government Aided,Co-Ed,107,30,21,86,2,72,82,1,19,4,32,77,79,13,22,73,14,19,5,7,14,21
Telangana,Rural,HSS (VI-XII),Jawahar Navodaya Vidyalaya,Co-Ed,5,5,4,5,1,5,5,4,5,2,5,5,5,4,2,5,2,3,2,2,5,5
Telangana,Urban,HSS (VI-XII),Jawahar Navodaya Vidyalaya,Co-Ed,4,4,4,4,2,4,4,3,4,2,3,4,3,4,3,4,3,3,2,1,4,4
Telangana,Rural,HSS (I-XII),Kendriya Vidyalaya / Central School,Co-Ed,4,3,3,4,0,4,4,1,4,1,3,4,3,2,2,4,1,4,1,1,3,4
Telangana,Urban,HSS (I-XII),Kendriya Vidyalaya / Central School,Co-Ed,22,20,14,22,3,22,21,15,18,1,15,22,20,17,12,22,10,16,12,5,18,22
Telangana,Rural,SS (I-X),Kendriya Vidyalaya / Central School,Co-Ed,2,1,2,2,0,2,1,1,1,1,2,2,2,1,2,2,1,1,1,1,1,2
Telangana,Urban,SS (I-X),Kendriya Vidyalaya / Central School,Co-Ed,7,6,4,7,0,7,6,3,6,0,5,7,6,4,3,7,4,3,1,2,5,7
Telangana,Rural,PS (I-V),Local body,Boys,11,1,8,11,0,11,11,0,3,0,5,7,9,0,2,9,1,9,4,2,0,0
Telangana,Rural,PS (I-V),Local body,Girls,19,4,9,15,0,8,18,0,5,3,5,15,17,0,2,16,1,15,5,10,0,1
Telangana,Rural,PS (I-V),Local body,Co-Ed,15217,1100,10432,12309,244,9817,14043,73,2405,1673,2018,10718,12741,291,2335,12977,1208,12593,3442,4309,248,535
Telangana,Urban,PS (I-V),Local body,Boys,2,0,2,1,0,1,2,0,0,0,0,1,2,0,0,1,0,2,0,0,1,0
Telangana,Urban,PS (I-V),Local body,Girls,3,1,2,3,0,1,3,0,0,0,0,3,3,1,0,3,0,3,0,2,1,0
Telangana,Urban,PS (I-V),Local body,Co-Ed,1796,210,1031,1606,50,1040,1684,12,230,160,464,1473,1521,143,359,1585,173,1523,473,449,77,119
Telangana,Rural,SS (I-X),Local body,Co-Ed,66,16,59,64,2,52,66,1,22,12,29,57,57,4,18,63,7,61,21,27,6,49
Telangana,Urban,SS (I-X),Local body,Co-Ed,15,5,9,15,0,8,15,0,7,3,5,15,13,2,3,14,3,15,6,4,3,12
Telangana,Rural,SS (VI-X),Local body,Boys,20,13,19,20,0,19,20,1,17,2,16,18,17,2,10,20,0,20,10,11,4,20
Telangana,Rural,SS (VI-X),Local body,Girls,81,54,51,81,2,53,79,1,65,13,59,72,70,7,26,76,13,71,30,34,12,75
Telangana,Rural,SS (VI-X),Local body,Co-Ed,3535,1810,3242,3496,174,3224,3495,31,2864,688,2363,3181,3069,472,1147,3424,479,3313,1117,1789,635,3196
Telangana,Urban,SS (VI-X),Local body,Boys,13,9,10,13,1,12,13,0,8,1,9,12,12,2,6,13,1,13,2,4,3,13
Telangana,Urban,SS (VI-X),Local body,Girls,51,35,34,50,4,38,51,0,36,5,44,49,44,12,17,50,10,45,21,20,15,51
Telangana,Urban,SS (VI-X),Local body,Co-Ed,430,277,340,425,30,357,424,8,297,67,326,402,372,115,168,420,90,399,153,182,162,405
Telangana,Rural,UPS (I-VIII),Local body,Girls,2,0,2,1,1,2,2,0,1,1,0,1,1,0,1,2,1,1,1,1,0,1
Telangana,Rural,UPS (I-VIII),Local body,Co-Ed,2867,475,2270,2755,72,2098,2776,15,851,483,884,2341,2549,108,697,2675,285,2659,942,1044,59,892
Telangana,Urban,UPS (I-VIII),Local body,Co-Ed,195,49,146,187,7,138,190,2,46,23,75,162,173,22,60,181,26,185,70,69,8,72
Telangana,Rural,PS (I-V),Madarsa unrecognized,Boys,7,2,5,7,1,4,3,1,2,0,0,7,7,1,1,5,0,3,3,0,0,0
Telangana,Rural,PS (I-V),Madarsa unrecognized,Girls,5,0,3,5,0,2,3,0,2,1,0,5,5,0,0,4,0,1,0,2,0,0
Telangana,Rural,PS (I-V),Madarsa unrecognized,Co-Ed,11,2,5,11,1,7,9,0,3,0,0,9,8,1,0,7,0,7,1,2,1,3
Telangana,Urban,PS (I-V),Madarsa unrecognized,Boys,22,3,9,22,0,13,9,0,10,0,3,22,19,1,0,19,1,6,2,4,1,3
Telangana,Urban,PS (I-V),Madarsa unrecognized,Girls,13,0,3,13,0,6,9,0,2,0,1,13,12,1,2,11,2,5,4,1,0,1
Telangana,Urban,PS (I-V),Madarsa unrecognized,Co-Ed,43,7,8,43,0,18,21,2,10,1,3,42,39,3,4,37,7,18,14,3,1,8
Telangana,Urban,SS (I-X),Madarsa unrecognized,Boys,1,0,1,1,0,1,0,0,0,0,0,1,1,0,0,0,0,0,0,0,0,0
Telangana,Urban,SS (I-X),Madarsa unrecognized,Co-Ed,1,0,0,1,0,1,1,0,1,0,0,1,1,1,0,1,0,0,0,0,0,0
Telangana,Rural,UPS (I-VIII),Madarsa unrecognized,Girls,3,1,2,3,0,2,2,0,1,0,0,3,2,0,1,3,1,2,0,1,1,0
Telangana,Rural,UPS (I-VIII),Madarsa unrecognized,Co-Ed,2,0,0,2,0,1,2,0,0,0,0,2,2,0,0,1,0,0,0,0,0,0
Telangana,Urban,UPS (I-VIII),Madarsa unrecognized,Boys,6,3,3,5,1,4,4,1,2,0,2,6,6,0,0,4,1,3,2,2,0,0
Telangana,Urban,UPS (I-VIII),Madarsa unrecognized,Girls,10,4,3,10,1,3,5,0,3,1,2,10,10,0,0,9,3,1,1,2,2,7
Telangana,Urban,UPS (I-VIII),Madarsa unrecognized,Co-Ed,37,9,13,37,5,13,18,5,14,1,11,37,36,6,7,29,3,21,17,1,2,9
Telangana,Rural,PS (I-V),Ministry of Labor,Co-Ed,38,0,6,20,0,10,7,0,1,1,0,7,29,0,1,13,1,7,2,4,0,0
Telangana,Urban,PS (I-V),Ministry of Labor,Co-Ed,35,1,1,32,1,6,3,0,2,0,0,32,32,5,1,11,2,5,3,1,2,2
Telangana,Rural,UPS (I-VIII),Ministry of Labor,Girls,1,0,0,1,0,0,0,0,0,0,0,1,0,0,0,1,0,0,0,0,0,0
Telangana,Rural,UPS (I-VIII),Ministry of Labor,Co-Ed,4,0,1,4,0,1,1,0,0,0,0,4,1,0,0,2,1,0,0,0,0,0
Telangana,Urban,UPS (I-VIII),Ministry of Labor,Co-Ed,4,2,0,4,2,3,3,2,3,2,0,4,3,2,2,3,1,1,1,0,2,2
Telangana,Rural,SS (I-X),Other Central Govt. Schools,Co-Ed,2,2,2,2,0,2,2,2,2,1,2,2,2,1,2,2,0,2,1,0,1,2
Telangana,Urban,SS (I-X),Other Central Govt. Schools,Co-Ed,4,3,4,4,0,4,4,2,0,0,2,4,4,4,2,4,4,4,1,0,4,4
Telangana,Rural,HSS (I-XII),Private Unaided (Recognized),Co-Ed,15,13,15,15,5,15,15,10,13,4,9,15,15,10,9,15,8,13,10,2,14,15
Telangana,Urban,HSS (I-XII),Private Unaided (Recognized),Girls,1,1,0,1,1,1,1,1,1,0,0,1,1,1,1,1,0,0,0,0,1,1
Telangana,Urban,HSS (I-XII),Private Unaided (Recognized),Co-Ed,39,37,27,39,10,39,38,25,34,6,22,38,39,26,20,39,19,31,23,8,38,38
Telangana,Rural,HSS (VI-XII),Private Unaided (Recognized),Co-Ed,1,1,1,1,0,1,1,1,1,0,1,1,1,1,1,1,0,0,0,0,1,1
Telangana,Rural,HSS (XI-XII),Private Unaided (Recognized),Girls,5,4,3,5,0,4,4,2,3,1,2,5,5,2,2,4,1,4,4,1,2,5
Telangana,Rural,HSS (XI-XII),Private Unaided (Recognized),Co-Ed,180,136,99,178,16,149,160,52,134,10,72,178,151,36,28,152,40,156,134,24,98,144
Telangana,Urban,HSS (XI-XII),Private Unaided (Recognized),Boys,9,9,2,9,0,8,8,2,5,0,7,9,9,5,1,8,2,7,6,1,9,9
Telangana,Urban,HSS (XI-XII),Private Unaided (Recognized),Girls,59,45,19,59,7,52,52,14,37,2,25,59,57,30,13,51,19,52,44,1,44,55
Telangana,Urban,HSS (XI-XII),Private Unaided (Recognized),Co-Ed,979,804,383,973,73,707,827,222,582,22,483,968,880,361,196,860,274,839,734,71,688,825
Telangana,Rural,PS (I-V),Private Unaided (Recognized),Co-Ed,236,112,140,231,6,205,190,12,146,9,70,224,217,24,48,205,40,103,54,41,50,110
Telangana,Urban,PS (I-V),Private Unaided (Recognized),Boys,1,1,0,1,0,1,1,0,0,0,1,1,1,1,0,1,0,1,0,0,1,1
Telangana,Urban,PS (I-V),Private Unaided (Recognized),Girls,2,0,0,2,0,2,2,0,0,0,1,2,2,1,1,2,1,1,0,1,1,1
Telangana,Urban,PS (I-V),Private Unaided (Recognized),Co-Ed,288,198,120,280,26,237,231,26,148,14,126,285,259,105,58,262,76,120,78,23,136,217
Telangana,Rural,SS (I-X),Private Unaided (Recognized),Boys,4,4,4,4,3,4,4,1,3,2,0,4,4,3,4,4,1,3,3,1,2,4
Telangana,Rural,SS (I-X),Private Unaided (Recognized),Co-Ed,1153,897,890,1146,93,1106,1104,186,888,80,589,1148,1039,342,336,1069,310,1010,765,222,584,942
Telangana,Urban,SS (I-X),Private Unaided (Recognized),Boys,4,4,1,4,0,4,3,1,3,1,4,4,4,4,0,4,1,3,3,0,3,4
Telangana,Urban,SS (I-X),Private Unaided (Recognized),Girls,8,8,3,8,1,7,8,3,6,0,3,8,7,5,2,7,3,6,4,1,7,8
Telangana,Urban,SS (I-X),Private Unaided (Recognized),Co-Ed,4735,3956,2210,4714,493,4171,4478,853,2847,166,2760,4707,4464,2145,1678,4513,1484,4107,3330,597,3304,4332
Telangana,Rural,SS (VI-X),Private Unaided (Recognized),Co-Ed,53,43,32,53,6,48,51,7,40,2,28,53,49,19,11,49,10,43,35,12,28,43
Telangana,Urban,SS (VI-X),Private Unaided (Recognized),Boys,1,1,1,1,0,1,1,1,1,0,0,1,0,1,1,1,0,1,1,0,1,1
Telangana,Urban,SS (VI-X),Private Unaided (Recognized),Girls,1,1,1,1,0,1,0,0,0,0,0,1,1,0,0,1,0,1,1,0,1,0
Telangana,Urban,SS (VI-X),Private Unaided (Recognized),Co-Ed,171,141,61,170,25,150,157,31,97,7,95,171,162,70,42,162,54,141,107,31,101,150
Telangana,Rural,UPS (I-VIII),Private Unaided (Recognized),Co-Ed,1601,876,1093,1566,62,1432,1379,98,1063,66,547,1568,1428,181,315,1425,316,697,383,284,377,917
Telangana,Urban,UPS (I-VIII),Private Unaided (Recognized),Boys,1,1,1,1,0,1,1,0,1,0,0,1,1,0,0,1,0,1,1,1,1,0
Telangana,Urban,UPS (I-VIII),Private Unaided (Recognized),Girls,4,3,0,4,1,3,3,0,1,0,4,4,3,2,2,4,0,1,0,0,3,3
Telangana,Urban,UPS (I-VIII),Private Unaided (Recognized),Co-Ed,2642,1845,1134,2563,188,2127,2234,339,1568,92,1292,2602,2453,895,761,2421,610,1002,659,308,1422,2064
Telangana,Urban,HSS (XI-XII),Railway School,Co-Ed,1,0,0,1,0,1,1,1,1,0,0,0,1,1,1,1,0,1,0,1,1,1
Telangana,Urban,SS (I-X),Railway School,Co-Ed,1,1,1,1,0,1,1,0,0,0,1,1,1,0,0,0,0,1,0,0,1,1
Telangana,Rural,HSS (I-XII),Social welfare Department,Boys,36,33,30,36,11,34,35,22,32,5,21,36,31,22,15,32,2,15,9,17,28,35
Telangana,Rural,HSS (I-XII),Social welfare Department,Girls,73,63,59,73,24,69,73,40,70,29,55,73,63,55,25,72,59,29,12,36,52,73
Telangana,Rural,HSS (I-XII),Social welfare Department,Co-Ed,1,0,1,1,1,1,1,0,0,0,0,1,1,0,1,1,0,0,0,0,0,1
Telangana,Urban,HSS (I-XII),Social welfare Department,Boys,21,19,14,21,3,21,21,17,19,8,11,21,18,11,8,20,1,8,5,6,18,20
Telangana,Urban,HSS (I-XII),Social welfare Department,Girls,30,28,24,30,15,30,30,20,28,7,17,30,28,23,13,30,21,14,9,14,23,30
Telangana,Urban,HSS (I-XII),Social welfare Department,Co-Ed,2,1,0,2,0,2,2,0,1,0,1,2,1,1,2,2,1,0,0,0,1,2
Telangana,Urban,HSS (VI-XII),Social welfare Department,Co-Ed,2,2,1,2,2,2,2,1,1,2,1,2,2,2,1,2,2,1,1,1,1,2
Telangana,Rural,HSS (XI-XII),Social welfare Department,Boys,3,3,3,3,2,3,3,3,2,0,2,3,3,2,2,3,1,2,2,0,1,3
Telangana,Rural,HSS (XI-XII),Social welfare Department,Girls,1,0,0,1,0,1,1,0,0,0,1,1,1,0,1,1,1,0,0,0,1,1
Telangana,Urban,HSS (XI-XII),Social welfare Department,Boys,3,3,2,3,0,3,3,3,2,1,2,3,2,2,2,3,0,1,1,2,3,3
Telangana,Urban,HSS (XI-XII),Social welfare Department,Girls,1,1,1,1,0,1,1,1,1,1,1,1,1,1,1,1,0,0,0,1,1,1
Telangana,Rural,PS (I-V),Social welfare Department,Co-Ed,1,1,1,1,0,1,1,0,1,0,0,1,1,0,0,1,0,0,0,0,0,0
Telangana,Urban,PS (I-V),Social welfare Department,Co-Ed,1,1,1,1,1,1,1,0,0,0,0,1,1,0,0,1,0,0,0,0,1,1
Telangana,Rural,SS (I-X),Social welfare Department,Boys,23,19,13,23,1,18,21,10,18,6,8,23,21,10,7,23,3,10,6,6,11,23
Telangana,Rural,SS (I-X),Social welfare Department,Girls,22,18,11,22,4,18,20,10,19,5,10,22,21,16,6,22,10,7,6,7,13,22
Telangana,Urban,SS (I-X),Social welfare Department,Boys,11,11,5,11,0,11,11,8,10,3,2,11,9,7,3,11,0,1,0,4,8,11
Telangana,Urban,SS (I-X),Social welfare Department,Girls,15,14,5,15,3,12,14,5,12,4,8,15,15,8,2,15,10,5,4,6,11,13
Telangana,Urban,SS (I-X),Social welfare Department,Co-Ed,1,0,0,1,0,1,1,1,1,0,0,1,1,1,0,1,1,0,0,0,1,1
Telangana,Rural,HSS (I-XII),Tribal Welfare Department,Boys,20,15,13,20,6,16,17,0,14,5,9,20,18,8,4,19,3,7,4,9,15,18
Telangana,Rural,HSS (I-XII),Tribal Welfare Department,Girls,22,16,15,22,4,20,20,1,18,4,13,22,18,9,8,20,12,10,5,15,14,20
Telangana,Urban,HSS (I-XII),Tribal Welfare Department,Boys,4,4,2,4,1,4,4,2,2,1,2,4,4,1,0,3,0,1,1,4,2,4
Telangana,Urban,HSS (I-XII),Tribal Welfare Department,Girls,9,8,6,9,2,8,9,2,6,3,4,9,9,1,2,9,2,2,2,5,6,9
Telangana,Urban,HSS (I-XII),Tribal Welfare Department,Co-Ed,1,1,0,1,0,1,1,0,1,0,1,1,1,0,0,1,0,0,0,1,1,1
Telangana,Rural,HSS (VI-XII),Tribal Welfare Department,Boys,1,1,0,1,0,1,1,0,1,0,0,1,1,0,1,1,0,0,0,1,1,1
Telangana,Rural,HSS (VI-XII),Tribal Welfare Department,Co-Ed,1,0,0,1,0,1,1,1,1,0,1,1,1,1,1,1,0,0,0,1,1,1
Telangana,Rural,HSS (XI-XII),Tribal Welfare Department,Boys,8,6,6,8,1,8,7,3,7,1,7,8,6,7,2,6,0,3,2,2,5,8
Telangana,Rural,HSS (XI-XII),Tribal Welfare Department,Girls,10,9,8,10,4,9,10,6,7,0,8,10,9,5,4,9,6,1,1,4,8,7
Telangana,Rural,HSS (XI-XII),Tribal Welfare Department,Co-Ed,1,0,1,1,0,1,1,0,0,0,1,1,1,1,1,1,0,0,0,0,0,1
Telangana,Urban,HSS (XI-XII),Tribal Welfare Department,Boys,3,2,1,3,0,2,3,2,3,0,0,3,3,1,1,3,2,2,1,0,1,1
Telangana,Urban,HSS (XI-XII),Tribal Welfare Department,Girls,4,4,2,4,1,3,4,1,2,0,2,3,4,2,2,4,3,0,0,0,4,3
Telangana,Urban,HSS (XI-XII),Tribal Welfare Department,Co-Ed,1,1,0,1,1,1,1,0,0,0,0,1,1,1,0,1,0,1,1,0,1,1
Telangana,Rural,PS (I-V),Tribal Welfare Department,Boys,4,1,3,4,0,1,2,0,4,0,2,4,3,0,0,2,0,3,1,1,1,2
Telangana,Rural,PS (I-V),Tribal Welfare Department,Girls,21,11,19,21,9,21,19,0,13,9,10,21,18,15,5,18,5,10,4,11,5,12
Telangana,Rural,PS (I-V),Tribal Welfare Department,Co-Ed,1441,31,899,964,17,632,1149,6,133,44,62,438,914,15,62,762,85,316,126,406,12,14
Telangana,Urban,PS (I-V),Tribal Welfare Department,Boys,3,0,1,3,1,1,2,0,2,0,1,2,3,0,1,3,0,1,0,0,0,1
Telangana,Urban,PS (I-V),Tribal Welfare Department,Girls,2,1,2,2,0,2,2,0,1,1,1,2,2,0,1,1,0,1,0,1,2,1
Telangana,Urban,PS (I-V),Tribal Welfare Department,Co-Ed,11,0,5,6,0,6,8,0,0,0,0,6,6,0,0,6,1,6,2,2,1,0
Telangana,Rural,SS (I-X),Tribal Welfare Department,Boys,83,58,73,83,30,73,81,2,54,16,58,79,80,42,18,79,3,31,11,45,22,71
Telangana,Rural,SS (I-X),Tribal Welfare Department,Girls,71,50,56,71,29,55,68,7,53,21,45,70,65,39,23,68,23,39,13,42,21,63
Telangana,Rural,SS (I-X),Tribal Welfare Department,Co-Ed,60,39,49,60,20,52,52,2,35,7,52,57,55,15,5,49,9,29,12,20,8,46
Telangana,Urban,SS (I-X),Tribal Welfare Department,Boys,11,9,7,11,4,10,10,0,6,1,6,11,11,5,0,11,2,3,3,7,2,9
Telangana,Urban,SS (I-X),Tribal Welfare Department,Girls,17,12,12,17,6,13,16,1,12,4,11,16,17,12,3,15,4,7,4,6,9,11
Telangana,Urban,SS (I-X),Tribal Welfare Department,Co-Ed,7,5,4,7,2,3,6,1,3,1,3,7,7,2,0,7,3,2,2,2,3,5
Telangana,Rural,SS (VI-X),Tribal Welfare Department,Boys,7,6,6,7,2,6,7,0,5,2,4,7,4,3,2,7,0,3,1,4,1,6
Telangana,Rural,SS (VI-X),Tribal Welfare Department,Girls,14,9,13,14,4,13,14,2,10,9,8,14,13,11,6,13,3,8,3,9,4,12
Telangana,Rural,SS (VI-X),Tribal Welfare Department,Co-Ed,19,14,17,19,8,18,19,2,13,7,16,19,19,15,4,18,4,9,5,13,5,15
Telangana,Urban,SS (VI-X),Tribal Welfare Department,Boys,1,1,1,1,1,0,1,0,1,1,1,1,1,0,1,1,0,0,0,1,0,1
Telangana,Urban,SS (VI-X),Tribal Welfare Department,Girls,1,0,1,1,0,1,1,0,1,0,1,1,1,1,1,1,0,0,0,0,1,1
Telangana,Urban,SS (VI-X),Tribal Welfare Department,Co-Ed,1,1,1,1,1,1,1,0,1,0,1,1,1,1,1,1,0,1,1,0,1,1
Telangana,Rural,UPS (I-VIII),Tribal Welfare Department,Boys,8,1,6,8,1,5,6,0,6,1,5,7,7,4,0,8,1,1,0,4,1,5
Telangana,Rural,UPS (I-VIII),Tribal Welfare Department,Girls,15,7,11,15,3,13,13,0,9,6,6,15,14,4,4,14,4,4,3,6,1,12
Telangana,Rural,UPS (I-VIII),Tribal Welfare Department,Co-Ed,27,11,25,27,9,24,25,2,13,3,15,25,27,6,5,26,10,9,5,12,0,17
Telangana,Urban,UPS (I-VIII),Tribal Welfare Department,Boys,3,2,1,3,0,3,3,0,0,0,1,3,3,1,1,3,1,1,0,1,1,2
Telangana,Urban,UPS (I-VIII),Tribal Welfare Department,Girls,7,3,3,7,1,5,4,1,4,1,3,7,7,2,1,7,1,3,0,4,2,4
Telangana,Urban,UPS (I-VIII),Tribal Welfare Department,Co-Ed,1,1,1,1,0,1,1,0,1,0,0,1,1,1,1,1,0,0,0,1,1,1
Telangana,Rural,PS (I-V),Unrecognized,Girls,1,0,1,1,0,1,1,0,1,1,0,1,1,0,1,1,1,0,0,1,0,1
Telangana,Urban,PS (I-V),Unrecognized,Co-Ed,2,1,1,1,0,2,1,0,1,0,1,2,1,1,0,2,1,1,1,0,1,1
Telangana,Rural,UPS (I-VIII),Unrecognized,Co-Ed,3,3,1,3,0,2,2,0,1,0,1,3,3,2,1,2,1,1,1,0,1,1
Tripura,Rural,HSS (I-XII),Department of Education,Girls,1,1,0,1,0,0,1,0,0,0,1,1,1,0,0,1,0,1,0,0,0,1
Tripura,Rural,HSS (I-XII),Department of Education,Co-Ed,264,217,249,260,9,252,231,2,45,123,241,255,243,33,8,259,70,216,110,202,103,251
Tripura,Urban,HSS (I-XII),Department of Education,Boys,1,1,0,1,0,1,1,0,0,0,1,1,1,1,0,1,0,1,1,1,1,1
Tripura,Urban,HSS (I-XII),Department of Education,Girls,4,4,3,4,0,4,4,0,2,2,3,4,4,2,0,4,2,3,3,4,2,4
Tripura,Urban,HSS (I-XII),Department of Education,Co-Ed,69,65,58,69,1,62,64,1,18,24,65,68,66,17,1,68,21,63,33,50,44,68
Tripura,Rural,HSS (VI-XII),Department of Education,Co-Ed,30,28,29,29,0,29,25,1,7,14,28,30,28,3,3,30,10,22,8,22,13,29
Tripura,Urban,HSS (VI-XII),Department of Education,Boys,1,1,1,1,0,1,1,0,1,0,1,1,1,0,0,1,0,1,0,1,1,1
Tripura,Urban,HSS (VI-XII),Department of Education,Girls,6,5,6,6,0,6,6,0,3,5,6,6,6,0,1,6,4,6,5,5,4,6
Tripura,Urban,HSS (VI-XII),Department of Education,Co-Ed,8,8,8,8,0,8,8,0,3,6,6,8,8,3,1,8,2,8,4,6,5,7
Tripura,Rural,PS (I-V),Department of Education,Boys,2,0,2,1,1,0,2,0,0,1,1,1,2,1,0,2,0,1,1,1,2,1
Tripura,Rural,PS (I-V),Department of Education,Girls,8,3,6,6,0,4,5,1,0,6,7,5,5,1,0,5,0,3,2,5,0,0
Tripura,Rural,PS (I-V),Department of Education,Co-Ed,2047,327,1674,654,64,1513,1353,28,28,517,1760,1550,1282,94,46,1576,0,1215,675,1137,129,103
Tripura,Urban,PS (I-V),Department of Education,Co-Ed,69,14,49,49,3,39,58,1,1,13,65,61,64,3,0,65,0,58,33,53,1,1
Tripura,Rural,SS (I-X),Department of Education,Girls,1,0,0,1,0,1,1,0,0,0,1,1,1,0,0,1,0,1,1,0,0,1
Tripura,Rural,SS (I-X),Department of Education,Co-Ed,553,314,511,507,12,505,469,4,49,211,476,512,506,38,9,531,86,448,225,417,180,435
Tripura,Urban,SS (I-X),Department of Education,Co-Ed,44,35,38,43,0,39,37,0,9,12,42,41,41,3,1,44,3,41,21,35,14,37
Tripura,Rural,SS (VI-X),Department of Education,Girls,2,0,1,2,0,2,2,0,0,0,2,2,2,0,0,2,0,2,1,2,1,2
Tripura,Rural,SS (VI-X),Department of Education,Co-Ed,2,1,2,2,0,2,1,0,1,1,1,0,2,0,0,1,0,2,2,2,0,2
Tripura,Rural,UPS (I-VIII),Department of Education,Girls,1,1,1,1,0,1,1,0,0,1,1,1,1,0,0,1,0,0,0,1,0,0
Tripura,Rural,UPS (I-VIII),Department of Education,Co-Ed,1070,259,924,547,42,850,827,13,17,287,959,885,814,37,21,937,122,733,445,705,141,226
Tripura,Urban,UPS (I-VIII),Department of Education,Co-Ed,49,16,34,38,1,28,39,0,0,10,47,43,45,1,1,47,4,43,22,37,16,24
Tripura,Rural,HSS (I-XII),Government Aided,Co-Ed,3,2,1,2,0,3,2,0,2,1,3,3,3,1,0,3,0,2,1,3,1,3
Tripura,Urban,HSS (I-XII),Government Aided,Boys,1,1,1,1,1,1,1,1,1,1,1,1,1,1,0,1,0,0,0,0,1,1
Tripura,Urban,HSS (I-XII),Government Aided,Co-Ed,17,15,14,17,0,15,14,3,5,3,16,17,15,6,1,17,4,14,7,10,8,17
Tripura,Rural,HSS (VI-XII),Government Aided,Co-Ed,4,3,4,4,0,4,3,0,2,3,3,4,4,0,0,4,0,4,1,1,1,4
Tripura,Urban,HSS (VI-XII),Government Aided,Boys,1,1,1,1,0,1,1,0,1,1,1,1,1,0,0,1,0,1,0,0,0,1
Tripura,Urban,HSS (VI-XII),Government Aided,Co-Ed,3,3,3,3,0,3,3,0,2,1,3,3,3,1,0,3,1,2,2,2,2,3
Tripura,Rural,PS (I-V),Government Aided,Co-Ed,3,1,2,0,0,3,2,0,0,0,3,3,1,0,0,2,0,1,1,2,0,0
Tripura,Urban,PS (I-V),Government Aided,Co-Ed,5,2,4,3,0,3,3,0,0,0,5,5,4,0,0,5,0,1,0,3,0,0
Tripura,Urban,SS (I-X),Government Aided,Co-Ed,4,2,2,4,0,3,2,0,1,1,3,4,4,0,0,3,0,2,1,2,1,2
Tripura,Rural,UPS (I-VIII),Government Aided,Co-Ed,1,1,1,1,0,1,0,0,0,0,1,1,1,0,0,1,0,0,0,1,0,0
Tripura,Urban,UPS (I-VIII),Government Aided,Co-Ed,1,0,1,1,0,1,0,0,0,0,1,1,1,0,0,1,0,0,0,1,0,1
Tripura,Rural,HSS (VI-XII),Jawahar Navodaya Vidyalaya,Co-Ed,5,5,5,5,0,5,5,4,5,3,5,5,5,4,1,5,4,4,4,4,5,5
Tripura,Rural,SS (VI-X),Jawahar Navodaya Vidyalaya,Co-Ed,1,1,0,1,0,1,1,1,1,0,1,1,1,1,0,1,0,1,1,0,1,1
Tripura,Rural,UPS (I-VIII),Jawahar Navodaya Vidyalaya,Co-Ed,1,0,1,1,0,1,1,0,1,0,1,1,1,1,0,1,1,0,0,1,1,1
Tripura,Rural,UPS (VI-VIII),Jawahar Navodaya Vidyalaya,Co-Ed,1,1,1,1,1,1,1,0,1,0,1,1,1,1,0,1,1,0,0,1,1,1
Tripura,Rural,HSS (I-XII),Kendriya Vidyalaya / Central School,Co-Ed,4,4,3,4,0,4,4,4,4,1,4,4,4,4,1,4,1,3,2,1,4,4
Tripura,Urban,HSS (I-XII),Kendriya Vidyalaya / Central School,Co-Ed,4,4,3,4,1,4,4,4,4,2,4,4,4,4,1,4,2,4,2,1,4,4
Tripura,Rural,SS (I-X),Kendriya Vidyalaya / Central School,Co-Ed,1,1,0,1,0,1,1,1,1,1,1,1,1,1,0,1,0,1,0,0,1,1
Tripura,Rural,HSS (I-XII),Madarsa recognized (by Wakf board/Madarsa Board),Co-Ed,4,1,3,4,0,4,2,0,1,1,3,3,3,1,0,4,0,2,1,2,1,4
Tripura,Rural,PS (I-V),Madarsa recognized (by Wakf board/Madarsa Board),Co-Ed,141,15,123,12,1,51,31,2,1,8,107,74,93,4,0,110,0,57,44,50,1,4
Tripura,Urban,PS (I-V),Madarsa recognized (by Wakf board/Madarsa Board),Co-Ed,25,2,17,6,1,5,6,1,1,0,13,13,22,0,0,22,0,3,1,4,1,1
Tripura,Rural,SS (I-X),Madarsa recognized (by Wakf board/Madarsa Board),Co-Ed,3,2,3,1,0,2,2,0,0,1,2,3,3,0,0,3,0,2,2,3,0,2
Tripura,Rural,UPS (I-VIII),Madarsa recognized (by Wakf board/Madarsa Board),Co-Ed,5,1,4,1,1,1,2,0,0,2,5,5,4,1,0,5,0,3,1,3,0,1
Tripura,Urban,UPS (I-VIII),Madarsa recognized (by Wakf board/Madarsa Board),Co-Ed,1,0,0,0,0,0,0,0,0,0,1,0,0,0,0,1,0,1,1,1,0,0
Tripura,Rural,PS (I-V),Madarsa unrecognized,Co-Ed,1,0,1,1,0,0,0,0,0,0,1,1,1,0,0,1,0,1,0,0,0,0
Tripura,Urban,HSS (I-XII),Other Govt. managed schools,Co-Ed,1,1,1,1,0,1,1,0,0,0,1,1,1,1,0,1,0,0,0,1,1,1
Tripura,Rural,UPS (I-VIII),Other Govt. managed schools,Co-Ed,1,1,1,1,0,1,0,0,0,0,1,1,1,0,0,1,0,0,0,0,0,0
Tripura,Rural,HSS (I-XII),Private Unaided (Recognized),Boys,1,1,1,1,0,1,1,0,1,1,1,1,0,1,0,1,0,0,0,1,0,1
Tripura,Rural,HSS (I-XII),Private Unaided (Recognized),Co-Ed,29,28,28,29,8,28,27,17,27,12,27,29,28,22,5,29,19,10,7,14,26,29
Tripura,Urban,HSS (I-XII),Private Unaided (Recognized),Girls,1,1,1,1,0,1,1,1,1,0,1,1,1,1,1,1,1,1,1,1,1,1
Tripura,Urban,HSS (I-XII),Private Unaided (Recognized),Co-Ed,11,11,10,11,1,11,10,5,7,2,10,11,11,9,2,11,6,3,3,5,10,11
Tripura,Rural,PS (I-V),Private Unaided (Recognized),Co-Ed,103,83,89,87,9,81,41,8,30,19,89,96,95,30,11,94,0,30,13,32,31,74
Tripura,Urban,PS (I-V),Private Unaided (Recognized),Co-Ed,38,26,30,36,0,29,21,0,16,4,30,36,36,12,2,37,0,10,6,6,15,24
Tripura,Rural,SS (I-X),Private Unaided (Recognized),Co-Ed,74,70,72,72,8,70,62,20,55,29,65,74,70,36,16,74,21,17,11,35,49,72
Tripura,Urban,SS (I-X),Private Unaided (Recognized),Co-Ed,15,14,14,14,0,15,13,4,9,1,14,15,15,5,1,15,8,3,2,4,12,15
Tripura,Urban,SS (VI-X),Private Unaided (Recognized),Girls,1,1,0,1,0,1,0,0,0,0,1,1,0,1,0,1,0,0,0,1,1,1
Tripura,Rural,UPS (I-VIII),Private Unaided (Recognized),Co-Ed,77,59,73,61,5,62,40,11,36,15,68,72,66,14,6,68,20,17,10,25,25,57
Tripura,Urban,UPS (I-VIII),Private Unaided (Recognized),Boys,1,1,1,1,0,0,0,0,0,1,1,1,0,0,0,0,0,1,1,0,0,1
Tripura,Urban,UPS (I-VIII),Private Unaided (Recognized),Co-Ed,12,9,10,10,1,6,9,4,4,2,11,11,12,2,1,11,2,4,2,2,5,9
Tripura,Rural,HSS (I-XII),Social welfare Department,Girls,1,1,1,1,1,1,1,0,1,1,1,1,1,1,0,1,0,1,1,1,0,1
Tripura,Rural,HSS (I-XII),Social welfare Department,Co-Ed,1,1,1,1,0,0,1,0,0,0,1,1,1,1,0,1,1,1,0,1,1,0
Tripura,Rural,HSS (VI-XII),Tribal Welfare Department,Co-Ed,4,4,4,4,0,4,4,2,2,1,3,4,4,3,0,4,0,2,0,2,4,4
Tripura,Rural,PS (I-V),Tribal Welfare Department,Co-Ed,2,2,2,2,0,2,2,0,0,0,2,2,2,0,0,1,0,1,1,1,1,2
Tripura,Urban,PS (I-V),Tribal Welfare Department,Co-Ed,1,1,1,1,0,1,1,0,0,0,1,1,0,0,0,1,0,0,0,0,0,1
Tripura,Rural,SS (VI-X),Tribal Welfare Department,Co-Ed,1,1,1,1,0,1,1,0,1,1,1,1,1,0,0,1,0,1,0,1,0,1
Tripura,Rural,UPS (VI-VIII),Tribal Welfare Department,Co-Ed,1,1,0,1,0,1,0,0,1,0,0,1,1,0,0,1,0,0,0,0,1,1
Tripura,Rural,PS (I-V),Unrecognized,Boys,2,2,1,2,1,1,2,1,1,1,2,1,1,1,0,2,0,2,0,2,1,1
Tripura,Rural,PS (I-V),Unrecognized,Co-Ed,68,44,57,52,6,52,21,3,12,9,51,58,60,17,2,59,0,22,15,16,17,32
Tripura,Urban,PS (I-V),Unrecognized,Co-Ed,7,3,5,6,1,5,4,1,2,0,7,7,7,2,0,6,0,1,1,2,2,3
Tripura,Rural,UPS (I-VIII),Unrecognized,Girls,1,1,0,1,1,1,1,0,1,1,1,1,0,1,0,1,0,0,0,0,1,1
Tripura,Rural,UPS (I-VIII),Unrecognized,Co-Ed,2,2,2,2,0,2,2,0,2,1,2,2,2,1,0,2,0,0,0,1,0,2
Tripura,Urban,UPS (I-VIII),Unrecognized,Co-Ed,1,1,1,1,0,1,0,0,0,0,1,1,1,1,0,1,1,1,1,0,1,1
Uttarakhand,Urban,HSS (I-XII),Central Tibetan School,Co-Ed,1,1,0,1,1,1,1,1,1,1,1,1,1,1,1,1,0,1,1,0,1,1
Uttarakhand,Urban,HSS (IX-XII),Central Tibetan School,Co-Ed,1,1,1,1,0,1,1,1,1,0,1,1,1,1,0,1,0,1,0,0,1,1
Uttarakhand,Urban,HSS (I-XII),Department of Education,Girls,2,2,1,2,0,2,2,0,2,1,2,2,2,2,1,2,0,1,0,1,2,2
Uttarakhand,Urban,HSS (I-XII),Department of Education,Co-Ed,1,1,1,1,0,1,1,0,1,1,1,1,1,1,0,1,1,1,0,0,0,1
Uttarakhand,Rural,HSS (IX-XII),Department of Education,Girls,4,2,3,4,1,3,4,1,3,2,4,4,4,2,1,4,2,2,1,3,1,3
Uttarakhand,Rural,HSS (IX-XII),Department of Education,Co-Ed,56,31,44,55,2,42,54,0,48,8,54,51,53,38,8,53,11,23,14,36,9,56
Uttarakhand,Urban,HSS (IX-XII),Department of Education,Girls,2,1,0,2,0,1,2,0,2,0,2,2,2,2,0,2,1,2,1,2,2,2
Uttarakhand,Urban,HSS (IX-XII),Department of Education,Co-Ed,8,4,7,8,0,5,7,0,8,0,7,7,8,6,0,8,3,6,3,5,5,8
Uttarakhand,Rural,HSS (VI-XII),Department of Education,Boys,11,8,9,11,0,11,11,1,10,6,11,11,11,7,0,10,0,6,5,7,6,11
Uttarakhand,Rural,HSS (VI-XII),Department of Education,Girls,61,41,41,61,9,41,59,2,57,43,61,61,60,46,5,59,32,23,17,40,29,61
Uttarakhand,Rural,HSS (VI-XII),Department of Education,Co-Ed,1113,718,970,1103,102,882,1079,22,891,638,1086,1091,1053,766,100,1069,306,508,267,771,319,1108
Uttarakhand,Urban,HSS (VI-XII),Department of Education,Boys,29,29,28,29,4,28,28,0,28,16,29,29,28,20,3,29,3,21,9,21,17,29
Uttarakhand,Urban,HSS (VI-XII),Department of Education,Girls,58,48,44,58,7,42,58,0,54,38,56,57,58,48,4,58,32,37,25,35,41,58
Uttarakhand,Urban,HSS (VI-XII),Department of Education,Co-Ed,57,51,48,57,6,49,56,5,50,24,56,57,56,43,8,55,19,37,21,36,34,57
Uttarakhand,Rural,HSS (XI-XII),Department of Education,Girls,2,0,1,2,0,1,1,0,1,0,2,2,2,1,1,2,1,1,1,1,0,1
Uttarakhand,Urban,HSS (XI-XII),Department of Education,Girls,1,1,0,1,0,1,1,1,1,0,1,1,1,0,1,1,0,0,0,1,0,1
Uttarakhand,Urban,HSS (XI-XII),Department of Education,Co-Ed,2,1,1,2,1,1,1,0,2,0,2,2,2,2,0,2,1,0,0,2,0,2
Uttarakhand,Rural,PS (I-V),Department of Education,Boys,1,1,1,1,0,1,1,0,0,0,1,1,1,0,0,1,0,1,1,0,0,0
Uttarakhand,Rural,PS (I-V),Department of Education,Girls,1,1,1,1,0,1,1,0,0,0,1,1,1,0,0,1,0,1,1,0,0,0
Uttarakhand,Rural,PS (I-V),Department of Education,Co-Ed,10815,8601,6682,8945,644,7699,10332,99,582,5221,9478,10054,9775,2499,419,10404,0,8608,5891,3328,1460,3451
Uttarakhand,Urban,PS (I-V),Department of Education,Boys,1,1,0,1,0,1,1,0,0,0,1,1,1,0,0,1,0,1,1,0,1,1
Uttarakhand,Urban,PS (I-V),Department of Education,Girls,2,2,1,2,1,2,2,0,0,1,2,2,2,0,0,2,0,1,1,0,0,1
Uttarakhand,Urban,PS (I-V),Department of Education,Co-Ed,632,458,297,604,30,416,603,15,78,266,586,612,603,173,21,622,0,534,379,230,52,297
Uttarakhand,Rural,SS (I-X),Department of Education,Co-Ed,2,1,2,2,0,2,2,0,1,2,2,1,1,0,0,2,1,1,0,0,0,2
Uttarakhand,Urban,SS (I-X),Department of Education,Co-Ed,1,0,1,1,0,1,1,0,1,0,1,1,1,0,0,1,1,0,0,1,0,1
Uttarakhand,Rural,SS (IX-X),Department of Education,Boys,1,0,0,1,0,1,1,0,1,0,0,1,1,1,0,0,0,0,0,1,0,1
Uttarakhand,Rural,SS (IX-X),Department of Education,Girls,6,2,3,5,0,2,5,0,5,0,6,6,4,2,0,6,2,1,1,3,2,6
Uttarakhand,Rural,SS (IX-X),Department of Education,Co-Ed,170,75,120,128,16,104,149,3,105,18,137,135,137,74,9,135,32,60,25,108,26,140
Uttarakhand,Urban,SS (IX-X),Department of Education,Boys,1,0,1,1,0,1,1,0,0,0,0,1,1,0,0,1,0,1,0,1,0,1
Uttarakhand,Urban,SS (IX-X),Department of Education,Girls,3,2,2,3,0,2,3,0,2,1,3,3,3,3,0,3,0,3,1,3,1,3
Uttarakhand,Urban,SS (IX-X),Department of Education,Co-Ed,9,4,6,7,0,8,9,0,7,3,9,9,9,5,0,9,3,4,1,5,6,9
Uttarakhand,Rural,SS (VI-X),Department of Education,Boys,2,1,2,2,0,2,2,0,2,0,2,2,2,2,0,2,0,1,1,2,2,2
Uttarakhand,Rural,SS (VI-X),Department of Education,Girls,34,16,21,34,2,22,33,0,25,16,32,33,30,28,0,32,9,12,8,19,8,33
Uttarakhand,Rural,SS (VI-X),Department of Education,Co-Ed,656,406,516,637,47,482,614,11,408,378,631,633,605,357,48,638,76,335,200,386,130,620
Uttarakhand,Urban,SS (VI-X),Department of Education,Boys,1,1,1,1,0,0,1,0,1,1,1,1,1,1,0,1,0,1,0,0,1,1
Uttarakhand,Urban,SS (VI-X),Department of Education,Girls,11,9,6,11,2,9,9,0,9,7,10,10,11,10,0,11,5,9,6,6,5,11
Uttarakhand,Urban,SS (VI-X),Department of Education,Co-Ed,14,8,9,14,0,10,13,0,9,9,14,14,14,11,0,14,5,10,6,7,2,14
Uttarakhand,Rural,UPS (I-VIII),Department of Education,Co-Ed,8,7,6,8,1,6,8,0,1,5,8,7,7,4,0,7,0,8,5,3,1,7
Uttarakhand,Urban,UPS (I-VIII),Department of Education,Co-Ed,2,2,1,2,0,1,2,0,0,1,2,2,2,1,0,2,0,1,1,0,0,2
Uttarakhand,Rural,UPS (VI-VIII),Department of Education,Girls,25,22,15,25,1,20,23,1,2,17,25,22,24,7,2,24,6,18,14,4,5,25
Uttarakhand,Rural,UPS (VI-VIII),Department of Education,Co-Ed,2350,2041,1766,2031,154,1787,2238,25,209,1421,2177,2203,2114,538,141,2241,354,1826,1216,1133,303,1806
Uttarakhand,Urban,UPS (VI-VIII),Department of Education,Boys,8,7,4,8,0,2,8,0,3,2,8,8,8,1,1,8,0,4,4,3,0,6
Uttarakhand,Urban,UPS (VI-VIII),Department of Education,Girls,22,20,4,22,3,13,19,0,4,6,21,22,22,1,1,22,9,16,9,13,4,19
Uttarakhand,Urban,UPS (VI-VIII),Department of Education,Co-Ed,150,127,90,150,9,113,145,5,27,79,147,144,148,46,10,145,20,134,97,75,16,139
Uttarakhand,Rural,HSS (I-XII),Government Aided,Co-Ed,4,4,4,4,0,4,2,1,3,2,4,4,4,2,0,4,2,1,0,1,2,3
Uttarakhand,Urban,HSS (I-XII),Government Aided,Girls,10,10,4,10,1,8,9,2,10,5,10,10,10,7,3,10,3,7,4,3,10,10
Uttarakhand,Urban,HSS (I-XII),Government Aided,Co-Ed,26,26,15,26,6,26,25,1,21,5,25,26,26,12,3,26,4,12,5,16,18,26
Uttarakhand,Rural,HSS (IX-XII),Government Aided,Boys,1,0,1,0,0,1,1,0,0,0,1,1,0,0,0,0,0,0,0,0,0,1
Uttarakhand,Rural,HSS (IX-XII),Government Aided,Co-Ed,19,17,17,16,0,14,15,0,6,2,18,16,17,5,1,10,2,2,1,12,10,12
Uttarakhand,Urban,HSS (IX-XII),Government Aided,Boys,4,4,3,4,0,2,4,0,3,1,4,4,4,1,0,4,1,1,0,0,2,4
Uttarakhand,Urban,HSS (IX-XII),Government Aided,Girls,1,1,1,1,0,1,1,0,1,1,1,1,1,1,0,1,0,0,0,0,1,1
Uttarakhand,Urban,HSS (IX-XII),Government Aided,Co-Ed,3,3,3,3,0,2,3,0,2,1,2,3,3,1,0,2,1,2,1,3,2,3
Uttarakhand,Rural,HSS (VI-XII),Government Aided,Boys,3,3,3,3,0,3,3,0,2,2,2,3,3,1,1,3,0,1,1,1,1,1
Uttarakhand,Rural,HSS (VI-XII),Government Aided,Girls,1,1,1,1,0,1,1,0,0,1,1,1,1,0,0,1,0,1,0,0,0,1
Uttarakhand,Rural,HSS (VI-XII),Government Aided,Co-Ed,177,166,172,172,29,166,152,12,125,94,169,172,169,35,14,173,46,61,31,99,63,166
Uttarakhand,Urban,HSS (VI-XII),Government Aided,Boys,20,20,19,19,3,18,16,1,16,10,20,20,19,12,1,19,2,9,3,10,15,20
Uttarakhand,Urban,HSS (VI-XII),Government Aided,Girls,14,14,6,14,0,13,13,1,12,5,14,14,14,9,2,14,8,8,1,7,12,14
Uttarakhand,Urban,HSS (VI-XII),Government Aided,Co-Ed,53,53,44,52,4,51,46,1,42,25,53,52,52,26,3,50,9,31,11,31,33,52
Uttarakhand,Rural,HSS (XI-XII),Government Aided,Co-Ed,1,1,1,1,0,1,1,1,1,0,1,1,1,0,0,1,1,1,1,1,0,1
Uttarakhand,Urban,HSS (XI-XII),Government Aided,Boys,1,1,0,1,0,0,0,0,0,0,1,1,1,0,0,1,0,0,0,0,0,1
Uttarakhand,Rural,PS (I-V),Government Aided,Co-Ed,6,6,5,6,0,6,4,0,3,3,4,6,6,1,0,5,0,2,0,0,1,2
Uttarakhand,Urban,PS (I-V),Government Aided,Co-Ed,3,3,1,3,0,3,2,0,2,1,3,3,3,2,1,3,0,1,1,2,3,3
Uttarakhand,Rural,SS (I-X),Government Aided,Co-Ed,1,1,0,1,0,1,1,0,0,0,1,1,1,0,0,1,0,0,0,1,0,1
Uttarakhand,Rural,SS (IX-X),Government Aided,Girls,1,1,1,1,0,1,1,0,0,0,1,1,1,0,0,1,0,1,0,0,1,1
Uttarakhand,Rural,SS (IX-X),Government Aided,Co-Ed,11,8,8,9,0,9,6,0,5,3,11,11,10,3,0,11,2,2,0,4,2,7
Uttarakhand,Rural,SS (VI-X),Government Aided,Co-Ed,45,38,38,42,3,43,37,1,20,27,38,40,42,10,5,44,12,12,5,29,17,38
Uttarakhand,Urban,SS (VI-X),Government Aided,Girls,1,1,1,1,0,1,1,0,1,1,1,1,1,1,0,1,0,0,0,0,1,1
Uttarakhand,Urban,SS (VI-X),Government Aided,Co-Ed,2,2,2,2,0,1,2,0,1,1,2,2,2,0,0,2,1,0,0,0,1,2
Uttarakhand,Rural,UPS (I-VIII),Government Aided,Co-Ed,4,4,4,4,1,3,3,0,2,0,3,4,4,2,0,4,0,1,1,3,1,3
Uttarakhand,Urban,UPS (I-VIII),Government Aided,Co-Ed,5,5,4,5,0,5,4,0,2,3,4,5,5,0,0,5,1,1,0,3,0,1
Uttarakhand,Rural,UPS (VI-VIII),Government Aided,Boys,1,1,1,1,0,1,1,1,1,0,1,1,1,0,0,1,0,0,0,1,1,1
Uttarakhand,Rural,UPS (VI-VIII),Government Aided,Girls,5,4,3,4,0,5,2,0,2,0,5,5,4,0,0,5,0,1,0,2,0,2
Uttarakhand,Rural,UPS (VI-VIII),Government Aided,Co-Ed,118,112,111,95,6,112,93,5,56,52,104,115,111,22,8,115,28,22,8,52,27,51
Uttarakhand,Urban,UPS (VI-VIII),Government Aided,Boys,4,4,1,4,0,4,1,0,3,1,4,4,3,0,0,4,1,2,1,2,3,3
Uttarakhand,Urban,UPS (VI-VIII),Government Aided,Girls,6,6,1,6,0,6,5,0,4,0,6,6,6,1,1,6,0,1,0,4,3,3
Uttarakhand,Urban,UPS (VI-VIII),Government Aided,Co-Ed,57,52,33,53,2,48,44,1,32,16,56,57,56,23,3,56,12,20,10,33,16,34
Uttarakhand,Rural,HSS (VI-XII),Jawahar Navodaya Vidyalaya,Co-Ed,10,10,10,10,8,10,10,10,10,5,10,10,10,10,4,10,7,8,7,9,10,10
Uttarakhand,Urban,HSS (VI-XII),Jawahar Navodaya Vidyalaya,Co-Ed,3,3,3,3,2,3,3,3,3,2,3,3,3,3,2,3,2,3,3,2,3,3
Uttarakhand,Rural,HSS (I-XII),Kendriya Vidyalaya / Central School,Co-Ed,15,15,12,15,3,15,15,14,15,6,15,15,15,15,7,15,11,14,10,2,14,15
Uttarakhand,Urban,HSS (I-XII),Kendriya Vidyalaya / Central School,Co-Ed,26,26,16,26,5,20,26,25,26,3,26,26,26,24,10,26,19,22,14,7,25,26
Uttarakhand,Rural,HSS (VI-XII),Kendriya Vidyalaya / Central School,Co-Ed,1,1,1,1,0,1,1,1,1,0,1,1,1,1,0,1,1,1,0,0,1,1
Uttarakhand,Urban,SS (I-X),Kendriya Vidyalaya / Central School,Co-Ed,1,1,0,1,1,1,1,1,1,0,1,1,1,1,0,1,0,1,0,0,1,1
Uttarakhand,Rural,UPS (I-VIII),Kendriya Vidyalaya / Central School,Co-Ed,2,2,2,2,1,2,2,2,2,0,2,2,2,1,0,2,1,2,0,0,2,2
Uttarakhand,Urban,HSS (I-XII),Local body,Co-Ed,1,1,1,1,1,1,1,0,1,1,1,1,1,1,0,1,0,0,0,0,1,1
Uttarakhand,Urban,HSS (VI-XII),Local body,Girls,1,1,1,1,0,1,1,0,1,0,1,1,1,1,0,1,0,0,0,0,0,1
Uttarakhand,Urban,HSS (VI-XII),Local body,Co-Ed,2,2,2,2,0,2,2,0,2,0,2,2,2,2,1,2,1,1,1,2,2,2
Uttarakhand,Urban,PS (I-V),Local body,Co-Ed,11,11,5,11,1,8,7,0,3,1,11,11,11,5,2,11,0,3,0,4,2,6
Uttarakhand,Urban,SS (VI-X),Local body,Co-Ed,2,2,1,2,0,2,2,0,2,0,2,2,2,1,1,2,1,1,1,2,2,2
Uttarakhand,Urban,UPS (I-VIII),Local body,Co-Ed,2,2,1,2,0,2,1,0,0,2,2,2,2,1,0,2,0,1,1,0,1,2
Uttarakhand,Urban,UPS (VI-VIII),Local body,Co-Ed,2,2,2,2,0,2,1,0,1,0,2,2,2,1,1,2,0,2,0,2,0,1
Uttarakhand,Rural,HSS (IX-XII),Madarsa recognized (by Wakf board/Madarsa Board),Co-Ed,2,2,2,2,0,2,1,1,2,0,2,2,2,0,0,2,0,0,0,0,1,1
Uttarakhand,Urban,HSS (IX-XII),Madarsa recognized (by Wakf board/Madarsa Board),Co-Ed,1,1,1,1,0,1,1,1,1,0,0,1,1,1,0,1,0,0,0,0,1,1
Uttarakhand,Urban,HSS (VI-XII),Madarsa recognized (by Wakf board/Madarsa Board),Co-Ed,1,1,1,1,0,1,1,0,1,0,1,1,1,0,0,1,1,0,0,0,1,1
Uttarakhand,Rural,HSS (XI-XII),Madarsa recognized (by Wakf board/Madarsa Board),Co-Ed,2,2,1,2,0,2,2,1,2,1,2,2,1,1,0,2,1,0,0,2,1,2
Uttarakhand,Urban,HSS (XI-XII),Madarsa recognized (by Wakf board/Madarsa Board),Co-Ed,6,6,6,6,0,6,5,0,3,0,6,6,6,4,0,6,1,2,1,4,5,4
Uttarakhand,Rural,PS (I-V),Madarsa recognized (by Wakf board/Madarsa Board),Boys,2,2,1,2,0,2,2,0,2,0,0,2,2,0,0,2,0,1,1,1,0,0
Uttarakhand,Rural,PS (I-V),Madarsa recognized (by Wakf board/Madarsa Board),Girls,1,1,0,1,0,0,1,1,1,0,1,1,1,0,0,1,0,1,1,0,1,1
Uttarakhand,Rural,PS (I-V),Madarsa recognized (by Wakf board/Madarsa Board),Co-Ed,161,142,117,157,11,124,67,13,66,36,116,152,140,18,5,157,0,46,19,26,43,60
Uttarakhand,Urban,PS (I-V),Madarsa recognized (by Wakf board/Madarsa Board),Boys,2,1,0,2,0,1,1,0,1,2,1,2,2,1,0,2,0,0,0,1,0,1
Uttarakhand,Urban,PS (I-V),Madarsa recognized (by Wakf board/Madarsa Board),Girls,1,1,1,1,0,1,1,0,1,0,1,1,1,1,0,1,0,1,0,0,1,1
Uttarakhand,Urban,PS (I-V),Madarsa recognized (by Wakf board/Madarsa Board),Co-Ed,80,69,56,78,12,58,45,10,45,10,64,77,75,27,6,79,0,21,5,23,29,47
Uttarakhand,Rural,SS (I-X),Madarsa recognized (by Wakf board/Madarsa Board),Co-Ed,1,1,0,1,0,1,1,1,1,1,1,1,1,1,0,1,0,0,0,0,1,1
Uttarakhand,Urban,SS (I-X),Madarsa recognized (by Wakf board/Madarsa Board),Co-Ed,2,2,2,2,0,2,2,0,2,0,2,2,2,2,0,2,2,0,0,1,1,2
Uttarakhand,Rural,SS (IX-X),Madarsa recognized (by Wakf board/Madarsa Board),Girls,1,1,1,1,0,1,1,0,1,1,1,1,1,1,0,1,0,0,0,0,1,1
Uttarakhand,Rural,SS (IX-X),Madarsa recognized (by Wakf board/Madarsa Board),Co-Ed,8,7,7,7,0,8,7,1,6,2,8,8,8,5,0,8,3,2,1,6,1,4
Uttarakhand,Urban,SS (IX-X),Madarsa recognized (by Wakf board/Madarsa Board),Girls,2,2,2,2,0,1,1,0,2,0,2,2,2,2,0,2,0,0,0,1,2,2
Uttarakhand,Urban,SS (IX-X),Madarsa recognized (by Wakf board/Madarsa Board),Co-Ed,18,17,13,18,3,16,16,0,15,1,17,18,18,12,0,18,3,5,2,9,11,14
Uttarakhand,Rural,SS (VI-X),Madarsa recognized (by Wakf board/Madarsa Board),Co-Ed,1,1,1,1,0,1,1,0,1,0,0,1,1,0,0,1,1,1,0,0,1,1
Uttarakhand,Urban,SS (VI-X),Madarsa recognized (by Wakf board/Madarsa Board),Co-Ed,2,2,1,2,0,1,2,0,1,0,2,2,2,1,0,2,0,0,0,1,1,2
Uttarakhand,Rural,UPS (I-VIII),Madarsa recognized (by Wakf board/Madarsa Board),Co-Ed,47,41,37,45,3,35,30,9,26,12,40,47,41,5,1,47,15,14,6,9,21,32
Uttarakhand,Urban,UPS (I-VIII),Madarsa recognized (by Wakf board/Madarsa Board),Boys,1,1,1,1,0,0,1,0,0,0,1,1,1,1,0,1,0,0,0,1,1,1
Uttarakhand,Urban,UPS (I-VIII),Madarsa recognized (by Wakf board/Madarsa Board),Co-Ed,17,16,13,17,0,12,9,4,12,5,10,17,17,4,1,17,3,9,5,5,6,8
Uttarakhand,Rural,UPS (VI-VIII),Madarsa recognized (by Wakf board/Madarsa Board),Girls,1,1,1,1,0,1,1,0,0,1,1,1,1,1,0,1,0,0,0,0,1,1
Uttarakhand,Rural,UPS (VI-VIII),Madarsa recognized (by Wakf board/Madarsa Board),Co-Ed,60,54,50,59,3,52,31,7,32,16,51,57,56,10,1,59,11,18,6,16,18,28
Uttarakhand,Urban,UPS (VI-VIII),Madarsa recognized (by Wakf board/Madarsa Board),Girls,3,3,3,3,0,3,2,0,2,0,3,3,3,3,0,3,0,0,0,2,1,1
Uttarakhand,Urban,UPS (VI-VIII),Madarsa recognized (by Wakf board/Madarsa Board),Co-Ed,39,36,29,39,2,33,28,3,28,10,36,39,37,16,3,39,11,10,4,11,15,23
Uttarakhand,Rural,PS (I-V),Madarsa unrecognized,Boys,1,1,1,1,0,1,1,0,0,0,1,1,1,0,0,1,0,1,0,0,0,0
Uttarakhand,Rural,PS (I-V),Madarsa unrecognized,Co-Ed,9,5,5,9,1,4,0,0,3,0,5,9,8,1,0,9,0,0,0,0,1,1
Uttarakhand,Urban,PS (I-V),Madarsa unrecognized,Girls,1,1,0,1,0,0,0,0,0,0,1,1,1,0,0,1,0,0,0,0,0,0
Uttarakhand,Urban,PS (I-V),Madarsa unrecognized,Co-Ed,2,1,1,2,0,2,1,0,2,0,2,2,2,0,0,2,0,0,0,0,2,2
Uttarakhand,Urban,HSS (I-XII),Other Central Govt. Schools,Co-Ed,1,1,1,1,0,1,1,1,1,1,1,1,1,1,0,1,0,1,1,1,1,1
Uttarakhand,Urban,SS (I-X),Other Central Govt. Schools,Co-Ed,2,2,2,2,0,2,2,1,2,1,2,2,2,2,0,2,1,2,1,1,2,2
Uttarakhand,Rural,HSS (I-XII),Private Unaided (Recognized),Boys,1,1,0,1,0,1,1,1,1,0,1,1,1,1,0,1,0,0,0,1,1,1
Uttarakhand,Rural,HSS (I-XII),Private Unaided (Recognized),Girls,7,7,7,7,3,7,6,7,7,1,7,7,7,7,4,7,4,2,1,6,7,7
Uttarakhand,Rural,HSS (I-XII),Private Unaided (Recognized),Co-Ed,256,256,242,256,50,254,247,201,249,106,250,256,251,212,86,256,120,112,66,65,243,253
Uttarakhand,Urban,HSS (I-XII),Private Unaided (Recognized),Boys,2,2,1,2,0,2,2,2,2,1,2,2,2,2,1,2,1,1,1,1,2,2
Uttarakhand,Urban,HSS (I-XII),Private Unaided (Recognized),Girls,8,8,6,8,3,8,8,8,8,2,8,8,8,8,5,8,3,4,2,3,8,8
Uttarakhand,Urban,HSS (I-XII),Private Unaided (Recognized),Co-Ed,329,327,287,329,62,327,326,271,325,130,325,329,327,290,91,329,136,126,73,59,322,329
Uttarakhand,Rural,HSS (IX-XII),Private Unaided (Recognized),Co-Ed,19,19,18,19,0,15,15,4,12,6,19,19,18,8,3,19,7,4,2,6,11,15
Uttarakhand,Urban,HSS (IX-XII),Private Unaided (Recognized),Boys,1,1,0,1,0,1,1,0,0,0,1,1,1,0,0,0,0,0,0,0,0,1
Uttarakhand,Urban,HSS (IX-XII),Private Unaided (Recognized),Girls,2,2,1,2,0,1,2,0,2,0,2,2,2,2,1,2,1,2,1,1,2,2
Uttarakhand,Urban,HSS (IX-XII),Private Unaided (Recognized),Co-Ed,16,15,9,16,0,16,13,2,14,3,15,16,15,8,3,16,6,2,1,6,13,15
Uttarakhand,Rural,HSS (VI-XII),Private Unaided (Recognized),Boys,1,1,1,1,1,1,1,1,1,0,1,1,1,1,0,1,0,0,0,1,1,1
Uttarakhand,Rural,HSS (VI-XII),Private Unaided (Recognized),Girls,2,2,2,2,0,2,2,0,2,1,2,2,2,1,0,2,2,0,0,0,2,2
Uttarakhand,Rural,HSS (VI-XII),Private Unaided (Recognized),Co-Ed,35,35,31,35,5,35,33,9,33,10,35,35,34,17,5,35,14,5,2,12,29,34
Uttarakhand,Urban,HSS (VI-XII),Private Unaided (Recognized),Boys,5,5,5,5,2,5,5,2,5,0,5,5,5,4,1,5,1,1,1,1,3,4
Uttarakhand,Urban,HSS (VI-XII),Private Unaided (Recognized),Girls,6,6,5,6,2,6,6,2,6,2,6,6,6,5,1,6,2,0,0,2,5,6
Uttarakhand,Urban,HSS (VI-XII),Private Unaided (Recognized),Co-Ed,56,56,42,55,10,51,51,14,50,21,54,56,54,35,8,53,24,10,4,18,46,55
Uttarakhand,Rural,HSS (XI-XII),Private Unaided (Recognized),Co-Ed,5,4,5,5,0,5,4,0,3,1,5,4,4,1,0,5,2,2,1,4,2,5
Uttarakhand,Urban,HSS (XI-XII),Private Unaided (Recognized),Girls,1,1,1,1,0,1,1,1,1,1,1,1,1,0,0,1,0,0,0,0,1,1
Uttarakhand,Urban,HSS (XI-XII),Private Unaided (Recognized),Co-Ed,2,1,2,2,0,2,2,0,1,0,2,2,2,0,0,2,1,0,0,1,2,2
Uttarakhand,Rural,PS (I-V),Private Unaided (Recognized),Boys,1,1,0,1,0,1,0,0,1,1,1,1,1,1,0,1,0,0,0,0,1,1
Uttarakhand,Rural,PS (I-V),Private Unaided (Recognized),Co-Ed,1026,885,768,874,96,905,763,81,617,125,836,990,962,262,83,949,0,205,106,244,353,634
Uttarakhand,Urban,PS (I-V),Private Unaided (Recognized),Boys,1,1,1,1,0,1,1,0,1,0,1,1,1,1,0,1,0,0,0,0,1,1
Uttarakhand,Urban,PS (I-V),Private Unaided (Recognized),Girls,1,1,1,1,0,1,1,0,0,0,1,1,1,0,0,1,0,0,0,0,1,1
Uttarakhand,Urban,PS (I-V),Private Unaided (Recognized),Co-Ed,590,572,317,585,54,505,455,41,424,119,559,589,582,288,38,582,0,123,70,102,333,489
Uttarakhand,Rural,SS (I-X),Private Unaided (Recognized),Girls,2,2,2,2,2,2,2,2,2,1,2,2,2,2,1,2,2,2,1,1,2,2
Uttarakhand,Rural,SS (I-X),Private Unaided (Recognized),Co-Ed,153,152,145,153,14,152,140,77,138,39,151,153,151,98,35,148,51,66,41,36,118,148
Uttarakhand,Urban,SS (I-X),Private Unaided (Recognized),Boys,1,1,0,1,1,1,1,1,1,1,1,1,1,1,1,1,0,0,0,0,1,1
Uttarakhand,Urban,SS (I-X),Private Unaided (Recognized),Co-Ed,141,139,115,140,11,137,141,66,130,42,138,141,138,101,26,140,44,45,25,30,116,137
Uttarakhand,Rural,SS (IX-X),Private Unaided (Recognized),Co-Ed,22,19,20,21,2,21,18,3,17,6,18,22,21,4,2,22,4,4,3,12,13,18
Uttarakhand,Urban,SS (IX-X),Private Unaided (Recognized),Girls,3,3,3,3,0,3,3,0,1,1,3,3,3,2,0,3,1,2,2,1,1,3
Uttarakhand,Urban,SS (IX-X),Private Unaided (Recognized),Co-Ed,12,12,5,12,0,9,11,1,10,1,12,12,12,9,0,12,3,4,2,3,4,11
Uttarakhand,Rural,SS (VI-X),Private Unaided (Recognized),Boys,1,1,1,1,1,1,1,0,1,1,1,1,1,1,1,1,0,0,0,1,1,1
Uttarakhand,Rural,SS (VI-X),Private Unaided (Recognized),Girls,2,2,1,2,0,2,2,0,1,1,2,2,2,1,0,2,2,1,1,1,2,2
Uttarakhand,Rural,SS (VI-X),Private Unaided (Recognized),Co-Ed,24,22,21,23,2,21,23,2,20,3,23,24,24,7,2,23,5,5,3,6,12,21
Uttarakhand,Urban,SS (VI-X),Private Unaided (Recognized),Girls,2,2,0,2,1,2,2,0,2,0,2,2,2,2,0,2,1,0,0,0,2,2
Uttarakhand,Urban,SS (VI-X),Private Unaided (Recognized),Co-Ed,18,18,13,17,1,16,17,2,15,1,17,18,17,4,1,17,3,5,3,8,7,16
Uttarakhand,Rural,UPS (I-VIII),Private Unaided (Recognized),Girls,1,1,1,1,1,1,1,1,1,1,1,1,1,1,1,1,0,1,1,0,1,1
Uttarakhand,Rural,UPS (I-VIII),Private Unaided (Recognized),Co-Ed,1387,1332,1166,1346,124,1308,1150,225,1053,344,1299,1371,1331,611,183,1367,442,395,231,298,846,1221
Uttarakhand,Urban,UPS (I-VIII),Private Unaided (Recognized),Girls,2,2,2,2,0,2,2,1,2,1,2,2,2,2,0,2,1,1,1,0,2,2
Uttarakhand,Urban,UPS (I-VIII),Private Unaided (Recognized),Co-Ed,877,863,602,871,76,817,783,126,742,210,851,873,858,546,113,869,272,220,128,157,640,835
Uttarakhand,Rural,UPS (VI-VIII),Private Unaided (Recognized),Boys,1,1,1,1,0,1,1,0,0,0,1,1,1,0,0,0,0,0,0,0,0,1
Uttarakhand,Rural,UPS (VI-VIII),Private Unaided (Recognized),Girls,1,1,1,1,0,1,1,0,0,0,1,1,1,0,0,1,0,1,0,0,1,1
Uttarakhand,Rural,UPS (VI-VIII),Private Unaided (Recognized),Co-Ed,144,132,112,126,16,130,117,14,102,28,128,140,135,49,12,136,35,33,16,48,62,115
Uttarakhand,Urban,UPS (VI-VIII),Private Unaided (Recognized),Boys,2,2,1,2,0,2,2,0,1,0,1,2,2,2,0,2,0,1,0,0,0,2
Uttarakhand,Urban,UPS (VI-VIII),Private Unaided (Recognized),Girls,1,1,1,1,0,1,1,1,0,1,1,1,1,1,0,1,0,0,0,1,0,1
Uttarakhand,Urban,UPS (VI-VIII),Private Unaided (Recognized),Co-Ed,55,54,35,53,3,44,44,5,40,9,54,55,53,16,2,53,12,10,5,10,25,46
Uttarakhand,Urban,HSS (I-XII),Railway School,Co-Ed,1,1,1,1,1,1,1,1,1,0,1,1,1,1,0,1,1,0,0,1,1,1
Uttarakhand,Rural,HSS (VI-XII),Sainik School,Co-Ed,1,1,1,1,0,1,1,1,1,0,1,1,1,1,0,1,1,0,0,0,1,1
Uttarakhand,Rural,HSS (VI-XII),Tribal Welfare Department,Co-Ed,2,2,1,2,1,2,2,0,2,1,2,2,2,2,1,2,2,1,1,2,2,2
Uttarakhand,Urban,HSS (VI-XII),Tribal Welfare Department,Co-Ed,1,1,0,1,0,1,1,0,1,0,0,1,1,1,0,1,0,0,0,1,1,1
Uttarakhand,Rural,PS (I-V),Tribal Welfare Department,Boys,1,1,1,1,0,1,0,0,0,0,1,1,1,0,0,1,0,0,0,0,0,1
Uttarakhand,Rural,PS (I-V),Tribal Welfare Department,Girls,2,2,0,2,0,2,1,0,2,2,2,2,2,1,0,2,0,1,1,0,0,1
Uttarakhand,Rural,PS (I-V),Tribal Welfare Department,Co-Ed,30,12,25,11,2,26,8,0,4,5,13,25,27,0,0,27,0,8,2,19,1,2
Uttarakhand,Urban,PS (I-V),Tribal Welfare Department,Boys,2,2,2,2,1,2,1,0,1,1,2,2,2,2,1,2,0,0,0,2,2,2
Uttarakhand,Urban,PS (I-V),Tribal Welfare Department,Girls,1,1,1,1,1,0,1,0,0,1,1,1,1,1,0,1,0,0,0,0,0,1
Uttarakhand,Urban,PS (I-V),Tribal Welfare Department,Co-Ed,3,1,1,2,0,2,2,0,1,0,3,3,3,0,0,2,0,1,0,1,0,0
Uttarakhand,Rural,SS (I-X),Tribal Welfare Department,Boys,2,2,2,2,1,2,2,0,2,0,1,2,2,1,0,2,0,0,0,2,1,2
Uttarakhand,Rural,SS (I-X),Tribal Welfare Department,Girls,2,2,0,2,2,1,2,0,2,1,2,2,2,2,0,2,0,0,0,1,0,2
Uttarakhand,Rural,SS (VI-X),Tribal Welfare Department,Boys,6,6,5,6,4,4,5,0,4,2,6,6,6,5,1,6,0,1,0,3,3,6
Uttarakhand,Rural,SS (VI-X),Tribal Welfare Department,Girls,2,2,2,2,1,2,2,0,2,1,2,2,2,2,0,2,2,0,0,1,0,2
Uttarakhand,Rural,SS (VI-X),Tribal Welfare Department,Co-Ed,1,1,1,1,0,1,1,1,1,0,1,1,1,0,0,1,0,0,0,0,1,0
Uttarakhand,Urban,SS (VI-X),Tribal Welfare Department,Boys,1,1,1,1,0,0,1,0,0,1,1,1,1,0,0,1,0,1,0,0,0,1
Uttarakhand,Rural,UPS (I-VIII),Tribal Welfare Department,Boys,1,1,1,1,1,1,1,0,1,1,1,1,1,1,1,1,0,0,0,0,1,1
Uttarakhand,Rural,UPS (VI-VIII),Tribal Welfare Department,Boys,1,1,1,1,0,1,1,0,1,1,1,1,1,1,0,1,0,1,1,0,1,1
Uttarakhand,Rural,UPS (VI-VIII),Tribal Welfare Department,Girls,2,2,1,2,0,2,2,1,2,1,2,2,1,0,0,2,2,0,0,1,0,0
Uttarakhand,Rural,UPS (VI-VIII),Tribal Welfare Department,Co-Ed,2,1,2,2,1,1,0,0,1,0,1,2,2,1,0,2,1,2,2,1,1,2
Uttarakhand,Urban,UPS (VI-VIII),Tribal Welfare Department,Co-Ed,1,1,1,1,0,0,0,0,1,0,1,1,1,0,0,1,1,0,0,0,0,1
Uttarakhand,Rural,PS (I-V),Unrecognized,Co-Ed,10,8,7,7,2,10,5,0,4,3,9,9,9,2,1,10,0,1,0,2,4,6
Uttarakhand,Urban,PS (I-V),Unrecognized,Co-Ed,4,4,4,4,1,4,3,0,3,2,4,4,4,1,1,4,0,1,0,2,2,3
Uttarakhand,Rural,UPS (I-VIII),Unrecognized,Co-Ed,8,8,8,8,1,8,5,2,7,1,8,8,7,3,1,7,2,1,0,1,4,8
Uttarakhand,Rural,UPS (VI-VIII),Unrecognized,Co-Ed,1,1,0,1,0,1,0,0,1,0,1,1,1,0,0,1,1,0,0,0,1,1
Uttar Pradesh,Rural,HSS (I-XII),Central Tibetan School,Co-Ed,1,1,1,1,0,1,1,1,1,0,1,1,1,1,0,1,1,1,0,0,1,1
Uttar Pradesh,Rural,HSS (I-XII),Department of Education,Girls,7,6,7,7,7,7,6,1,6,2,7,7,7,7,0,7,1,5,4,4,4,7
Uttar Pradesh,Rural,HSS (I-XII),Department of Education,Co-Ed,16,13,12,15,3,12,11,0,8,4,15,16,15,5,0,16,9,9,8,12,9,12
Uttar Pradesh,Urban,HSS (I-XII),Department of Education,Boys,2,2,2,2,1,2,2,0,2,1,2,2,2,2,2,2,1,2,2,2,2,2
Uttar Pradesh,Urban,HSS (I-XII),Department of Education,Girls,31,29,23,29,19,20,28,3,19,12,30,31,31,25,9,30,16,27,16,13,17,30
Uttar Pradesh,Urban,HSS (I-XII),Department of Education,Co-Ed,19,18,13,19,9,16,18,1,14,5,18,19,16,14,4,19,7,14,5,7,13,18
Uttar Pradesh,Rural,HSS (IX-XII),Department of Education,Girls,49,47,41,43,13,42,41,4,33,5,46,49,49,34,8,46,20,31,20,26,22,41
Uttar Pradesh,Rural,HSS (IX-XII),Department of Education,Co-Ed,66,57,42,60,13,53,56,4,40,8,63,65,65,27,11,62,19,46,31,40,34,53
Uttar Pradesh,Urban,HSS (IX-XII),Department of Education,Boys,2,2,2,2,1,2,2,0,2,0,2,2,2,1,1,2,0,2,1,0,2,2
Uttar Pradesh,Urban,HSS (IX-XII),Department of Education,Girls,13,9,8,12,3,12,11,2,8,2,10,13,13,10,1,13,2,5,2,6,6,12
Uttar Pradesh,Urban,HSS (IX-XII),Department of Education,Co-Ed,8,6,6,7,2,8,7,1,7,1,8,7,8,4,1,7,2,3,1,4,2,7
Uttar Pradesh,Rural,HSS (VI-XII),Department of Education,Boys,3,3,3,3,2,3,3,0,3,2,3,3,3,2,0,3,1,3,1,2,3,3
Uttar Pradesh,Rural,HSS (VI-XII),Department of Education,Girls,65,59,49,62,18,50,59,0,38,16,61,65,63,47,12,64,24,37,21,28,33,48
Uttar Pradesh,Rural,HSS (VI-XII),Department of Education,Co-Ed,350,329,286,306,51,287,248,12,153,83,322,342,340,82,83,327,114,234,111,139,138,213
Uttar Pradesh,Urban,HSS (VI-XII),Department of Education,Boys,28,28,24,28,22,25,26,4,22,14,28,28,28,21,10,27,7,24,15,12,24,27
Uttar Pradesh,Urban,HSS (VI-XII),Department of Education,Girls,84,81,60,81,35,66,76,7,60,22,82,84,83,61,18,80,37,53,24,33,58,77
Uttar Pradesh,Urban,HSS (VI-XII),Department of Education,Co-Ed,81,78,65,79,30,70,70,4,60,24,77,81,79,43,21,74,20,61,28,40,54,72
Uttar Pradesh,Rural,HSS (XI-XII),Department of Education,Co-Ed,1,0,0,0,1,0,0,0,0,0,0,0,0,0,0,0,0,0,0,0,0,0
Uttar Pradesh,Rural,PS (I-V),Department of Education,Boys,51,37,24,46,7,31,51,3,5,11,7,51,49,2,4,50,0,46,41,18,7,0
Uttar Pradesh,Rural,PS (I-V),Department of Education,Girls,61,43,29,49,5,33,61,1,1,10,6,60,60,3,0,59,0,50,42,21,4,0
Uttar Pradesh,Rural,PS (I-V),Department of Education,Co-Ed,83571,70208,51907,67352,6655,59480,80913,4042,3958,18781,21916,81406,81312,3427,6725,80257,0,71896,57336,38842,6508,1875
Uttar Pradesh,Urban,PS (I-V),Department of Education,Boys,1,1,0,1,1,0,1,0,0,0,0,1,1,1,0,1,0,1,1,0,0,0
Uttar Pradesh,Urban,PS (I-V),Department of Education,Girls,2,2,0,2,1,1,2,0,0,0,0,2,1,0,0,2,0,1,1,2,0,0
Uttar Pradesh,Urban,PS (I-V),Department of Education,Co-Ed,3516,2035,1335,2689,282,1889,3312,116,150,384,1057,3247,3296,209,167,3275,0,2373,1668,927,298,164
Uttar Pradesh,Rural,SS (I-X),Department of Education,Co-Ed,6,6,5,4,2,6,6,2,2,3,5,6,5,3,4,4,3,3,1,1,2,3
Uttar Pradesh,Urban,SS (I-X),Department of Education,Co-Ed,1,1,1,1,0,1,1,1,1,0,1,1,1,1,0,1,0,0,0,0,1,1
Uttar Pradesh,Rural,SS (IX-X),Department of Education,Girls,3,2,3,1,0,2,2,0,0,0,3,2,3,0,1,2,1,2,1,2,1,0
Uttar Pradesh,Rural,SS (IX-X),Department of Education,Co-Ed,1434,1299,968,873,99,939,1132,63,441,105,1063,1382,1329,82,275,1270,297,1005,569,526,272,634
Uttar Pradesh,Urban,SS (IX-X),Department of Education,Girls,1,1,1,1,0,1,1,0,0,0,0,1,1,0,0,1,0,0,0,0,0,1
Uttar Pradesh,Urban,SS (IX-X),Department of Education,Co-Ed,9,7,6,8,0,6,6,0,4,0,6,8,9,0,1,9,3,5,4,4,2,6
Uttar Pradesh,Rural,SS (VI-X),Department of Education,Co-Ed,21,16,12,12,4,13,13,1,6,4,13,21,20,2,7,17,6,17,15,4,4,8
Uttar Pradesh,Rural,UPS (I-VIII),Department of Education,Boys,3,3,2,2,1,3,3,0,0,2,2,3,3,0,0,3,2,3,0,2,0,1
Uttar Pradesh,Rural,UPS (I-VIII),Department of Education,Girls,11,9,5,10,1,8,11,1,0,1,7,11,11,1,2,11,5,9,9,6,1,0
Uttar Pradesh,Rural,UPS (I-VIII),Department of Education,Co-Ed,23253,22164,16334,19998,2082,18711,22685,1024,1473,6194,15383,23053,22793,1392,2556,22556,11862,20682,16605,12478,1996,3494
Uttar Pradesh,Urban,UPS (I-VIII),Department of Education,Girls,12,9,5,10,2,6,8,0,0,0,7,11,11,1,0,10,5,7,6,1,1,2
Uttar Pradesh,Urban,UPS (I-VIII),Department of Education,Co-Ed,1076,899,597,944,103,781,1010,37,71,201,740,1056,1048,86,94,1043,421,889,649,323,98,256
Uttar Pradesh,Rural,UPS (VI-VIII),Department of Education,Boys,62,57,52,56,7,58,59,1,3,17,48,62,61,3,11,61,10,53,44,27,9,19
Uttar Pradesh,Rural,UPS (VI-VIII),Department of Education,Girls,753,616,554,720,400,655,693,130,532,379,655,751,741,522,95,739,605,310,205,484,365,603
Uttar Pradesh,Rural,UPS (VI-VIII),Department of Education,Co-Ed,20686,19591,15061,15783,1245,16296,19994,841,1339,4386,13525,19894,20043,663,2010,19640,10211,16714,12508,10613,1492,2690
Uttar Pradesh,Urban,UPS (VI-VIII),Department of Education,Boys,2,2,2,2,1,1,2,0,0,0,2,2,2,0,0,2,0,1,1,0,1,0
Uttar Pradesh,Urban,UPS (VI-VIII),Department of Education,Girls,146,125,94,138,78,128,138,25,105,63,129,146,145,108,16,144,120,66,32,87,84,121
Uttar Pradesh,Urban,UPS (VI-VIII),Department of Education,Co-Ed,392,342,236,323,30,290,375,12,27,66,298,380,377,22,23,372,169,320,236,167,38,104
Uttar Pradesh,Rural,HSS (I-XII),Government Aided,Boys,1,1,1,1,0,1,0,0,1,0,1,1,1,0,0,1,0,1,1,0,1,1
Uttar Pradesh,Rural,HSS (I-XII),Government Aided,Girls,9,9,5,9,2,6,9,3,7,2,9,9,9,4,3,9,4,8,6,3,9,9
Uttar Pradesh,Rural,HSS (I-XII),Government Aided,Co-Ed,229,218,190,214,64,193,175,55,160,54,204,228,223,45,46,210,75,153,95,87,120,173
Uttar Pradesh,Urban,HSS (I-XII),Government Aided,Boys,13,13,11,13,2,13,11,5,11,2,11,13,13,5,3,12,3,8,2,4,10,13
Uttar Pradesh,Urban,HSS (I-XII),Government Aided,Girls,109,104,55,108,20,76,91,21,91,19,105,109,107,48,17,108,52,70,27,29,83,94
Uttar Pradesh,Urban,HSS (I-XII),Government Aided,Co-Ed,256,248,148,251,44,205,212,54,195,47,247,254,255,120,36,245,103,160,74,64,180,239
Uttar Pradesh,Rural,HSS (IX-XII),Government Aided,Boys,3,3,3,3,0,3,3,3,3,0,3,3,3,1,1,3,0,1,1,1,1,2
Uttar Pradesh,Rural,HSS (IX-XII),Government Aided,Co-Ed,174,130,123,122,37,130,110,31,96,32,127,167,167,24,31,138,41,71,43,51,56,83
Uttar Pradesh,Urban,HSS (IX-XII),Government Aided,Boys,6,6,5,5,2,6,4,0,5,0,6,5,6,1,0,6,1,4,1,2,3,3
Uttar Pradesh,Urban,HSS (IX-XII),Government Aided,Girls,13,13,6,13,3,10,11,5,12,1,13,13,13,5,4,13,2,7,4,4,9,13
Uttar Pradesh,Urban,HSS (IX-XII),Government Aided,Co-Ed,65,54,44,58,5,37,37,4,31,3,45,62,62,9,7,56,14,26,21,7,22,29
Uttar Pradesh,Rural,HSS (VI-XII),Government Aided,Boys,41,39,36,38,8,38,36,10,28,10,40,40,40,12,8,41,8,22,11,24,31,37
Uttar Pradesh,Rural,HSS (VI-XII),Government Aided,Girls,44,43,29,43,9,37,31,7,33,13,42,44,44,12,13,43,17,21,11,25,26,37
Uttar Pradesh,Rural,HSS (VI-XII),Government Aided,Co-Ed,2626,2456,2274,2344,651,2382,1987,560,1915,675,2373,2595,2551,504,495,2456,975,1582,980,1225,1464,2027
Uttar Pradesh,Urban,HSS (VI-XII),Government Aided,Boys,149,147,115,146,36,138,120,37,122,39,141,148,146,69,32,144,32,108,58,41,112,136
Uttar Pradesh,Urban,HSS (VI-XII),Government Aided,Girls,127,123,77,126,26,104,106,30,111,30,124,127,126,63,34,124,68,78,30,49,94,113
Uttar Pradesh,Urban,HSS (VI-XII),Government Aided,Co-Ed,725,692,562,689,129,651,598,181,598,174,679,715,708,261,142,686,280,514,270,271,503,627
Uttar Pradesh,Urban,HSS (XI-XII),Government Aided,Boys,1,1,1,1,0,1,1,0,1,0,1,1,1,1,0,1,0,0,0,0,0,0
Uttar Pradesh,Rural,PS (I-V),Government Aided,Boys,1,1,1,1,0,1,1,0,0,0,1,1,1,1,0,1,0,0,0,1,0,0
Uttar Pradesh,Rural,PS (I-V),Government Aided,Co-Ed,116,89,84,76,15,99,64,8,34,13,72,115,110,2,9,101,0,62,45,22,18,17
Uttar Pradesh,Urban,PS (I-V),Government Aided,Girls,1,0,1,1,0,0,0,0,0,1,1,1,1,0,0,1,0,1,0,0,0,0
Uttar Pradesh,Urban,PS (I-V),Government Aided,Co-Ed,35,33,18,29,3,31,21,0,8,4,29,35,34,3,4,33,0,16,10,3,6,12
Uttar Pradesh,Rural,SS (I-X),Government Aided,Girls,2,2,0,1,1,2,0,0,1,1,2,2,2,1,0,2,1,1,1,1,1,0
Uttar Pradesh,Rural,SS (I-X),Government Aided,Co-Ed,39,34,34,31,7,35,26,5,19,7,31,37,38,4,8,36,13,15,9,9,20,19
Uttar Pradesh,Urban,SS (I-X),Government Aided,Girls,4,4,2,4,0,4,3,0,3,0,3,4,4,1,1,3,1,1,1,1,3,2
Uttar Pradesh,Urban,SS (I-X),Government Aided,Co-Ed,37,34,23,33,5,29,19,1,24,4,35,36,34,7,3,34,14,19,4,8,9,23
Uttar Pradesh,Rural,SS (IX-X),Government Aided,Co-Ed,29,21,19,23,2,23,16,3,11,2,18,27,28,1,2,20,6,14,9,9,4,5
Uttar Pradesh,Urban,SS (IX-X),Government Aided,Girls,2,2,1,2,1,1,2,0,1,0,2,2,2,0,0,1,1,2,2,1,0,1
Uttar Pradesh,Urban,SS (IX-X),Government Aided,Co-Ed,8,8,3,8,0,5,5,0,5,0,8,8,8,3,1,8,2,4,2,1,1,4
Uttar Pradesh,Rural,SS (VI-X),Government Aided,Boys,2,2,2,2,0,2,2,0,1,1,2,2,2,0,1,2,0,0,0,1,2,2
Uttar Pradesh,Rural,SS (VI-X),Government Aided,Girls,11,8,8,6,3,9,6,2,4,2,9,10,10,1,1,9,5,2,2,3,2,3
Uttar Pradesh,Rural,SS (VI-X),Government Aided,Co-Ed,335,305,279,252,72,292,205,24,193,70,285,328,319,26,54,307,102,191,125,126,79,137
Uttar Pradesh,Urban,SS (VI-X),Government Aided,Boys,7,7,6,5,3,6,5,0,6,1,7,7,7,3,2,6,0,3,1,2,3,7
Uttar Pradesh,Urban,SS (VI-X),Government Aided,Girls,15,14,9,13,3,12,10,1,13,0,14,15,15,4,3,14,6,8,4,2,6,11
Uttar Pradesh,Urban,SS (VI-X),Government Aided,Co-Ed,66,61,52,61,9,51,46,8,40,10,63,65,65,14,9,60,20,45,23,17,18,28
Uttar Pradesh,Rural,UPS (I-VIII),Government Aided,Boys,1,1,1,1,1,1,1,0,0,0,1,1,1,0,0,1,0,0,0,0,1,1
Uttar Pradesh,Rural,UPS (I-VIII),Government Aided,Girls,2,2,1,2,2,2,2,0,1,1,2,2,2,0,0,2,0,0,0,0,2,1
Uttar Pradesh,Rural,UPS (I-VIII),Government Aided,Co-Ed,120,103,88,89,20,101,57,11,39,29,87,119,116,13,13,109,31,42,27,37,26,45
Uttar Pradesh,Urban,UPS (I-VIII),Government Aided,Boys,4,4,2,4,0,2,4,1,2,1,4,4,4,3,0,4,0,2,1,0,4,4
Uttar Pradesh,Urban,UPS (I-VIII),Government Aided,Girls,8,8,6,8,0,5,6,3,7,1,6,8,8,4,0,8,6,4,2,0,4,5
Uttar Pradesh,Urban,UPS (I-VIII),Government Aided,Co-Ed,167,162,89,152,10,129,104,5,66,19,140,166,164,37,11,161,46,66,33,25,28,61
Uttar Pradesh,Rural,UPS (VI-VIII),Government Aided,Boys,5,4,3,4,1,5,4,0,1,2,4,5,4,0,0,5,0,2,1,0,0,1
Uttar Pradesh,Rural,UPS (VI-VIII),Government Aided,Girls,191,174,135,148,23,169,118,13,49,47,145,189,182,13,16,167,43,85,58,69,37,34
Uttar Pradesh,Rural,UPS (VI-VIII),Government Aided,Co-Ed,1959,1837,1616,1306,238,1841,1260,84,587,456,1378,1932,1894,108,180,1733,506,1010,637,662,300,378
Uttar Pradesh,Urban,UPS (VI-VIII),Government Aided,Boys,7,6,3,6,0,4,5,0,4,1,7,7,7,2,2,7,0,3,2,1,1,2
Uttar Pradesh,Urban,UPS (VI-VIII),Government Aided,Girls,60,58,32,51,2,47,37,1,18,9,53,59,59,13,4,53,18,26,14,17,14,15
Uttar Pradesh,Urban,UPS (VI-VIII),Government Aided,Co-Ed,288,269,185,258,27,247,186,12,99,52,253,287,277,51,31,267,96,137,73,62,53,75
Uttar Pradesh,Rural,HSS (I-XII),Jawahar Navodaya Vidyalaya,Co-Ed,1,1,1,1,1,1,1,1,1,1,1,1,1,1,1,1,1,1,1,1,1,1
Uttar Pradesh,Rural,HSS (IX-XII),Jawahar Navodaya Vidyalaya,Co-Ed,1,1,1,1,1,1,1,1,1,1,1,1,1,1,0,1,1,1,1,1,1,1
Uttar Pradesh,Rural,HSS (VI-XII),Jawahar Navodaya Vidyalaya,Co-Ed,64,64,64,64,53,62,63,59,64,50,60,64,64,64,20,64,45,64,59,49,63,64
Uttar Pradesh,Urban,HSS (VI-XII),Jawahar Navodaya Vidyalaya,Co-Ed,6,6,6,6,5,6,6,6,6,4,6,6,6,5,1,6,6,6,6,4,6,6
Uttar Pradesh,Rural,UPS (VI-VIII),Jawahar Navodaya Vidyalaya,Co-Ed,3,3,2,3,0,2,3,2,3,1,3,3,3,3,1,3,3,2,2,2,3,3
Uttar Pradesh,Rural,HSS (I-XII),Kendriya Vidyalaya / Central School,Co-Ed,44,44,32,44,5,43,44,44,43,20,43,44,44,43,20,44,20,41,25,3,42,44
Uttar Pradesh,Urban,HSS (I-XII),Kendriya Vidyalaya / Central School,Co-Ed,63,63,52,63,10,62,63,63,62,20,62,63,62,63,33,63,29,60,40,13,63,63
Uttar Pradesh,Rural,PS (I-V),Kendriya Vidyalaya / Central School,Co-Ed,1,1,1,1,0,1,1,1,1,0,1,1,1,1,0,1,0,0,0,0,1,1
Uttar Pradesh,Urban,PS (I-V),Kendriya Vidyalaya / Central School,Co-Ed,1,1,1,1,0,1,1,0,1,0,1,1,1,1,0,1,0,1,0,0,1,1
Uttar Pradesh,Rural,SS (I-X),Kendriya Vidyalaya / Central School,Co-Ed,3,3,3,3,0,3,3,3,3,1,3,3,3,3,1,3,0,3,2,0,3,3
Uttar Pradesh,Urban,SS (I-X),Kendriya Vidyalaya / Central School,Co-Ed,3,3,2,3,0,3,3,3,3,0,2,3,3,3,0,3,1,2,0,2,3,3
Uttar Pradesh,Rural,UPS (I-VIII),Kendriya Vidyalaya / Central School,Co-Ed,5,5,1,5,0,4,4,4,5,1,5,5,5,4,0,5,2,4,1,0,5,5
Uttar Pradesh,Urban,UPS (I-VIII),Kendriya Vidyalaya / Central School,Co-Ed,1,1,0,1,0,1,1,0,0,0,1,1,1,1,0,1,0,1,0,0,1,1
Uttar Pradesh,Rural,HSS (I-XII),Local body,Co-Ed,15,15,13,15,5,15,15,15,15,9,14,15,15,14,11,15,12,6,4,4,13,15
Uttar Pradesh,Urban,HSS (I-XII),Local body,Co-Ed,10,8,6,10,2,8,8,7,8,3,8,10,10,7,2,9,5,4,2,0,10,9
Uttar Pradesh,Rural,HSS (IX-XII),Local body,Co-Ed,2,2,2,2,1,2,2,0,2,0,2,2,2,2,1,2,1,0,0,0,2,2
Uttar Pradesh,Urban,HSS (IX-XII),Local body,Girls,1,1,1,1,0,1,0,0,1,1,1,1,1,0,0,1,1,1,1,0,1,1
Uttar Pradesh,Rural,HSS (VI-XII),Local body,Co-Ed,3,3,1,3,1,3,2,1,2,0,3,3,3,0,0,3,1,1,0,0,2,3
Uttar Pradesh,Urban,HSS (VI-XII),Local body,Boys,4,4,3,4,1,4,3,1,4,3,4,4,4,1,0,4,2,2,0,1,3,3
Uttar Pradesh,Urban,HSS (VI-XII),Local body,Girls,5,4,2,5,1,4,3,1,4,1,5,5,5,1,1,4,4,3,1,1,4,4
Uttar Pradesh,Urban,HSS (VI-XII),Local body,Co-Ed,8,8,6,8,1,7,5,2,7,1,8,8,8,4,3,8,6,6,4,2,7,7
Uttar Pradesh,Rural,PS (I-V),Local body,Boys,2,2,1,1,0,1,0,0,1,0,1,2,2,0,0,1,0,0,0,0,1,0
Uttar Pradesh,Rural,PS (I-V),Local body,Girls,1,1,1,1,0,1,1,1,1,1,1,1,1,1,1,1,0,1,1,1,0,0
Uttar Pradesh,Rural,PS (I-V),Local body,Co-Ed,44,37,26,34,7,40,25,7,14,2,32,43,42,6,5,36,0,20,9,11,10,15
Uttar Pradesh,Urban,PS (I-V),Local body,Boys,2,2,2,2,1,2,2,1,2,1,2,2,2,2,0,2,0,2,1,1,1,2
Uttar Pradesh,Urban,PS (I-V),Local body,Girls,1,1,1,1,1,1,1,0,0,0,1,1,1,1,0,1,0,1,0,1,0,1
Uttar Pradesh,Urban,PS (I-V),Local body,Co-Ed,33,30,19,30,10,26,12,0,8,2,29,32,31,9,2,31,0,16,5,7,13,22
Uttar Pradesh,Rural,SS (I-X),Local body,Co-Ed,5,4,4,4,2,5,4,4,4,3,5,5,5,4,4,5,1,4,4,2,4,4
Uttar Pradesh,Urban,SS (I-X),Local body,Co-Ed,4,4,3,4,1,4,2,2,3,2,3,4,4,3,1,4,1,1,0,0,3,3
Uttar Pradesh,Rural,SS (VI-X),Local body,Co-Ed,1,1,1,1,0,1,1,0,1,0,1,1,1,0,0,1,1,1,1,0,1,1
Uttar Pradesh,Urban,SS (VI-X),Local body,Girls,1,1,1,1,0,1,0,0,1,0,1,1,1,1,0,1,1,0,0,0,1,1
Uttar Pradesh,Urban,SS (VI-X),Local body,Co-Ed,1,1,1,1,1,1,1,0,1,1,1,1,1,1,1,1,1,1,1,1,1,1
Uttar Pradesh,Rural,UPS (I-VIII),Local body,Boys,1,1,0,1,0,1,1,0,1,0,1,1,1,1,0,1,0,0,0,0,0,1
Uttar Pradesh,Rural,UPS (I-VIII),Local body,Girls,2,1,1,2,0,0,1,1,1,0,2,2,2,0,0,1,0,0,0,0,0,2
Uttar Pradesh,Rural,UPS (I-VIII),Local body,Co-Ed,27,26,21,25,7,24,20,8,14,5,24,26,27,8,10,25,10,17,13,7,11,17
Uttar Pradesh,Urban,UPS (I-VIII),Local body,Girls,2,2,1,2,1,2,2,0,1,0,2,2,2,1,0,2,0,1,0,0,0,2
Uttar Pradesh,Urban,UPS (I-VIII),Local body,Co-Ed,22,17,9,22,3,20,20,5,8,5,16,21,21,8,6,19,10,18,8,4,13,20
Uttar Pradesh,Rural,UPS (VI-VIII),Local body,Co-Ed,12,11,6,10,1,11,9,2,5,2,10,12,10,0,2,11,4,2,2,4,4,6
Uttar Pradesh,Urban,UPS (VI-VIII),Local body,Boys,2,1,2,2,1,2,2,0,2,0,1,2,2,1,0,2,0,0,0,2,0,2
Uttar Pradesh,Urban,UPS (VI-VIII),Local body,Girls,3,2,1,3,0,2,3,0,2,0,3,3,3,1,0,3,1,1,1,0,2,3
Uttar Pradesh,Urban,UPS (VI-VIII),Local body,Co-Ed,4,4,3,4,1,4,3,0,1,0,4,4,4,1,1,4,3,3,1,1,2,3
Uttar Pradesh,Rural,HSS (I-XII),Madarsa recognized (by Wakf board/Madarsa Board),Boys,14,11,8,13,2,10,7,2,6,2,10,14,13,1,1,10,2,3,2,5,9,8
Uttar Pradesh,Rural,HSS (I-XII),Madarsa recognized (by Wakf board/Madarsa Board),Girls,20,19,15,17,6,17,11,7,12,5,15,20,20,4,1,19,7,7,6,3,12,13
Uttar Pradesh,Rural,HSS (I-XII),Madarsa recognized (by Wakf board/Madarsa Board),Co-Ed,231,192,156,199,47,148,131,55,112,45,163,230,227,30,27,208,54,75,45,35,98,147
Uttar Pradesh,Urban,HSS (I-XII),Madarsa recognized (by Wakf board/Madarsa Board),Boys,9,9,7,9,2,7,9,4,8,4,9,9,8,1,0,9,1,4,2,1,4,6
Uttar Pradesh,Urban,HSS (I-XII),Madarsa recognized (by Wakf board/Madarsa Board),Girls,18,15,10,18,1,11,16,5,14,1,15,18,14,6,1,18,9,7,4,5,8,9
Uttar Pradesh,Urban,HSS (I-XII),Madarsa recognized (by Wakf board/Madarsa Board),Co-Ed,180,159,118,163,18,116,142,35,95,39,146,178,176,52,21,176,66,58,31,25,88,142
Uttar Pradesh,Rural,HSS (IX-XII),Madarsa recognized (by Wakf board/Madarsa Board),Co-Ed,5,3,3,4,2,4,4,1,3,0,4,5,5,0,0,5,2,0,0,1,2,4
Uttar Pradesh,Urban,HSS (IX-XII),Madarsa recognized (by Wakf board/Madarsa Board),Girls,1,1,1,0,1,1,1,0,1,0,1,0,1,1,0,1,0,1,0,0,0,1
Uttar Pradesh,Urban,HSS (IX-XII),Madarsa recognized (by Wakf board/Madarsa Board),Co-Ed,4,3,1,4,1,2,3,0,0,1,3,4,4,2,1,4,1,2,1,1,2,2
Uttar Pradesh,Rural,HSS (VI-XII),Madarsa recognized (by Wakf board/Madarsa Board),Co-Ed,14,12,9,11,3,10,9,4,8,5,11,14,14,3,2,13,5,3,0,4,9,12
Uttar Pradesh,Urban,HSS (VI-XII),Madarsa recognized (by Wakf board/Madarsa Board),Boys,1,1,1,1,0,1,1,1,1,0,1,1,1,0,0,1,0,0,0,0,1,0
Uttar Pradesh,Urban,HSS (VI-XII),Madarsa recognized (by Wakf board/Madarsa Board),Girls,1,1,0,1,0,1,1,0,1,0,1,1,1,1,0,1,1,1,0,0,1,1
Uttar Pradesh,Urban,HSS (VI-XII),Madarsa recognized (by Wakf board/Madarsa Board),Co-Ed,2,2,1,2,1,1,2,1,2,0,1,2,2,0,0,2,0,1,0,0,1,1
Uttar Pradesh,Urban,HSS (XI-XII),Madarsa recognized (by Wakf board/Madarsa Board),Co-Ed,1,1,1,0,0,1,1,1,1,1,1,1,1,0,1,1,0,0,0,1,0,1
Uttar Pradesh,Rural,PS (I-V),Madarsa recognized (by Wakf board/Madarsa Board),Boys,39,26,18,26,5,25,13,0,5,2,19,39,39,2,0,28,0,14,6,6,5,5
Uttar Pradesh,Rural,PS (I-V),Madarsa recognized (by Wakf board/Madarsa Board),Girls,104,77,62,74,13,50,21,4,14,7,52,104,101,7,3,86,0,23,11,19,21,14
Uttar Pradesh,Rural,PS (I-V),Madarsa recognized (by Wakf board/Madarsa Board),Co-Ed,5656,4183,3404,4045,774,3161,1807,471,1475,404,2860,5534,5430,282,322,4716,0,1509,741,637,983,829
Uttar Pradesh,Urban,PS (I-V),Madarsa recognized (by Wakf board/Madarsa Board),Boys,21,10,5,16,4,7,11,2,3,2,18,21,19,2,1,20,0,5,1,2,3,3
Uttar Pradesh,Urban,PS (I-V),Madarsa recognized (by Wakf board/Madarsa Board),Girls,37,24,13,31,4,8,14,1,7,1,27,37,32,3,1,36,0,7,3,6,3,7
Uttar Pradesh,Urban,PS (I-V),Madarsa recognized (by Wakf board/Madarsa Board),Co-Ed,1782,1354,926,1552,238,888,772,148,625,130,1100,1736,1713,164,123,1641,0,585,235,156,425,413
Uttar Pradesh,Rural,SS (I-X),Madarsa recognized (by Wakf board/Madarsa Board),Boys,33,22,22,20,5,21,14,3,10,10,21,31,26,4,3,27,7,12,3,4,11,15
Uttar Pradesh,Rural,SS (I-X),Madarsa recognized (by Wakf board/Madarsa Board),Girls,75,48,33,60,12,42,29,17,20,7,44,75,72,7,3,63,20,21,6,11,23,26
Uttar Pradesh,Rural,SS (I-X),Madarsa recognized (by Wakf board/Madarsa Board),Co-Ed,861,678,550,676,155,561,418,146,323,120,588,848,829,93,80,744,218,258,140,148,268,401
Uttar Pradesh,Urban,SS (I-X),Madarsa recognized (by Wakf board/Madarsa Board),Boys,21,21,15,21,4,12,12,3,12,3,17,21,18,8,3,18,4,6,1,1,9,11
Uttar Pradesh,Urban,SS (I-X),Madarsa recognized (by Wakf board/Madarsa Board),Girls,30,22,15,30,2,16,16,4,13,4,19,30,30,6,1,29,11,6,3,3,11,15
Uttar Pradesh,Urban,SS (I-X),Madarsa recognized (by Wakf board/Madarsa Board),Co-Ed,339,283,203,309,45,211,211,61,180,52,249,332,328,59,37,317,101,108,54,44,109,189
Uttar Pradesh,Rural,SS (IX-X),Madarsa recognized (by Wakf board/Madarsa Board),Co-Ed,8,5,5,7,5,4,1,1,2,1,7,8,8,1,0,7,1,4,1,1,5,4
Uttar Pradesh,Urban,SS (IX-X),Madarsa recognized (by Wakf board/Madarsa Board),Girls,1,1,0,1,0,0,0,0,1,0,1,1,1,0,0,1,0,0,0,0,0,0
Uttar Pradesh,Urban,SS (IX-X),Madarsa recognized (by Wakf board/Madarsa Board),Co-Ed,6,4,4,4,2,3,3,1,4,2,3,5,6,2,1,5,0,3,1,0,2,3
Uttar Pradesh,Rural,SS (VI-X),Madarsa recognized (by Wakf board/Madarsa Board),Boys,1,1,1,1,0,1,0,0,1,0,1,1,1,1,0,1,0,0,0,0,1,1
Uttar Pradesh,Rural,SS (VI-X),Madarsa recognized (by Wakf board/Madarsa Board),Girls,2,2,2,2,1,1,1,1,1,0,1,2,2,1,1,2,1,1,1,0,1,1
Uttar Pradesh,Rural,SS (VI-X),Madarsa recognized (by Wakf board/Madarsa Board),Co-Ed,23,19,15,19,3,13,11,3,10,3,19,23,22,5,4,19,4,8,5,2,7,14
Uttar Pradesh,Urban,SS (VI-X),Madarsa recognized (by Wakf board/Madarsa Board),Girls,1,1,1,1,0,1,1,0,0,0,1,1,1,0,0,1,1,0,0,0,0,1
Uttar Pradesh,Urban,SS (VI-X),Madarsa recognized (by Wakf board/Madarsa Board),Co-Ed,8,6,3,7,2,6,5,1,5,1,6,8,8,2,2,7,1,3,1,3,6,6
Uttar Pradesh,Rural,UPS (I-VIII),Madarsa recognized (by Wakf board/Madarsa Board),Boys,10,5,5,6,1,6,2,0,1,0,5,10,10,0,0,6,1,1,1,2,4,3
Uttar Pradesh,Rural,UPS (I-VIII),Madarsa recognized (by Wakf board/Madarsa Board),Girls,53,48,38,44,6,38,23,5,11,1,34,53,53,2,4,47,16,15,3,6,8,14
Uttar Pradesh,Rural,UPS (I-VIII),Madarsa recognized (by Wakf board/Madarsa Board),Co-Ed,2066,1696,1415,1624,347,1288,904,295,725,222,1267,2035,1988,158,176,1788,489,690,413,285,484,597
Uttar Pradesh,Urban,UPS (I-VIII),Madarsa recognized (by Wakf board/Madarsa Board),Boys,15,12,10,14,1,12,5,2,8,2,9,15,15,1,0,14,4,5,3,3,2,4
Uttar Pradesh,Urban,UPS (I-VIII),Madarsa recognized (by Wakf board/Madarsa Board),Girls,14,13,7,14,1,6,8,2,4,1,10,14,14,3,0,12,2,2,1,2,5,5
Uttar Pradesh,Urban,UPS (I-VIII),Madarsa recognized (by Wakf board/Madarsa Board),Co-Ed,770,655,420,691,95,451,397,101,355,98,562,756,750,128,61,719,185,264,149,111,247,317
Uttar Pradesh,Rural,UPS (VI-VIII),Madarsa recognized (by Wakf board/Madarsa Board),Boys,1,1,1,1,0,1,0,0,0,0,0,1,1,0,0,1,0,1,0,0,0,0
Uttar Pradesh,Rural,UPS (VI-VIII),Madarsa recognized (by Wakf board/Madarsa Board),Girls,16,15,13,12,0,11,5,0,4,1,5,16,16,0,0,11,1,6,0,3,2,3
Uttar Pradesh,Rural,UPS (VI-VIII),Madarsa recognized (by Wakf board/Madarsa Board),Co-Ed,229,199,154,180,34,159,92,22,56,12,141,226,227,20,17,200,45,92,34,34,57,58
Uttar Pradesh,Urban,UPS (VI-VIII),Madarsa recognized (by Wakf board/Madarsa Board),Girls,5,5,1,5,0,4,2,1,1,0,5,5,5,1,0,5,1,3,2,0,0,1
Uttar Pradesh,Urban,UPS (VI-VIII),Madarsa recognized (by Wakf board/Madarsa Board),Co-Ed,63,54,37,54,10,43,35,6,23,9,51,62,61,9,5,59,19,16,7,9,17,25
Uttar Pradesh,Rural,HSS (I-XII),Madarsa unrecognized,Boys,3,3,3,3,1,3,3,0,1,1,3,3,3,0,0,3,0,0,0,1,2,1
Uttar Pradesh,Rural,HSS (I-XII),Madarsa unrecognized,Girls,5,4,3,5,0,4,5,1,3,0,4,5,5,2,0,5,2,2,2,0,4,4
Uttar Pradesh,Rural,HSS (I-XII),Madarsa unrecognized,Co-Ed,73,50,47,47,11,48,45,20,19,9,48,73,68,7,14,67,14,22,17,6,34,37
Uttar Pradesh,Urban,HSS (I-XII),Madarsa unrecognized,Boys,1,1,1,1,1,0,0,0,0,1,1,1,1,1,0,1,1,1,0,0,0,1
Uttar Pradesh,Urban,HSS (I-XII),Madarsa unrecognized,Girls,1,0,0,1,0,0,0,0,1,1,1,1,1,0,0,1,0,1,1,1,1,1
Uttar Pradesh,Urban,HSS (I-XII),Madarsa unrecognized,Co-Ed,43,32,24,32,6,21,24,1,19,4,34,43,42,6,6,39,14,15,12,9,19,26
Uttar Pradesh,Rural,HSS (IX-XII),Madarsa unrecognized,Co-Ed,4,3,2,4,0,3,3,0,2,0,4,4,3,0,1,3,1,1,1,1,2,4
Uttar Pradesh,Urban,HSS (IX-XII),Madarsa unrecognized,Co-Ed,2,2,1,2,0,0,1,0,0,0,2,2,2,0,0,2,1,0,0,0,2,2
Uttar Pradesh,Rural,PS (I-V),Madarsa unrecognized,Boys,13,3,4,12,2,3,11,0,3,0,10,13,13,1,1,13,0,1,1,0,1,0
Uttar Pradesh,Rural,PS (I-V),Madarsa unrecognized,Girls,30,15,14,27,0,12,20,6,6,0,17,30,30,0,0,28,0,3,2,3,3,3
Uttar Pradesh,Rural,PS (I-V),Madarsa unrecognized,Co-Ed,898,629,538,550,105,420,343,84,181,61,312,877,836,33,37,747,0,378,194,105,136,115
Uttar Pradesh,Urban,PS (I-V),Madarsa unrecognized,Boys,115,3,2,115,3,3,86,1,3,1,77,115,115,1,2,115,0,1,1,1,1,1
Uttar Pradesh,Urban,PS (I-V),Madarsa unrecognized,Girls,116,6,4,116,3,5,87,2,5,0,77,116,116,0,0,116,0,1,1,1,1,2
Uttar Pradesh,Urban,PS (I-V),Madarsa unrecognized,Co-Ed,275,160,135,234,27,127,143,31,85,25,202,273,265,29,13,247,0,89,64,12,61,64
Uttar Pradesh,Rural,SS (I-X),Madarsa unrecognized,Boys,4,1,1,4,0,1,4,0,1,0,4,4,4,0,0,4,1,1,0,0,1,2
Uttar Pradesh,Rural,SS (I-X),Madarsa unrecognized,Girls,18,16,15,15,3,13,13,2,5,0,14,18,18,2,4,17,9,4,3,1,8,9
Uttar Pradesh,Rural,SS (I-X),Madarsa unrecognized,Co-Ed,217,177,161,145,54,149,132,31,77,24,135,217,203,19,26,188,48,91,66,33,64,92
Uttar Pradesh,Urban,SS (I-X),Madarsa unrecognized,Girls,8,6,4,8,1,6,5,0,2,3,5,8,8,5,1,8,4,3,2,0,2,3
Uttar Pradesh,Urban,SS (I-X),Madarsa unrecognized,Co-Ed,71,50,43,65,11,44,38,13,27,12,54,71,69,9,6,63,25,28,26,6,21,25
Uttar Pradesh,Rural,SS (IX-X),Madarsa unrecognized,Co-Ed,3,2,2,2,0,1,1,0,1,0,1,3,3,1,0,2,0,1,0,1,0,0
Uttar Pradesh,Urban,SS (IX-X),Madarsa unrecognized,Co-Ed,4,4,3,3,1,3,3,2,3,1,4,3,3,0,2,4,0,0,0,0,1,2
Uttar Pradesh,Rural,SS (VI-X),Madarsa unrecognized,Co-Ed,6,5,4,4,1,3,2,1,3,3,5,6,6,2,2,5,1,3,0,0,2,3
Uttar Pradesh,Urban,SS (VI-X),Madarsa unrecognized,Co-Ed,1,1,1,1,0,1,1,1,1,0,0,1,1,0,0,1,0,0,0,0,1,1
Uttar Pradesh,Rural,UPS (I-VIII),Madarsa unrecognized,Boys,1,0,0,1,0,1,0,0,0,0,0,1,1,0,0,1,0,1,1,0,0,0
Uttar Pradesh,Rural,UPS (I-VIII),Madarsa unrecognized,Girls,8,4,4,5,2,3,1,2,2,1,4,8,8,2,3,7,6,1,1,2,2,5
Uttar Pradesh,Rural,UPS (I-VIII),Madarsa unrecognized,Co-Ed,277,190,162,156,31,142,121,28,61,20,158,273,252,16,24,220,61,87,58,25,58,79
Uttar Pradesh,Urban,UPS (I-VIII),Madarsa unrecognized,Boys,1,1,1,1,1,1,1,0,0,0,1,1,1,0,0,1,0,0,0,0,0,1
Uttar Pradesh,Urban,UPS (I-VIII),Madarsa unrecognized,Girls,7,2,2,4,2,2,5,0,0,1,5,7,7,0,2,4,1,0,0,0,3,2
Uttar Pradesh,Urban,UPS (I-VIII),Madarsa unrecognized,Co-Ed,91,67,53,75,14,43,51,14,36,8,57,90,89,14,9,83,21,28,21,2,22,36
Uttar Pradesh,Rural,UPS (VI-VIII),Madarsa unrecognized,Co-Ed,12,9,9,5,4,9,5,0,5,0,5,12,10,1,1,9,2,7,4,1,2,2
Uttar Pradesh,Urban,UPS (VI-VIII),Madarsa unrecognized,Co-Ed,5,4,3,4,0,2,2,1,2,0,2,5,5,0,0,5,1,1,0,1,2,2
Uttar Pradesh,Rural,UPS (I-VIII),Ministry of Labor,Boys,1,1,0,1,0,1,1,0,1,0,1,1,1,0,0,1,0,1,0,0,1,1
Uttar Pradesh,Urban,UPS (I-VIII),Ministry of Labor,Boys,1,1,1,1,1,1,1,1,1,1,1,1,1,1,1,1,1,0,0,0,0,1
Uttar Pradesh,Urban,UPS (I-VIII),Ministry of Labor,Girls,2,2,0,2,1,1,2,0,2,1,2,2,2,1,0,2,1,0,0,0,0,2
Uttar Pradesh,Rural,UPS (VI-VIII),Ministry of Labor,Boys,1,1,1,1,1,1,1,0,1,0,1,1,1,0,0,1,0,0,0,0,1,1
Uttar Pradesh,Urban,UPS (VI-VIII),Ministry of Labor,Girls,1,0,0,1,1,0,1,0,0,1,1,1,1,1,0,1,1,0,0,1,0,1
Uttar Pradesh,Rural,HSS (I-XII),Other Central Govt. Schools,Co-Ed,2,2,2,2,1,2,2,2,2,0,1,2,2,2,2,2,2,2,2,0,2,2
Uttar Pradesh,Urban,HSS (I-XII),Other Central Govt. Schools,Co-Ed,10,10,9,10,1,10,10,8,10,4,10,10,10,9,5,10,8,7,5,3,10,10
Uttar Pradesh,Urban,HSS (VI-XII),Other Central Govt. Schools,Boys,1,1,0,1,1,1,1,1,1,1,1,1,1,1,0,1,0,1,0,1,1,1
Uttar Pradesh,Rural,PS (I-V),Other Central Govt. Schools,Co-Ed,1,1,1,1,0,1,1,1,1,0,1,1,1,1,1,1,0,0,0,1,1,1
Uttar Pradesh,Rural,UPS (I-VIII),Other Central Govt. Schools,Co-Ed,1,1,1,1,0,1,1,1,1,0,1,1,1,1,1,1,0,1,1,0,1,1
Uttar Pradesh,Urban,UPS (I-VIII),Other Central Govt. Schools,Co-Ed,1,1,1,1,0,1,1,1,1,0,1,1,1,1,0,1,0,1,1,1,0,1
Uttar Pradesh,Urban,HSS (I-XII),Other Govt. managed schools,Co-Ed,1,1,1,1,0,1,1,1,1,0,1,1,1,1,0,1,1,1,1,0,1,1
Uttar Pradesh,Urban,HSS (IX-XII),Other Govt. managed schools,Girls,1,1,1,1,1,1,1,0,1,0,1,1,1,1,0,1,0,1,1,0,1,1
Uttar Pradesh,Rural,HSS (VI-XII),Other Govt. managed schools,Co-Ed,6,6,4,3,1,5,6,2,5,0,5,4,5,0,2,6,2,1,0,1,1,3
Uttar Pradesh,Urban,HSS (VI-XII),Other Govt. managed schools,Boys,1,1,1,1,1,1,1,0,1,0,1,1,1,1,0,1,0,1,1,0,1,1
Uttar Pradesh,Urban,HSS (VI-XII),Other Govt. managed schools,Co-Ed,1,1,1,1,1,1,1,1,1,1,1,1,1,1,0,1,0,1,1,0,1,1
Uttar Pradesh,Rural,PS (I-V),Other Govt. managed schools,Co-Ed,2,2,2,2,0,2,1,0,1,1,2,2,2,0,0,2,0,0,0,0,0,1
Uttar Pradesh,Urban,SS (I-X),Other Govt. managed schools,Co-Ed,2,2,2,2,0,2,2,2,2,0,2,2,2,1,0,2,1,1,1,2,2,2
Uttar Pradesh,Rural,SS (IX-X),Other Govt. managed schools,Co-Ed,1,0,0,1,0,0,0,0,0,1,0,0,1,0,0,0,0,1,1,0,0,0
Uttar Pradesh,Rural,SS (VI-X),Other Govt. managed schools,Co-Ed,2,2,2,1,0,1,1,0,1,0,2,2,2,0,0,2,0,1,1,1,1,0
Uttar Pradesh,Rural,UPS (I-VIII),Other Govt. managed schools,Co-Ed,2,1,2,1,0,2,0,0,0,1,1,2,2,1,0,2,2,0,0,1,0,1
Uttar Pradesh,Rural,UPS (VI-VIII),Other Govt. managed schools,Boys,1,0,1,0,1,1,1,0,0,0,1,1,0,0,0,1,0,0,0,0,0,1
Uttar Pradesh,Rural,UPS (VI-VIII),Other Govt. managed schools,Co-Ed,1,1,1,1,0,1,1,1,0,1,1,1,1,0,0,1,0,0,0,1,1,0
Uttar Pradesh,Rural,HSS (I-XII),Private Unaided (Recognized),Boys,1,1,1,1,1,1,1,1,1,1,1,1,1,1,0,1,0,0,0,1,0,1
Uttar Pradesh,Rural,HSS (I-XII),Private Unaided (Recognized),Girls,9,8,7,9,2,9,8,3,6,3,8,9,9,5,1,9,1,5,2,1,5,8
Uttar Pradesh,Rural,HSS (I-XII),Private Unaided (Recognized),Co-Ed,2164,2071,1872,2002,778,2047,1941,1482,1814,844,1997,2152,2124,1414,1006,2098,1148,1144,763,493,1719,1973
Uttar Pradesh,Urban,HSS (I-XII),Private Unaided (Recognized),Boys,6,5,3,6,3,5,5,5,5,3,6,6,6,6,3,6,1,3,2,1,4,5
Uttar Pradesh,Urban,HSS (I-XII),Private Unaided (Recognized),Girls,23,23,16,22,10,22,22,21,23,9,23,23,21,21,8,23,11,11,9,5,22,23
Uttar Pradesh,Urban,HSS (I-XII),Private Unaided (Recognized),Co-Ed,1433,1396,1026,1404,378,1371,1334,1090,1317,588,1381,1428,1413,1154,750,1417,780,751,487,238,1270,1376
Uttar Pradesh,Rural,HSS (IX-XII),Private Unaided (Recognized),Boys,14,12,11,13,0,13,13,8,8,2,11,14,14,5,3,14,2,8,7,4,8,10
Uttar Pradesh,Rural,HSS (IX-XII),Private Unaided (Recognized),Girls,194,171,158,179,37,170,133,77,128,31,159,188,187,57,40,181,79,84,54,50,86,121
Uttar Pradesh,Rural,HSS (IX-XII),Private Unaided (Recognized),Co-Ed,3962,3654,3359,3466,1072,3302,2795,1497,2694,815,3292,3904,3796,943,979,3689,1423,2044,1446,899,2125,2855
Uttar Pradesh,Urban,HSS (IX-XII),Private Unaided (Recognized),Boys,16,15,9,16,4,14,15,13,14,3,14,16,16,11,4,16,5,8,6,5,14,16
Uttar Pradesh,Urban,HSS (IX-XII),Private Unaided (Recognized),Girls,83,81,57,79,20,73,64,36,68,20,74,82,80,37,14,79,39,42,24,13,45,63
Uttar Pradesh,Urban,HSS (IX-XII),Private Unaided (Recognized),Co-Ed,850,796,611,825,152,744,686,352,678,197,783,841,834,407,264,830,409,410,272,171,560,736
Uttar Pradesh,Rural,HSS (VI-XII),Private Unaided (Recognized),Boys,10,9,7,10,2,9,6,2,6,4,10,10,10,5,4,10,7,4,3,3,6,7
Uttar Pradesh,Rural,HSS (VI-XII),Private Unaided (Recognized),Girls,120,108,99,110,28,97,87,38,82,25,110,120,116,34,25,110,47,52,32,27,67,88
Uttar Pradesh,Rural,HSS (VI-XII),Private Unaided (Recognized),Co-Ed,4569,4229,3880,3931,1448,3929,3423,1725,3192,1042,3896,4509,4355,1206,1240,4282,1901,2197,1497,1057,2616,3504
Uttar Pradesh,Urban,HSS (VI-XII),Private Unaided (Recognized),Boys,15,15,10,15,5,14,13,9,14,7,15,15,15,10,7,15,5,6,4,5,13,15
Uttar Pradesh,Urban,HSS (VI-XII),Private Unaided (Recognized),Girls,80,72,55,79,16,69,61,27,65,22,72,80,77,45,21,77,37,38,24,21,56,69
Uttar Pradesh,Urban,HSS (VI-XII),Private Unaided (Recognized),Co-Ed,783,737,594,736,202,677,630,328,627,208,718,776,761,381,237,744,411,386,255,173,548,666
Uttar Pradesh,Rural,HSS (XI-XII),Private Unaided (Recognized),Girls,1,1,1,1,0,1,1,0,1,0,1,1,1,1,0,1,1,0,0,1,0,1
Uttar Pradesh,Rural,HSS (XI-XII),Private Unaided (Recognized),Co-Ed,21,16,15,18,5,15,13,4,12,6,14,21,20,3,2,17,6,9,9,6,12,15
Uttar Pradesh,Urban,HSS (XI-XII),Private Unaided (Recognized),Co-Ed,6,3,3,6,2,5,5,4,5,0,4,6,6,5,4,6,5,1,0,0,4,5
Uttar Pradesh,Rural,PS (I-V),Private Unaided (Recognized),Boys,27,22,15,19,3,19,14,0,3,3,18,27,27,1,2,24,0,12,6,4,4,5
Uttar Pradesh,Rural,PS (I-V),Private Unaided (Recognized),Girls,54,44,29,44,13,42,29,6,19,15,35,53,53,6,5,44,0,21,13,7,15,14
Uttar Pradesh,Rural,PS (I-V),Private Unaided (Recognized),Co-Ed,31040,27177,21139,23113,5343,24888,15989,2633,11317,3717,20987,30597,29538,3051,3404,26238,0,12330,7712,5246,7038,9574
Uttar Pradesh,Urban,PS (I-V),Private Unaided (Recognized),Boys,15,14,7,14,2,10,7,4,5,2,12,15,15,5,1,14,0,7,4,2,1,5
Uttar Pradesh,Urban,PS (I-V),Private Unaided (Recognized),Girls,23,18,12,23,3,16,12,4,12,7,18,23,23,10,2,20,0,6,4,1,9,10
Uttar Pradesh,Urban,PS (I-V),Private Unaided (Recognized),Co-Ed,9866,8902,4969,9152,1283,7490,5624,801,4656,1093,7937,9735,9510,2241,1047,9100,0,4104,2588,1200,3398,4856
Uttar Pradesh,Rural,SS (I-X),Private Unaided (Recognized),Boys,1,1,1,1,0,1,0,0,1,0,0,1,0,0,0,1,0,0,0,0,1,1
Uttar Pradesh,Rural,SS (I-X),Private Unaided (Recognized),Girls,10,8,6,8,2,7,5,1,3,1,6,10,9,2,2,9,3,5,3,2,2,4
Uttar Pradesh,Rural,SS (I-X),Private Unaided (Recognized),Co-Ed,1126,1016,910,979,326,1008,887,561,812,353,1004,1117,1079,550,393,1076,520,535,364,223,688,895
Uttar Pradesh,Urban,SS (I-X),Private Unaided (Recognized),Boys,5,5,4,5,0,4,4,1,3,1,4,5,4,3,1,5,2,3,2,0,3,5
Uttar Pradesh,Urban,SS (I-X),Private Unaided (Recognized),Girls,6,6,3,6,0,5,4,3,4,1,5,6,6,5,2,6,5,3,3,1,5,5
Uttar Pradesh,Urban,SS (I-X),Private Unaided (Recognized),Co-Ed,517,489,358,498,110,461,431,267,420,141,484,515,508,316,180,506,242,253,169,81,358,448
Uttar Pradesh,Rural,SS (IX-X),Private Unaided (Recognized),Boys,6,5,5,5,4,6,3,2,3,2,4,6,6,3,4,6,4,4,2,1,2,5
Uttar Pradesh,Rural,SS (IX-X),Private Unaided (Recognized),Girls,60,56,48,50,12,47,35,18,24,10,44,59,53,10,14,48,21,22,16,11,15,25
Uttar Pradesh,Rural,SS (IX-X),Private Unaided (Recognized),Co-Ed,2741,2405,2201,2238,540,2132,1676,796,1544,447,2160,2691,2598,384,536,2440,775,1328,921,460,912,1389
Uttar Pradesh,Urban,SS (IX-X),Private Unaided (Recognized),Boys,4,4,2,4,1,2,3,1,3,1,4,4,4,1,0,4,0,1,1,1,2,4
Uttar Pradesh,Urban,SS (IX-X),Private Unaided (Recognized),Girls,16,15,8,16,3,13,9,2,11,1,15,15,16,5,3,13,5,9,7,1,9,8
Uttar Pradesh,Urban,SS (IX-X),Private Unaided (Recognized),Co-Ed,518,479,352,483,81,425,368,150,381,79,466,511,500,178,103,501,199,235,132,78,250,370
Uttar Pradesh,Rural,SS (VI-X),Private Unaided (Recognized),Boys,19,16,14,16,7,15,13,6,13,6,17,19,18,5,6,19,10,4,1,2,11,15
Uttar Pradesh,Rural,SS (VI-X),Private Unaided (Recognized),Girls,53,48,42,40,11,43,33,13,27,11,45,51,52,14,7,52,21,22,11,12,19,27
Uttar Pradesh,Rural,SS (VI-X),Private Unaided (Recognized),Co-Ed,3499,2997,2737,2827,877,2827,2272,999,2087,634,2841,3450,3310,605,822,3214,1254,1453,900,635,1461,2273
Uttar Pradesh,Urban,SS (VI-X),Private Unaided (Recognized),Boys,5,5,3,5,1,5,4,0,5,0,5,5,5,3,1,5,1,1,0,1,4,4
Uttar Pradesh,Urban,SS (VI-X),Private Unaided (Recognized),Girls,16,13,9,14,1,9,11,4,8,3,14,16,16,6,6,14,3,6,2,5,5,10
Uttar Pradesh,Urban,SS (VI-X),Private Unaided (Recognized),Co-Ed,375,326,270,336,81,310,275,103,270,86,331,370,365,137,94,360,153,165,101,74,181,276
Uttar Pradesh,Rural,UPS (I-VIII),Private Unaided (Recognized),Boys,6,5,6,4,2,6,5,1,3,2,6,6,6,2,2,6,2,1,1,0,3,4
Uttar Pradesh,Rural,UPS (I-VIII),Private Unaided (Recognized),Girls,28,21,16,27,6,18,15,7,12,8,21,27,25,3,5,23,12,14,11,4,10,12
Uttar Pradesh,Rural,UPS (I-VIII),Private Unaided (Recognized),Co-Ed,11386,10242,8162,9549,2715,9582,7535,2282,6229,2196,9259,11248,10896,3072,2209,10383,4052,4693,2827,2090,4584,7099
Uttar Pradesh,Urban,UPS (I-VIII),Private Unaided (Recognized),Boys,8,8,2,8,1,7,7,1,5,4,6,8,8,4,1,8,2,4,2,0,1,6
Uttar Pradesh,Urban,UPS (I-VIII),Private Unaided (Recognized),Girls,24,22,13,23,4,20,14,5,14,8,20,23,23,14,7,22,13,7,4,1,13,18
Uttar Pradesh,Urban,UPS (I-VIII),Private Unaided (Recognized),Co-Ed,7061,6485,3879,6767,1082,5723,4772,1202,4270,1189,5912,6974,6855,2858,1263,6777,2454,2860,1552,847,3526,5238
Uttar Pradesh,Rural,UPS (VI-VIII),Private Unaided (Recognized),Boys,37,28,22,29,6,31,22,2,9,4,23,37,36,4,2,29,4,19,8,4,8,13
Uttar Pradesh,Rural,UPS (VI-VIII),Private Unaided (Recognized),Girls,404,359,293,302,54,323,222,36,152,55,286,397,383,47,30,318,99,172,105,81,91,151
Uttar Pradesh,Rural,UPS (VI-VIII),Private Unaided (Recognized),Co-Ed,11296,10087,8022,8284,1869,9269,6307,1054,4244,1335,8014,11141,10754,1102,1271,9342,2752,4579,2854,2012,2757,4069
Uttar Pradesh,Urban,UPS (VI-VIII),Private Unaided (Recognized),Boys,25,23,8,24,3,18,16,3,12,6,23,25,25,9,5,25,5,7,6,4,11,19
Uttar Pradesh,Urban,UPS (VI-VIII),Private Unaided (Recognized),Girls,100,91,57,96,8,82,70,13,51,16,82,100,93,22,10,92,28,46,27,11,36,60
Uttar Pradesh,Urban,UPS (VI-VIII),Private Unaided (Recognized),Co-Ed,3071,2816,1626,2858,420,2483,2029,302,1519,365,2529,3033,2972,745,348,2793,852,1337,874,368,1088,1636
Uttar Pradesh,Urban,HSS (I-XII),Railway School,Girls,1,1,1,1,0,1,1,0,1,0,1,1,1,1,0,1,1,0,0,0,1,1
Uttar Pradesh,Urban,HSS (I-XII),Railway School,Co-Ed,2,2,2,2,0,2,2,1,2,0,2,2,2,2,0,2,2,2,0,1,2,2
Uttar Pradesh,Urban,HSS (IX-XII),Railway School,Co-Ed,1,1,1,1,0,1,1,1,1,0,1,1,1,1,0,1,0,1,0,0,1,1
Uttar Pradesh,Urban,HSS (VI-XII),Railway School,Co-Ed,1,1,1,1,0,1,1,1,1,0,1,1,1,1,0,1,1,1,1,1,1,1
Uttar Pradesh,Urban,PS (I-V),Railway School,Co-Ed,2,2,0,2,0,2,1,0,2,0,2,2,2,1,0,2,0,1,0,0,0,0
Uttar Pradesh,Urban,SS (I-X),Railway School,Co-Ed,1,1,1,1,0,1,1,0,1,0,1,1,1,1,0,1,1,1,0,0,0,0
Uttar Pradesh,Rural,HSS (VI-XII),Sainik School,Co-Ed,2,2,2,2,0,2,2,2,2,2,2,2,2,2,2,2,1,0,0,0,2,2
Uttar Pradesh,Rural,UPS (VI-VIII),Sainik School,Co-Ed,1,1,1,1,0,1,1,1,1,0,1,1,1,0,1,1,1,0,0,0,1,1
Uttar Pradesh,Rural,HSS (I-XII),Social welfare Department,Boys,4,4,4,4,4,4,4,1,4,2,4,4,4,4,0,4,0,3,3,3,2,4
Uttar Pradesh,Rural,HSS (I-XII),Social welfare Department,Girls,2,1,1,2,2,1,2,0,0,1,2,2,2,2,1,2,2,1,1,1,0,2
Uttar Pradesh,Rural,HSS (I-XII),Social welfare Department,Co-Ed,1,1,1,1,0,0,1,0,0,0,0,1,1,0,0,1,0,1,1,0,0,0
Uttar Pradesh,Urban,HSS (I-XII),Social welfare Department,Boys,3,3,3,3,2,3,3,0,3,1,3,3,3,3,1,3,1,0,0,0,3,3
Uttar Pradesh,Rural,HSS (IX-XII),Social welfare Department,Girls,1,1,1,1,1,1,1,0,0,1,1,1,1,0,1,1,1,0,0,1,0,1
Uttar Pradesh,Rural,HSS (VI-XII),Social welfare Department,Boys,8,8,7,8,8,8,8,2,4,3,7,8,8,8,3,8,2,3,3,4,7,8
Uttar Pradesh,Rural,HSS (VI-XII),Social welfare Department,Girls,2,2,2,2,1,2,2,1,2,0,2,2,2,2,1,2,1,1,0,1,1,1
Uttar Pradesh,Rural,HSS (VI-XII),Social welfare Department,Co-Ed,3,3,3,3,2,3,3,0,2,2,3,3,3,3,2,3,0,2,2,1,2,3
Uttar Pradesh,Rural,PS (I-V),Social welfare Department,Boys,1,1,1,1,1,1,1,0,1,1,1,1,1,0,0,1,0,1,1,1,0,1
Uttar Pradesh,Rural,PS (I-V),Social welfare Department,Co-Ed,46,25,40,17,5,37,25,3,4,7,13,44,44,2,2,39,0,29,18,16,2,1
Uttar Pradesh,Urban,PS (I-V),Social welfare Department,Girls,1,0,0,1,0,0,0,0,0,0,1,1,1,0,0,1,0,0,0,1,0,0
Uttar Pradesh,Urban,PS (I-V),Social welfare Department,Co-Ed,29,17,5,25,2,21,9,1,4,1,19,29,28,1,2,27,0,8,5,1,4,3
Uttar Pradesh,Rural,SS (I-X),Social welfare Department,Girls,1,1,1,1,1,1,1,0,0,0,1,1,1,1,0,1,0,1,0,1,1,1
Uttar Pradesh,Rural,SS (I-X),Social welfare Department,Co-Ed,1,1,1,1,1,1,1,0,0,0,1,1,1,0,1,1,1,0,0,0,1,0
Uttar Pradesh,Rural,SS (VI-X),Social welfare Department,Co-Ed,1,1,1,1,1,1,1,0,0,0,1,1,1,1,0,1,0,1,0,1,0,1
Uttar Pradesh,Rural,UPS (I-VIII),Social welfare Department,Co-Ed,1,1,1,1,1,1,1,1,1,1,1,1,1,1,1,1,1,0,0,0,0,1
Uttar Pradesh,Urban,UPS (I-VIII),Social welfare Department,Co-Ed,2,2,0,1,0,2,1,0,0,1,2,2,2,0,0,2,0,1,0,1,0,1
Uttar Pradesh,Rural,UPS (VI-VIII),Social welfare Department,Girls,1,1,0,1,0,1,1,0,0,0,1,1,1,1,0,1,1,0,0,0,0,0
Uttar Pradesh,Rural,UPS (VI-VIII),Social welfare Department,Co-Ed,1,1,1,0,0,1,1,0,0,0,1,1,1,0,0,1,0,1,1,1,1,1
Uttar Pradesh,Urban,UPS (VI-VIII),Social welfare Department,Co-Ed,2,2,2,2,0,1,1,0,1,0,2,2,2,1,0,2,1,1,1,1,0,1
Uttar Pradesh,Rural,HSS (I-XII),Tribal Welfare Department,Boys,21,20,18,21,13,19,20,0,15,11,20,21,20,13,6,20,2,9,6,12,12,20
Uttar Pradesh,Rural,HSS (I-XII),Tribal Welfare Department,Girls,4,4,3,4,3,4,4,0,2,1,4,4,4,3,1,4,3,1,1,3,3,4
Uttar Pradesh,Rural,HSS (I-XII),Tribal Welfare Department,Co-Ed,13,13,13,12,6,12,13,5,10,7,12,13,13,11,2,13,4,7,4,9,8,13
Uttar Pradesh,Urban,HSS (I-XII),Tribal Welfare Department,Boys,2,2,2,2,1,2,2,1,2,0,2,2,2,2,0,2,0,1,1,1,2,2
Uttar Pradesh,Urban,HSS (I-XII),Tribal Welfare Department,Girls,1,1,1,1,0,1,1,1,0,1,1,1,1,1,1,1,1,1,1,1,1,1
Uttar Pradesh,Urban,HSS (I-XII),Tribal Welfare Department,Co-Ed,1,1,1,1,0,1,1,1,1,1,1,1,1,1,0,1,1,0,0,0,1,1
Uttar Pradesh,Rural,HSS (IX-XII),Tribal Welfare Department,Boys,1,1,0,1,1,1,1,0,1,0,1,1,1,1,0,1,0,1,1,1,0,1
Uttar Pradesh,Rural,HSS (IX-XII),Tribal Welfare Department,Girls,3,3,3,3,2,3,2,1,3,1,3,3,3,2,1,3,1,1,0,3,1,3
Uttar Pradesh,Rural,HSS (VI-XII),Tribal Welfare Department,Boys,4,4,3,4,3,4,4,1,3,3,4,4,4,4,2,4,1,3,3,3,3,4
Uttar Pradesh,Rural,HSS (VI-XII),Tribal Welfare Department,Girls,5,5,3,5,4,4,5,1,3,3,4,5,5,5,3,5,2,1,1,5,3,5
Uttar Pradesh,Rural,HSS (VI-XII),Tribal Welfare Department,Co-Ed,11,11,8,11,9,10,11,2,5,4,11,10,9,6,2,10,2,5,4,5,7,10
Uttar Pradesh,Urban,HSS (VI-XII),Tribal Welfare Department,Boys,2,2,2,2,2,2,2,0,1,1,2,2,2,2,0,2,0,1,1,1,1,2
Uttar Pradesh,Urban,HSS (VI-XII),Tribal Welfare Department,Co-Ed,3,3,3,3,3,2,3,2,2,3,3,3,3,2,0,3,0,1,1,2,1,3
Uttar Pradesh,Rural,PS (I-V),Tribal Welfare Department,Girls,1,1,1,1,1,1,1,0,1,1,1,1,1,0,0,1,0,0,0,1,0,1
Uttar Pradesh,Rural,PS (I-V),Tribal Welfare Department,Co-Ed,394,267,278,231,49,307,183,7,28,73,112,378,374,12,25,279,0,196,129,88,47,15
Uttar Pradesh,Urban,PS (I-V),Tribal Welfare Department,Boys,2,2,2,2,1,2,2,0,1,0,2,2,2,0,0,2,0,1,1,1,1,0
Uttar Pradesh,Urban,PS (I-V),Tribal Welfare Department,Girls,3,2,1,3,0,2,1,0,0,0,3,3,3,1,0,3,0,1,1,1,1,1
Uttar Pradesh,Urban,PS (I-V),Tribal Welfare Department,Co-Ed,42,34,22,29,4,30,21,1,5,10,17,39,39,2,4,38,0,18,11,13,7,3
Uttar Pradesh,Rural,SS (I-X),Tribal Welfare Department,Co-Ed,2,2,1,2,1,2,2,1,2,0,2,2,2,1,2,2,1,1,1,2,1,2
Uttar Pradesh,Urban,SS (I-X),Tribal Welfare Department,Boys,2,2,2,2,0,2,0,0,2,0,2,2,2,2,0,2,1,2,0,0,1,1
Uttar Pradesh,Urban,SS (I-X),Tribal Welfare Department,Co-Ed,2,2,2,2,0,2,1,0,1,1,2,2,2,2,0,2,0,2,1,1,2,2
Uttar Pradesh,Rural,UPS (I-VIII),Tribal Welfare Department,Co-Ed,4,3,3,3,1,3,2,1,1,0,1,4,4,1,0,3,1,3,2,0,1,1
Uttar Pradesh,Urban,UPS (I-VIII),Tribal Welfare Department,Boys,1,1,0,1,0,1,1,0,0,0,1,1,1,0,0,1,0,1,1,0,0,0
Uttar Pradesh,Urban,UPS (I-VIII),Tribal Welfare Department,Girls,1,1,0,1,0,1,1,0,1,0,1,1,1,1,0,1,0,0,0,0,0,1
Uttar Pradesh,Urban,UPS (I-VIII),Tribal Welfare Department,Co-Ed,3,2,0,3,0,3,2,0,0,2,3,3,3,1,0,3,1,2,1,0,0,1
Uttar Pradesh,Rural,UPS (VI-VIII),Tribal Welfare Department,Boys,1,0,0,1,1,1,0,0,1,0,1,1,1,0,0,1,0,0,0,0,0,1
Uttar Pradesh,Rural,UPS (VI-VIII),Tribal Welfare Department,Girls,2,1,1,1,1,1,1,0,0,1,1,2,2,1,0,2,0,1,1,1,1,1
Uttar Pradesh,Rural,UPS (VI-VIII),Tribal Welfare Department,Co-Ed,10,7,5,3,2,9,4,0,3,4,5,9,8,0,1,5,2,4,4,4,2,4
Uttar Pradesh,Urban,UPS (VI-VIII),Tribal Welfare Department,Boys,2,2,1,2,0,2,2,0,2,0,0,2,2,1,0,2,0,1,1,0,1,2
Uttar Pradesh,Urban,UPS (VI-VIII),Tribal Welfare Department,Girls,1,1,0,1,0,1,1,0,1,0,0,1,1,1,0,1,0,0,0,0,0,1
Uttar Pradesh,Urban,UPS (VI-VIII),Tribal Welfare Department,Co-Ed,2,2,0,1,1,2,1,0,0,0,2,2,2,0,0,2,0,1,1,1,0,1
Uttar Pradesh,Urban,HSS (I-XII),Unrecognized,Co-Ed,1,1,1,1,1,1,1,1,1,1,1,1,1,1,1,1,1,0,0,1,1,1
Uttar Pradesh,Rural,PS (I-V),Unrecognized,Co-Ed,1,1,0,1,0,1,1,0,0,0,1,1,1,0,0,1,0,0,0,1,1,1
Uttar Pradesh,Urban,PS (I-V),Unrecognized,Co-Ed,2,2,1,2,0,2,1,0,1,0,2,2,2,0,0,2,0,1,1,1,0,1
Uttar Pradesh,Rural,UPS (I-VIII),Unrecognized,Co-Ed,1,1,1,1,0,1,1,0,0,0,1,1,1,0,0,1,0,0,0,1,1,1
West Bengal,Urban,HSS (I-XII),Central Tibetan School,Co-Ed,2,1,2,2,1,2,2,2,2,2,2,2,2,2,2,2,1,2,1,1,2,2
West Bengal,Urban,SS (I-X),Central Tibetan School,Co-Ed,1,1,1,1,0,1,1,1,1,0,1,1,1,1,0,1,0,0,0,0,1,1
West Bengal,Rural,HSS (I-XII),Department of Education,Co-Ed,33,32,32,32,2,28,30,0,9,6,28,33,33,22,3,33,11,28,7,3,33,27
West Bengal,Urban,HSS (I-XII),Department of Education,Boys,28,28,21,28,18,25,27,11,19,5,25,28,28,24,2,26,1,26,14,12,28,28
West Bengal,Urban,HSS (I-XII),Department of Education,Girls,20,20,13,20,9,18,20,12,7,4,19,20,20,18,1,20,9,20,15,3,20,20
West Bengal,Urban,HSS (I-XII),Department of Education,Co-Ed,11,10,7,11,5,8,11,4,4,3,7,11,11,7,2,11,3,11,5,5,11,10
West Bengal,Urban,HSS (IX-XII),Department of Education,Co-Ed,1,0,1,1,0,1,1,0,0,0,0,1,1,0,0,1,0,1,0,0,1,0
West Bengal,Rural,HSS (VI-XII),Department of Education,Boys,60,51,53,59,18,57,60,16,39,15,56,60,60,27,9,58,7,57,46,12,60,60
West Bengal,Rural,HSS (VI-XII),Department of Education,Girls,507,379,348,505,129,392,498,80,279,93,450,507,506,223,54,504,259,499,388,117,507,505
West Bengal,Rural,HSS (VI-XII),Department of Education,Co-Ed,4269,3155,3887,4249,1016,4018,4210,973,2411,783,3774,4269,4266,1280,402,4226,1465,4211,3293,1483,4269,4240
West Bengal,Urban,HSS (VI-XII),Department of Education,Boys,310,282,202,310,92,257,308,140,232,48,279,310,310,190,24,305,20,297,142,91,310,306
West Bengal,Urban,HSS (VI-XII),Department of Education,Girls,518,469,263,518,139,380,516,160,314,91,466,518,518,345,32,513,181,477,288,104,518,517
West Bengal,Urban,HSS (VI-XII),Department of Education,Co-Ed,631,544,458,631,148,540,622,206,401,89,521,631,631,348,50,624,166,597,355,182,631,629
West Bengal,Rural,HSS (XI-XII),Department of Education,Co-Ed,8,6,7,8,4,4,7,1,6,0,7,8,8,4,0,6,2,7,5,1,8,8
West Bengal,Urban,HSS (XI-XII),Department of Education,Girls,1,0,0,1,0,0,1,0,0,0,1,1,1,1,0,1,0,0,0,0,1,1
West Bengal,Urban,HSS (XI-XII),Department of Education,Co-Ed,1,1,1,1,1,1,1,0,1,0,0,1,1,0,0,1,0,1,0,0,1,1
West Bengal,Rural,PS (I-V),Department of Education,Boys,89,15,60,89,1,56,87,0,3,8,85,89,88,8,2,88,1,87,51,7,3,5
West Bengal,Rural,PS (I-V),Department of Education,Girls,113,19,69,113,2,65,111,0,5,5,110,113,113,11,6,112,24,109,64,15,3,5
West Bengal,Rural,PS (I-V),Department of Education,Co-Ed,59322,10201,43895,57516,1009,37198,54618,170,2075,3380,52397,59322,59082,5085,1579,58265,6279,49708,36307,6586,1657,2140
West Bengal,Urban,PS (I-V),Department of Education,Boys,114,46,36,113,4,91,110,1,16,3,100,114,114,46,3,113,6,97,43,16,11,13
West Bengal,Urban,PS (I-V),Department of Education,Girls,186,76,55,186,11,141,181,1,15,8,175,186,186,79,6,184,36,168,82,28,28,22
West Bengal,Urban,PS (I-V),Department of Education,Co-Ed,5864,1647,2418,5777,103,3364,5657,19,234,274,5372,5864,5845,1390,187,5806,601,5039,2802,606,301,331
West Bengal,Rural,SS (I-X),Department of Education,Co-Ed,6,6,6,6,1,6,5,0,2,2,5,6,6,6,0,6,1,6,4,0,6,6
West Bengal,Urban,SS (I-X),Department of Education,Boys,4,3,1,4,4,4,4,0,0,0,4,4,4,4,0,4,0,4,0,1,4,4
West Bengal,Urban,SS (I-X),Department of Education,Girls,1,1,1,1,0,1,1,0,0,0,0,1,1,0,0,1,0,1,0,0,1,0
West Bengal,Urban,SS (I-X),Department of Education,Co-Ed,4,2,3,4,0,4,4,0,3,0,2,4,4,0,0,3,1,3,1,1,4,3
West Bengal,Rural,SS (VI-X),Department of Education,Boys,32,21,28,32,2,30,31,0,14,5,33,32,32,11,1,32,2,31,23,8,32,32
West Bengal,Rural,SS (VI-X),Department of Education,Girls,372,240,297,370,50,299,360,0,89,49,329,372,371,109,27,367,167,363,275,92,372,356
West Bengal,Rural,SS (VI-X),Department of Education,Co-Ed,1430,904,1286,1416,160,1258,1379,2,382,206,1275,1430,1429,310,81,1410,405,1382,1013,332,1430,1367
West Bengal,Urban,SS (VI-X),Department of Education,Boys,152,132,64,152,9,93,145,1,73,11,129,152,152,89,1,149,9,142,56,27,152,139
West Bengal,Urban,SS (VI-X),Department of Education,Girls,292,207,117,292,34,186,290,0,66,28,235,292,292,170,12,290,75,263,121,34,292,260
West Bengal,Urban,SS (VI-X),Department of Education,Co-Ed,252,179,157,251,17,197,246,0,70,23,225,252,252,121,15,249,46,229,131,55,252,237
West Bengal,Urban,UPS (I-VIII),Department of Education,Co-Ed,2,2,2,2,0,2,2,0,0,0,2,2,2,2,0,2,1,2,1,0,1,2
West Bengal,Rural,UPS (VI-VIII),Department of Education,Boys,3,1,3,3,0,2,3,0,1,0,3,3,3,2,0,3,1,2,1,1,1,2
West Bengal,Rural,UPS (VI-VIII),Department of Education,Girls,426,99,353,384,12,286,371,1,11,20,359,426,426,32,8,406,85,351,253,46,88,79
West Bengal,Rural,UPS (VI-VIII),Department of Education,Co-Ed,5872,1146,5190,5543,121,4389,5050,15,389,323,5194,5872,5837,442,157,5682,1017,4402,2719,916,1274,1111
West Bengal,Urban,UPS (VI-VIII),Department of Education,Boys,19,8,9,18,0,8,17,0,8,0,14,19,19,7,1,19,0,14,6,4,4,5
West Bengal,Urban,UPS (VI-VIII),Department of Education,Girls,49,17,26,47,1,25,40,0,3,2,25,49,49,12,2,46,13,40,16,6,7,10
West Bengal,Urban,UPS (VI-VIII),Department of Education,Co-Ed,129,49,84,125,4,79,102,0,12,4,99,129,129,19,4,121,21,101,43,17,24,39
West Bengal,Urban,HSS (I-XII),Government Aided,Boys,2,2,1,2,0,2,2,2,2,0,2,2,2,2,1,2,0,2,1,0,2,2
West Bengal,Urban,HSS (I-XII),Government Aided,Girls,2,2,1,2,1,2,2,2,2,0,1,2,2,1,0,2,1,2,0,0,2,2
West Bengal,Urban,HSS (I-XII),Government Aided,Co-Ed,6,6,5,6,0,5,6,3,3,2,4,6,6,4,2,6,3,5,1,1,4,6
West Bengal,Rural,HSS (VI-XII),Government Aided,Boys,1,1,1,1,1,1,1,1,1,1,1,1,1,1,0,1,0,0,0,0,1,1
West Bengal,Rural,HSS (VI-XII),Government Aided,Co-Ed,1,0,1,1,0,1,0,0,0,0,1,1,1,0,0,1,0,1,1,0,0,1
West Bengal,Urban,HSS (VI-XII),Government Aided,Boys,7,7,1,7,1,7,7,4,6,2,5,7,7,5,0,7,0,5,0,0,6,6
West Bengal,Urban,HSS (VI-XII),Government Aided,Girls,6,6,1,6,0,5,6,5,5,0,6,6,6,5,0,6,3,5,0,0,6,6
West Bengal,Urban,HSS (VI-XII),Government Aided,Co-Ed,6,6,2,6,0,5,6,3,6,0,6,6,6,5,0,5,4,6,1,0,6,6
West Bengal,Rural,PS (I-V),Government Aided,Boys,1,1,1,1,0,1,1,0,0,0,1,1,1,0,0,1,0,0,0,0,0,0
West Bengal,Rural,PS (I-V),Government Aided,Girls,1,0,0,1,0,1,0,0,1,0,1,1,1,1,0,1,0,0,0,0,0,0
West Bengal,Rural,PS (I-V),Government Aided,Co-Ed,12,4,10,10,0,11,1,0,2,0,10,12,12,2,0,11,0,2,1,0,0,1
West Bengal,Urban,PS (I-V),Government Aided,Boys,4,4,0,4,0,4,4,2,3,0,3,4,4,4,0,4,0,4,0,0,3,3
West Bengal,Urban,PS (I-V),Government Aided,Girls,6,5,1,6,0,3,6,0,2,0,6,6,6,4,2,5,1,4,0,0,5,5
West Bengal,Urban,PS (I-V),Government Aided,Co-Ed,20,9,7,20,2,15,11,0,0,0,11,20,20,6,1,17,4,7,2,0,3,8
West Bengal,Urban,SS (I-X),Government Aided,Co-Ed,2,2,1,2,0,2,2,1,2,1,1,2,2,2,0,2,1,2,0,1,2,1
West Bengal,Rural,SS (VI-X),Government Aided,Boys,1,1,1,1,1,1,1,1,0,1,1,1,1,1,0,1,0,0,0,0,1,1
West Bengal,Urban,SS (VI-X),Government Aided,Boys,1,1,0,1,0,0,1,1,0,0,0,1,1,0,0,1,0,1,0,0,1,0
West Bengal,Urban,SS (VI-X),Government Aided,Girls,3,2,0,3,0,2,3,1,2,0,3,3,3,2,0,3,0,2,0,0,3,3
West Bengal,Urban,SS (VI-X),Government Aided,Co-Ed,2,1,1,2,0,2,1,0,1,0,1,2,2,1,1,1,1,1,0,1,1,1
West Bengal,Rural,UPS (I-VIII),Government Aided,Co-Ed,1,1,1,1,0,1,0,0,1,0,1,1,1,0,0,1,0,0,0,0,0,0
West Bengal,Urban,UPS (I-VIII),Government Aided,Co-Ed,1,1,1,1,0,1,1,0,0,0,1,1,1,1,0,1,1,1,0,0,1,1
West Bengal,Urban,UPS (VI-VIII),Government Aided,Girls,2,1,0,1,0,0,0,0,0,0,0,1,2,0,0,0,1,0,0,0,0,0
West Bengal,Rural,HSS (VI-XII),Jawahar Navodaya Vidyalaya,Co-Ed,9,9,7,9,3,9,9,9,9,7,9,9,9,9,1,9,5,8,6,4,7,9
West Bengal,Urban,HSS (VI-XII),Jawahar Navodaya Vidyalaya,Co-Ed,4,4,4,4,1,4,4,4,4,3,4,4,4,4,1,4,2,4,4,0,4,4
West Bengal,Rural,SS (VI-X),Jawahar Navodaya Vidyalaya,Co-Ed,2,1,1,2,0,2,2,1,2,0,2,2,2,1,0,2,2,1,1,1,2,2
West Bengal,Urban,SS (VI-X),Jawahar Navodaya Vidyalaya,Co-Ed,2,2,1,2,0,2,2,2,2,1,2,2,2,2,1,2,1,2,1,1,2,2
West Bengal,Rural,HSS (I-XII),Kendriya Vidyalaya / Central School,Co-Ed,28,28,27,28,3,28,28,24,28,4,25,28,28,28,5,28,15,26,19,3,24,28
West Bengal,Urban,HSS (I-XII),Kendriya Vidyalaya / Central School,Co-Ed,25,25,14,25,5,24,25,24,23,7,24,25,25,24,6,25,12,25,15,2,25,25
West Bengal,Rural,SS (I-X),Kendriya Vidyalaya / Central School,Co-Ed,5,5,1,5,0,5,5,4,4,2,4,5,5,5,0,5,1,5,2,0,4,5
West Bengal,Rural,UPS (I-VIII),Kendriya Vidyalaya / Central School,Co-Ed,2,2,2,2,0,2,2,1,1,0,2,2,2,1,0,2,1,1,1,1,2,2
West Bengal,Urban,UPS (I-VIII),Kendriya Vidyalaya / Central School,Co-Ed,2,2,1,2,1,2,2,2,2,1,2,2,2,2,0,2,1,2,1,0,2,2
West Bengal,Urban,HSS (I-XII),Local body,Boys,1,1,0,1,0,1,1,1,0,0,1,1,1,1,0,1,0,1,1,0,0,1
West Bengal,Urban,HSS (I-XII),Local body,Co-Ed,1,1,0,1,1,1,1,1,0,0,1,1,1,1,0,1,0,0,0,0,1,1
West Bengal,Rural,PS (I-V),Local body,Boys,5,0,3,5,0,2,4,0,0,0,5,5,5,0,0,5,0,5,5,0,0,0
West Bengal,Rural,PS (I-V),Local body,Girls,5,1,3,5,0,1,3,0,0,0,5,5,5,0,0,5,0,5,5,0,0,0
West Bengal,Rural,PS (I-V),Local body,Co-Ed,50,10,15,44,3,11,12,0,4,1,39,50,50,4,0,50,3,40,20,2,3,7
West Bengal,Urban,PS (I-V),Local body,Boys,13,6,1,13,0,8,12,0,1,0,13,13,13,5,1,13,1,8,0,1,1,3
West Bengal,Urban,PS (I-V),Local body,Girls,14,4,1,14,0,7,13,0,0,0,15,14,14,3,0,14,2,12,2,1,0,2
West Bengal,Urban,PS (I-V),Local body,Co-Ed,1206,126,321,959,6,410,710,5,20,22,548,1189,1206,142,31,1117,175,684,186,50,15,57
West Bengal,Rural,SS (I-X),Local body,Co-Ed,1,1,0,1,0,0,1,0,0,0,1,1,1,0,0,1,0,0,0,0,0,0
West Bengal,Urban,SS (VI-X),Local body,Co-Ed,3,3,3,3,0,3,3,0,0,0,3,3,3,1,0,3,0,3,0,0,2,3
West Bengal,Rural,UPS (I-VIII),Local body,Co-Ed,3,2,3,3,0,2,1,0,0,0,3,3,3,1,1,3,2,1,0,0,1,3
West Bengal,Urban,UPS (I-VIII),Local body,Co-Ed,16,6,7,16,1,11,15,0,2,1,15,16,16,9,2,16,2,16,4,1,2,6
West Bengal,Rural,UPS (VI-VIII),Local body,Co-Ed,1,1,1,1,0,1,0,0,0,0,1,1,1,0,0,1,1,1,0,0,0,0
West Bengal,Urban,UPS (VI-VIII),Local body,Girls,1,0,1,1,0,0,0,0,0,0,1,1,1,0,0,1,0,1,0,0,0,0
West Bengal,Urban,UPS (VI-VIII),Local body,Co-Ed,3,1,0,3,0,2,3,0,0,0,3,3,3,2,0,3,1,3,0,0,0,3
West Bengal,Rural,HSS (I-XII),Madarsa unrecognized,Boys,2,2,2,2,0,2,2,1,1,1,2,2,2,0,0,2,1,0,0,0,1,1
West Bengal,Rural,HSS (I-XII),Madarsa unrecognized,Co-Ed,2,1,1,2,0,1,2,2,1,1,1,2,2,1,1,2,1,0,0,1,1,2
West Bengal,Rural,HSS (VI-XII),Madarsa unrecognized,Girls,2,1,2,2,0,2,2,1,2,0,2,2,2,2,0,2,2,0,0,1,1,2
West Bengal,Rural,PS (I-V),Madarsa unrecognized,Boys,5,1,5,5,0,1,0,0,0,0,1,5,5,0,0,5,0,0,0,0,0,0
West Bengal,Rural,PS (I-V),Madarsa unrecognized,Co-Ed,125,27,90,93,3,69,44,1,6,1,64,124,118,3,1,103,14,17,8,2,8,9
West Bengal,Urban,PS (I-V),Madarsa unrecognized,Co-Ed,7,3,4,7,0,3,2,1,2,0,4,7,7,0,0,5,0,1,1,0,0,0
West Bengal,Rural,SS (I-X),Madarsa unrecognized,Boys,4,3,1,3,0,1,4,0,3,0,3,4,4,1,0,4,0,1,0,0,0,2
West Bengal,Rural,SS (I-X),Madarsa unrecognized,Girls,3,1,1,2,0,2,2,1,1,0,0,3,3,0,0,2,2,1,0,0,0,0
West Bengal,Rural,SS (I-X),Madarsa unrecognized,Co-Ed,12,4,9,11,0,9,10,3,7,0,10,12,12,1,1,12,4,3,2,0,2,5
West Bengal,Urban,SS (I-X),Madarsa unrecognized,Co-Ed,1,1,1,1,0,1,1,0,1,1,1,1,1,1,0,1,1,1,0,0,0,1
West Bengal,Rural,SS (VI-X),Madarsa unrecognized,Girls,4,2,3,1,0,3,4,3,4,0,2,4,4,1,1,4,2,1,0,0,0,1
West Bengal,Rural,SS (VI-X),Madarsa unrecognized,Co-Ed,6,4,6,4,0,6,5,2,2,0,5,6,6,2,0,6,1,0,0,0,0,0
West Bengal,Rural,UPS (I-VIII),Madarsa unrecognized,Boys,10,5,9,9,1,6,4,1,4,0,4,10,10,1,0,9,0,2,1,0,0,0
West Bengal,Rural,UPS (I-VIII),Madarsa unrecognized,Girls,7,4,4,7,0,4,5,1,1,0,5,7,7,1,0,7,2,0,0,0,1,1
West Bengal,Rural,UPS (I-VIII),Madarsa unrecognized,Co-Ed,78,34,71,63,1,57,45,2,19,8,50,78,75,3,3,73,13,12,8,1,5,7
West Bengal,Urban,UPS (I-VIII),Madarsa unrecognized,Boys,2,0,2,2,0,1,2,0,0,0,2,2,2,0,0,2,0,0,0,0,0,0
West Bengal,Urban,UPS (I-VIII),Madarsa unrecognized,Co-Ed,2,2,2,2,0,1,1,0,0,0,1,2,2,1,1,2,1,0,0,0,0,1
West Bengal,Rural,UPS (VI-VIII),Madarsa unrecognized,Boys,1,1,1,1,0,1,1,0,0,1,1,1,1,0,0,1,0,0,0,0,0,0
West Bengal,Rural,UPS (VI-VIII),Madarsa unrecognized,Girls,1,1,1,1,0,1,1,0,1,0,0,1,1,0,0,1,0,0,0,0,0,0
West Bengal,Rural,UPS (VI-VIII),Madarsa unrecognized,Co-Ed,75,30,62,46,0,60,57,5,13,2,47,75,74,3,1,70,12,20,14,2,5,4
West Bengal,Urban,UPS (VI-VIII),Madarsa unrecognized,Boys,1,0,0,1,0,0,0,0,0,0,1,1,1,0,0,1,0,0,0,0,0,0
West Bengal,Urban,UPS (VI-VIII),Madarsa unrecognized,Girls,1,0,1,1,0,0,1,0,0,0,0,1,1,0,0,1,0,0,0,0,0,0
West Bengal,Urban,UPS (VI-VIII),Madarsa unrecognized,Co-Ed,5,2,4,5,0,4,2,1,2,0,4,5,5,0,0,3,1,3,2,0,0,0
West Bengal,Rural,PS (I-V),Ministry of Labor,Co-Ed,1,1,0,1,0,1,1,0,1,0,0,1,1,1,0,1,0,1,0,0,0,0
West Bengal,Rural,HSS (I-XII),Other Central Govt. Schools,Co-Ed,5,5,5,5,0,5,5,5,5,2,3,5,5,5,2,5,5,2,2,1,4,5
West Bengal,Urban,HSS (I-XII),Other Central Govt. Schools,Co-Ed,1,1,1,1,0,1,1,1,1,0,0,1,1,1,0,1,1,1,0,0,0,1
West Bengal,Rural,HSS (VI-XII),Other Central Govt. Schools,Co-Ed,2,2,1,2,0,2,2,1,2,0,2,2,2,1,0,2,1,1,1,0,1,2
West Bengal,Urban,HSS (VI-XII),Other Central Govt. Schools,Boys,1,1,1,1,0,1,1,0,0,0,1,1,1,1,0,1,1,1,0,0,1,1
West Bengal,Urban,HSS (VI-XII),Other Central Govt. Schools,Girls,1,1,1,1,0,1,1,0,0,0,1,1,1,1,0,1,0,1,0,0,1,1
West Bengal,Urban,HSS (VI-XII),Other Central Govt. Schools,Co-Ed,1,0,1,0,0,0,1,1,1,0,1,1,1,0,0,0,0,1,0,0,0,0
West Bengal,Rural,PS (I-V),Other Central Govt. Schools,Co-Ed,1,1,1,1,0,1,1,0,1,1,1,1,1,1,0,1,1,0,0,0,1,1
West Bengal,Urban,PS (I-V),Other Central Govt. Schools,Boys,1,0,0,1,0,1,1,0,0,0,1,1,1,0,0,0,0,1,0,0,0,0
West Bengal,Urban,PS (I-V),Other Central Govt. Schools,Girls,1,0,0,1,0,1,1,0,0,0,1,1,1,0,1,1,0,1,0,0,0,0
West Bengal,Urban,PS (I-V),Other Central Govt. Schools,Co-Ed,4,2,4,4,0,4,3,0,0,0,4,4,4,1,1,3,0,0,0,0,3,3
West Bengal,Urban,SS (I-X),Other Central Govt. Schools,Co-Ed,2,2,2,2,0,2,2,0,1,0,2,2,2,2,0,2,1,1,0,0,2,2
West Bengal,Rural,SS (VI-X),Other Central Govt. Schools,Co-Ed,1,1,1,1,0,1,1,0,0,0,1,1,1,0,0,1,0,1,1,0,0,1
West Bengal,Rural,HSS (I-XII),Other Govt. managed schools,Boys,1,1,1,1,1,0,1,0,1,0,0,1,1,1,0,1,0,1,1,1,1,1
West Bengal,Rural,HSS (I-XII),Other Govt. managed schools,Co-Ed,72,55,59,72,49,51,70,4,21,10,62,72,72,35,7,72,22,67,51,25,51,71
West Bengal,Urban,HSS (I-XII),Other Govt. managed schools,Boys,1,1,1,1,0,1,1,0,0,0,1,1,1,1,0,1,0,1,1,0,0,0
West Bengal,Urban,HSS (I-XII),Other Govt. managed schools,Co-Ed,12,10,11,12,8,8,12,0,7,4,12,12,12,7,0,12,6,12,6,5,8,12
West Bengal,Rural,HSS (VI-XII),Other Govt. managed schools,Girls,4,4,4,4,2,3,4,2,2,0,4,4,4,1,0,4,2,4,2,1,2,4
West Bengal,Rural,HSS (VI-XII),Other Govt. managed schools,Co-Ed,231,193,181,230,155,184,229,77,102,19,204,231,231,95,11,231,86,224,168,71,174,227
West Bengal,Urban,HSS (VI-XII),Other Govt. managed schools,Boys,1,1,0,1,0,0,1,0,1,0,1,1,1,1,0,1,0,1,1,1,0,1
West Bengal,Urban,HSS (VI-XII),Other Govt. managed schools,Girls,2,2,1,2,1,1,2,0,0,0,2,2,2,2,0,2,1,2,1,0,1,2
West Bengal,Urban,HSS (VI-XII),Other Govt. managed schools,Co-Ed,26,22,16,26,12,18,26,10,14,4,24,26,26,14,1,26,8,26,16,11,22,26
West Bengal,Rural,PS (I-V),Other Govt. managed schools,Co-Ed,10,6,7,10,0,7,5,0,1,2,7,10,10,5,0,10,7,8,6,1,2,4
West Bengal,Urban,PS (I-V),Other Govt. managed schools,Co-Ed,13,7,10,13,2,9,4,0,4,1,12,13,13,10,1,13,4,11,4,0,5,7
West Bengal,Rural,SS (I-X),Other Govt. managed schools,Girls,1,1,1,1,1,0,1,0,0,1,1,1,1,1,0,1,1,1,0,0,1,1
West Bengal,Rural,SS (I-X),Other Govt. managed schools,Co-Ed,30,22,23,29,21,19,29,0,5,2,28,30,30,7,0,30,9,30,24,10,17,26
West Bengal,Urban,SS (I-X),Other Govt. managed schools,Co-Ed,14,10,5,14,3,11,13,0,8,2,13,14,14,11,0,14,3,13,7,0,9,12
West Bengal,Rural,SS (VI-X),Other Govt. managed schools,Boys,1,1,1,1,0,1,1,0,1,0,1,1,1,0,0,1,0,0,0,1,1,1
West Bengal,Rural,SS (VI-X),Other Govt. managed schools,Girls,13,10,8,12,3,8,13,0,2,1,13,13,13,5,0,13,3,11,5,3,7,9
West Bengal,Rural,SS (VI-X),Other Govt. managed schools,Co-Ed,125,81,102,124,15,97,124,1,28,7,112,125,125,35,6,124,53,119,88,40,82,119
West Bengal,Urban,SS (VI-X),Other Govt. managed schools,Girls,5,4,2,5,0,2,5,0,0,0,4,5,5,3,0,5,1,3,1,0,2,5
West Bengal,Urban,SS (VI-X),Other Govt. managed schools,Co-Ed,9,8,6,9,0,6,9,0,2,0,8,9,9,5,2,9,3,9,4,4,7,9
West Bengal,Rural,UPS (I-VIII),Other Govt. managed schools,Co-Ed,26,15,24,25,1,20,15,3,11,6,24,26,26,13,1,26,9,23,19,4,11,16
West Bengal,Urban,UPS (I-VIII),Other Govt. managed schools,Girls,1,1,1,1,0,1,1,0,0,0,1,1,1,0,0,1,1,1,1,0,0,0
West Bengal,Urban,UPS (I-VIII),Other Govt. managed schools,Co-Ed,21,11,13,21,0,14,9,1,4,3,17,21,21,14,0,21,8,14,9,6,7,10
West Bengal,Rural,UPS (VI-VIII),Other Govt. managed schools,Girls,33,5,17,33,2,16,26,1,3,1,25,33,33,8,0,30,7,23,13,3,6,17
West Bengal,Rural,UPS (VI-VIII),Other Govt. managed schools,Co-Ed,37,13,28,32,0,25,30,0,5,0,29,36,36,5,1,36,10,24,15,8,10,17
West Bengal,Urban,UPS (VI-VIII),Other Govt. managed schools,Co-Ed,4,1,2,4,0,2,3,0,0,0,4,4,4,1,0,3,1,3,1,0,1,2
West Bengal,Rural,HSS (I-XII),Private Unaided (Recognized),Boys,2,1,2,2,1,1,2,0,1,1,1,2,2,1,0,2,0,0,0,0,0,0
West Bengal,Rural,HSS (I-XII),Private Unaided (Recognized),Girls,5,2,3,5,0,3,3,1,2,1,3,5,5,2,0,5,1,1,1,0,3,2
West Bengal,Rural,HSS (I-XII),Private Unaided (Recognized),Co-Ed,174,166,151,174,24,171,170,147,157,64,158,174,174,152,40,174,80,93,57,11,139,166
West Bengal,Urban,HSS (I-XII),Private Unaided (Recognized),Boys,15,15,10,15,3,14,15,13,14,4,14,15,15,13,4,15,1,7,3,0,13,14
West Bengal,Urban,HSS (I-XII),Private Unaided (Recognized),Girls,33,33,13,33,11,31,33,32,32,9,28,33,33,32,4,33,14,9,4,0,28,32
West Bengal,Urban,HSS (I-XII),Private Unaided (Recognized),Co-Ed,238,230,136,236,36,228,230,196,209,58,211,238,237,213,39,238,97,102,55,5,207,230
West Bengal,Rural,HSS (IX-XII),Private Unaided (Recognized),Co-Ed,1,1,1,1,0,1,1,0,1,1,1,1,1,1,0,1,1,0,0,0,0,1
West Bengal,Rural,HSS (VI-XII),Private Unaided (Recognized),Boys,2,1,1,2,0,2,2,1,2,0,0,2,2,0,0,2,1,0,0,0,0,0
West Bengal,Rural,HSS (VI-XII),Private Unaided (Recognized),Girls,3,2,3,3,1,3,3,2,3,2,3,3,3,2,1,3,3,2,0,2,2,3
West Bengal,Rural,HSS (VI-XII),Private Unaided (Recognized),Co-Ed,14,11,14,14,3,14,12,4,10,3,13,14,14,11,2,14,6,5,3,3,13,14
West Bengal,Urban,HSS (VI-XII),Private Unaided (Recognized),Boys,1,0,0,1,0,0,1,1,1,0,1,1,1,1,0,1,0,0,0,0,1,1
West Bengal,Urban,HSS (VI-XII),Private Unaided (Recognized),Girls,4,3,2,4,0,3,4,1,3,0,4,4,4,4,0,4,2,2,1,1,4,4
West Bengal,Urban,HSS (VI-XII),Private Unaided (Recognized),Co-Ed,21,19,9,21,0,19,21,13,17,4,19,21,21,16,2,21,6,8,4,1,19,20
West Bengal,Rural,HSS (XI-XII),Private Unaided (Recognized),Co-Ed,1,1,1,1,0,1,1,1,0,1,0,1,1,1,0,1,0,1,1,0,0,1
West Bengal,Urban,HSS (XI-XII),Private Unaided (Recognized),Girls,2,2,1,2,0,2,2,1,1,1,1,2,2,2,0,2,0,0,0,0,1,2
West Bengal,Urban,HSS (XI-XII),Private Unaided (Recognized),Co-Ed,6,6,1,6,0,5,6,3,4,1,6,6,6,5,0,6,3,2,1,0,6,6
West Bengal,Rural,PS (I-V),Private Unaided (Recognized),Boys,11,5,9,9,0,8,7,0,2,1,3,11,11,1,0,11,2,1,0,0,0,2
West Bengal,Rural,PS (I-V),Private Unaided (Recognized),Girls,8,3,4,7,0,4,3,0,2,0,3,8,8,0,0,8,2,0,0,0,0,1
West Bengal,Rural,PS (I-V),Private Unaided (Recognized),Co-Ed,5973,3143,4051,5339,91,3883,2621,198,1286,285,4401,5955,5859,1164,204,5520,1054,1234,372,133,1006,1506
West Bengal,Urban,PS (I-V),Private Unaided (Recognized),Boys,7,5,2,7,0,7,7,2,5,2,7,7,7,3,1,7,0,1,0,0,3,3
West Bengal,Urban,PS (I-V),Private Unaided (Recognized),Girls,10,6,5,10,1,6,10,0,4,0,7,10,10,5,0,10,4,2,0,0,4,8
West Bengal,Urban,PS (I-V),Private Unaided (Recognized),Co-Ed,1029,637,519,978,25,658,544,39,291,39,851,1028,1017,393,44,966,180,274,48,15,279,408
West Bengal,Rural,SS (I-X),Private Unaided (Recognized),Boys,9,8,7,9,0,9,8,2,6,0,6,9,9,3,1,9,1,1,0,0,2,5
West Bengal,Rural,SS (I-X),Private Unaided (Recognized),Girls,2,2,1,2,0,2,1,1,1,0,0,2,2,0,0,2,0,0,0,0,0,0
West Bengal,Rural,SS (I-X),Private Unaided (Recognized),Co-Ed,227,199,196,219,17,206,185,103,160,63,201,227,226,157,53,223,91,93,43,19,140,186
West Bengal,Urban,SS (I-X),Private Unaided (Recognized),Boys,1,1,1,1,0,1,1,0,1,0,1,1,1,1,0,1,0,1,0,0,1,1
West Bengal,Urban,SS (I-X),Private Unaided (Recognized),Girls,7,7,2,7,0,5,7,3,7,2,6,7,7,6,2,7,4,3,0,0,5,7
West Bengal,Urban,SS (I-X),Private Unaided (Recognized),Co-Ed,124,119,84,123,8,113,113,67,97,24,117,124,122,95,23,123,43,54,19,7,95,113
West Bengal,Rural,SS (VI-X),Private Unaided (Recognized),Boys,11,11,6,11,0,9,8,3,9,2,8,11,11,6,0,10,0,3,0,0,3,4
West Bengal,Rural,SS (VI-X),Private Unaided (Recognized),Girls,6,5,5,6,0,6,6,1,5,2,6,6,6,4,0,6,5,2,0,1,2,5
West Bengal,Rural,SS (VI-X),Private Unaided (Recognized),Co-Ed,48,30,38,40,0,41,36,8,28,8,44,48,44,16,1,45,15,17,6,2,15,23
West Bengal,Urban,SS (VI-X),Private Unaided (Recognized),Boys,1,0,1,1,0,1,1,0,1,0,1,1,1,1,0,1,0,0,0,0,1,1
West Bengal,Urban,SS (VI-X),Private Unaided (Recognized),Girls,4,2,2,4,1,4,4,3,4,0,3,4,4,3,0,4,1,0,0,0,3,4
West Bengal,Urban,SS (VI-X),Private Unaided (Recognized),Co-Ed,22,20,16,21,2,19,20,6,13,4,22,22,21,16,2,21,10,8,2,1,15,18
West Bengal,Rural,UPS (I-VIII),Private Unaided (Recognized),Boys,24,13,21,21,1,16,14,1,7,2,20,24,23,3,0,21,1,3,0,0,5,4
West Bengal,Rural,UPS (I-VIII),Private Unaided (Recognized),Girls,15,11,14,14,0,10,9,4,6,3,6,15,15,6,0,13,6,2,2,2,4,5
West Bengal,Rural,UPS (I-VIII),Private Unaided (Recognized),Co-Ed,900,662,713,847,34,719,587,139,427,147,718,899,891,339,72,862,243,268,115,55,380,527
West Bengal,Urban,UPS (I-VIII),Private Unaided (Recognized),Girls,2,2,1,2,0,1,2,2,1,0,2,2,2,1,0,2,1,1,0,0,0,1
West Bengal,Urban,UPS (I-VIII),Private Unaided (Recognized),Co-Ed,206,164,122,205,6,147,148,43,112,21,177,206,206,116,18,198,48,67,25,11,108,148
West Bengal,Rural,UPS (VI-VIII),Private Unaided (Recognized),Boys,10,9,8,9,1,10,9,5,8,5,10,10,10,8,0,9,2,4,0,2,7,9
West Bengal,Rural,UPS (VI-VIII),Private Unaided (Recognized),Girls,26,11,23,23,1,18,19,2,8,4,24,26,26,6,1,26,8,9,4,4,4,7
West Bengal,Rural,UPS (VI-VIII),Private Unaided (Recognized),Co-Ed,479,162,446,403,10,357,244,14,88,28,390,474,479,43,14,446,107,203,101,53,35,59
West Bengal,Urban,UPS (VI-VIII),Private Unaided (Recognized),Boys,1,1,1,1,0,1,1,0,1,0,1,1,1,1,0,1,0,1,0,0,1,1
West Bengal,Urban,UPS (VI-VIII),Private Unaided (Recognized),Girls,10,8,2,10,1,6,7,0,4,1,8,10,10,3,1,9,3,3,0,0,2,4
West Bengal,Urban,UPS (VI-VIII),Private Unaided (Recognized),Co-Ed,55,30,32,45,1,29,38,4,14,5,49,55,54,10,1,49,7,20,4,5,9,16
West Bengal,Rural,HSS (I-XII),Railway School,Girls,2,2,2,2,1,2,2,1,2,0,2,2,2,2,1,2,2,1,0,0,2,2
West Bengal,Rural,HSS (I-XII),Railway School,Co-Ed,2,2,2,2,2,2,2,0,2,0,2,2,2,2,0,2,1,2,1,0,2,2
West Bengal,Urban,HSS (I-XII),Railway School,Co-Ed,3,3,3,3,0,3,3,3,3,0,3,3,3,3,1,3,3,1,0,0,3,3
West Bengal,Rural,HSS (VI-XII),Railway School,Boys,2,2,1,2,1,1,2,2,1,0,2,2,2,1,1,2,0,2,0,0,2,2
West Bengal,Rural,HSS (VI-XII),Railway School,Girls,2,2,2,2,2,2,2,0,0,0,2,2,2,2,0,2,1,2,0,0,0,0
West Bengal,Urban,HSS (VI-XII),Railway School,Co-Ed,1,1,1,1,0,1,1,0,1,0,1,1,1,0,0,1,0,1,1,0,1,1
West Bengal,Rural,PS (I-V),Railway School,Co-Ed,1,1,1,1,0,1,1,0,0,0,1,1,1,0,0,1,0,1,0,0,1,0
West Bengal,Urban,PS (I-V),Railway School,Co-Ed,1,1,1,1,0,1,1,0,1,0,1,1,1,0,0,1,0,1,1,0,1,1
West Bengal,Rural,SS (I-X),Railway School,Co-Ed,2,2,2,2,0,2,2,1,1,0,1,2,2,1,0,2,1,2,0,0,2,2
West Bengal,Urban,SS (I-X),Railway School,Co-Ed,1,1,0,1,0,1,1,1,1,0,1,1,1,1,0,1,0,0,0,0,1,1
West Bengal,Urban,SS (VI-X),Railway School,Co-Ed,1,1,1,1,0,1,1,0,0,0,1,1,1,0,0,1,1,0,0,0,1,1
West Bengal,Rural,HSS (VI-XII),Sainik School,Co-Ed,1,1,1,1,1,1,1,1,1,0,1,1,1,1,0,1,1,0,0,0,1,1
West Bengal,Urban,PS (I-V),Sainik School,Co-Ed,1,1,1,1,0,1,1,0,0,0,1,1,1,1,0,1,1,1,1,0,1,1
West Bengal,Urban,HSS (I-XII),Social welfare Department,Co-Ed,1,0,1,1,1,1,1,0,1,1,1,1,1,1,0,1,0,0,0,1,0,1
West Bengal,Rural,HSS (VI-XII),Social welfare Department,Co-Ed,1,1,1,1,1,1,1,0,1,1,1,1,1,1,0,1,1,0,0,1,1,1
West Bengal,Rural,PS (I-V),Social welfare Department,Co-Ed,5,4,5,5,0,2,2,0,1,1,4,5,5,2,0,4,0,4,1,1,0,2
West Bengal,Urban,PS (I-V),Social welfare Department,Boys,1,0,0,1,0,1,1,0,0,0,1,1,1,0,0,1,0,1,0,0,0,0
West Bengal,Urban,PS (I-V),Social welfare Department,Co-Ed,1,1,0,1,0,1,0,0,0,0,1,1,1,1,0,1,0,1,0,0,1,1
West Bengal,Urban,SS (I-X),Social welfare Department,Girls,1,0,1,1,0,1,1,0,1,0,1,1,1,0,0,1,0,1,0,1,0,0
West Bengal,Urban,SS (VI-X),Social welfare Department,Co-Ed,1,0,1,1,0,1,1,0,0,0,1,1,1,0,0,1,0,0,0,0,1,1
West Bengal,Rural,UPS (I-VIII),Social welfare Department,Co-Ed,1,1,1,1,0,0,1,0,0,0,1,1,1,0,0,1,0,1,0,0,0,1
West Bengal,Urban,UPS (I-VIII),Social welfare Department,Boys,1,1,0,1,0,1,1,0,1,1,1,1,1,1,0,1,0,1,1,1,1,1
West Bengal,Urban,UPS (I-VIII),Social welfare Department,Co-Ed,1,0,0,1,0,1,0,0,0,0,1,1,1,1,0,1,1,1,1,0,0,0
West Bengal,Rural,HSS (I-XII),Tribal Welfare Department,Girls,1,1,1,1,1,1,1,0,0,0,1,1,1,0,0,1,0,0,0,0,0,0
West Bengal,Rural,HSS (VI-XII),Tribal Welfare Department,Co-Ed,5,5,5,5,2,5,5,3,3,3,5,5,5,4,1,5,3,2,0,3,5,5
West Bengal,Urban,HSS (VI-XII),Tribal Welfare Department,Co-Ed,1,1,1,1,1,1,1,1,1,1,1,1,1,1,0,1,1,1,1,0,1,1
West Bengal,Rural,PS (I-V),Tribal Welfare Department,Boys,1,1,1,1,0,1,1,0,0,0,1,1,1,1,0,1,0,0,0,1,0,0
West Bengal,Urban,PS (I-V),Tribal Welfare Department,Co-Ed,1,1,0,1,0,1,0,0,0,0,1,1,1,1,1,1,0,1,0,0,0,0
West Bengal,Rural,SS (I-X),Tribal Welfare Department,Co-Ed,1,1,0,1,0,1,1,0,1,0,1,1,1,1,0,1,1,0,0,0,1,1
West Bengal,Rural,SS (VI-X),Tribal Welfare Department,Co-Ed,1,1,1,1,0,1,1,0,1,0,1,1,1,1,0,1,0,1,0,1,1,1
West Bengal,Rural,UPS (I-VIII),Tribal Welfare Department,Co-Ed,3,2,2,3,0,2,2,0,0,1,3,3,3,3,1,3,0,1,0,1,1,2
West Bengal,Urban,UPS (I-VIII),Tribal Welfare Department,Girls,1,1,1,1,0,1,0,0,0,0,1,1,1,1,0,1,0,0,0,0,0,0
West Bengal,Urban,UPS (I-VIII),Tribal Welfare Department,Co-Ed,2,2,2,2,0,1,1,1,0,0,2,2,2,0,0,2,0,2,2,0,2,2
West Bengal,Rural,HSS (I-XII),Unrecognized,Girls,1,1,1,1,0,1,1,0,1,1,1,1,1,0,0,1,0,0,0,0,0,1
West Bengal,Rural,HSS (I-XII),Unrecognized,Co-Ed,1,0,1,1,0,1,1,0,1,0,1,1,1,0,0,1,0,1,1,0,0,0
West Bengal,Urban,HSS (I-XII),Unrecognized,Co-Ed,5,5,2,5,0,4,5,3,3,1,4,5,5,4,0,5,3,2,0,0,3,4
West Bengal,Urban,HSS (VI-XII),Unrecognized,Boys,1,1,1,1,0,1,1,1,1,0,1,1,1,1,0,1,0,1,1,0,1,1
West Bengal,Urban,HSS (VI-XII),Unrecognized,Co-Ed,1,1,1,1,0,1,1,0,0,0,1,1,1,0,0,1,1,1,0,0,0,1
West Bengal,Rural,PS (I-V),Unrecognized,Boys,2,1,2,2,0,2,2,0,0,0,2,2,2,1,1,2,0,0,0,1,1,1
West Bengal,Rural,PS (I-V),Unrecognized,Co-Ed,839,388,581,739,18,549,464,21,165,25,528,816,822,148,24,767,166,142,49,12,120,226
West Bengal,Urban,PS (I-V),Unrecognized,Boys,1,0,0,1,0,1,1,0,1,0,0,1,1,1,0,1,0,0,0,0,1,1
West Bengal,Urban,PS (I-V),Unrecognized,Co-Ed,214,128,112,205,1,140,112,7,57,10,176,213,209,68,10,193,53,52,16,5,53,88
West Bengal,Rural,SS (I-X),Unrecognized,Boys,1,0,1,1,0,0,0,0,0,0,0,1,1,0,0,1,0,0,0,0,0,0
West Bengal,Rural,SS (I-X),Unrecognized,Co-Ed,7,7,7,7,0,6,4,2,5,1,5,7,7,3,2,7,1,3,2,0,3,3
West Bengal,Urban,SS (I-X),Unrecognized,Co-Ed,10,9,7,9,0,8,7,3,3,1,9,10,10,6,2,10,3,4,1,0,6,8
West Bengal,Rural,SS (VI-X),Unrecognized,Co-Ed,2,1,2,2,0,2,2,0,1,1,2,2,2,0,1,2,0,0,0,0,0,1
West Bengal,Urban,SS (VI-X),Unrecognized,Girls,2,0,1,2,0,0,2,0,0,0,2,2,2,0,0,2,0,1,1,0,1,1
West Bengal,Rural,UPS (I-VIII),Unrecognized,Boys,1,1,0,1,0,0,1,0,1,0,0,1,1,1,0,1,0,0,0,0,0,1
West Bengal,Rural,UPS (I-VIII),Unrecognized,Girls,2,0,2,2,0,2,1,0,1,1,2,2,2,1,0,2,1,0,0,0,0,1
West Bengal,Rural,UPS (I-VIII),Unrecognized,Co-Ed,94,64,67,90,6,77,58,10,41,14,65,93,93,34,7,80,20,25,8,3,30,50
West Bengal,Urban,UPS (I-VIII),Unrecognized,Boys,1,0,0,1,0,1,0,0,0,0,1,1,1,0,0,1,0,1,1,0,0,0
West Bengal,Urban,UPS (I-VIII),Unrecognized,Girls,1,1,0,1,0,0,0,0,0,0,1,1,1,0,0,1,0,1,0,1,0,0
West Bengal,Urban,UPS (I-VIII),Unrecognized,Co-Ed,34,29,16,34,0,29,18,7,20,4,31,34,34,18,2,33,10,14,2,1,17,25
West Bengal,Rural,UPS (VI-VIII),Unrecognized,Boys,2,2,2,2,0,2,2,1,1,1,2,2,2,2,0,2,1,2,0,0,1,1
West Bengal,Rural,UPS (VI-VIII),Unrecognized,Girls,1,0,1,0,0,1,1,0,0,0,0,1,1,0,0,1,0,0,0,0,0,0
West Bengal,Rural,UPS (VI-VIII),Unrecognized,Co-Ed,14,9,13,11,0,9,10,0,3,2,8,14,14,2,0,13,0,5,2,1,4,2
West Bengal,Urban,UPS (VI-VIII),Unrecognized,Boys,1,1,0,1,0,1,1,0,0,0,0,1,1,0,0,1,0,0,0,0,0,0
West Bengal,Urban,UPS (VI-VIII),Unrecognized,Girls,1,1,0,1,0,0,0,0,0,0,1,1,1,0,0,1,0,0,0,0,0,0
West Bengal,Urban,UPS (VI-VIII),Unrecognized,Co-Ed,9,7,4,7,0,5,7,1,3,0,7,9,8,4,0,8,2,6,4,1,1,2
All India,Rural,HSS (I-XII),Central Tibetan School,Co-Ed,4,4,2,4,0,4,4,3,4,2,4,4,4,4,0,4,2,3,2,2,4,4
All India,Urban,HSS (I-XII),Central Tibetan School,Co-Ed,4,3,3,4,3,4,4,3,4,4,4,4,4,4,3,4,1,3,2,2,4,4
All India,Urban,HSS (IX-XII),Central Tibetan School,Co-Ed,1,1,1,1,0,1,1,1,1,0,1,1,1,1,0,1,0,1,0,0,1,1
All India,Rural,HSS (VI-XII),Central Tibetan School,Co-Ed,1,1,1,1,0,1,1,1,1,1,1,1,1,1,1,1,0,1,0,1,1,1
All India,Urban,HSS (VI-XII),Central Tibetan School,Co-Ed,1,1,1,1,0,1,1,0,1,1,1,1,1,1,0,1,1,1,0,0,1,1
All India,Rural,PS (I-V),Central Tibetan School,Co-Ed,3,3,2,3,1,3,3,1,3,2,3,3,3,3,0,3,0,1,1,0,3,3
All India,Rural,SS (I-X),Central Tibetan School,Co-Ed,3,3,2,3,0,2,3,1,2,0,3,3,3,2,1,3,0,2,2,2,3,3
All India,Urban,SS (I-X),Central Tibetan School,Co-Ed,1,1,1,1,0,1,1,1,1,0,1,1,1,1,0,1,0,0,0,0,1,1
All India,Rural,UPS (I-VIII),Central Tibetan School,Co-Ed,2,2,2,2,1,2,2,0,1,0,2,2,2,2,0,2,0,0,0,1,0,2
All India,Rural,HSS (I-XII),Department of Education,Boys,70,56,44,70,12,65,65,14,63,18,56,70,61,37,18,69,4,24,10,32,50,68
All India,Urban,HSS (I-XII),Department of Education,Boys,186,172,102,186,76,177,182,114,164,48,172,185,178,163,120,184,6,159,131,74,178,184
All India,Rural,HSS (I-XII),Department of Education,Girls,525,424,374,525,76,455,509,163,489,208,479,518,508,251,167,522,355,421,290,328,421,520
All India,Urban,HSS (I-XII),Department of Education,Girls,536,495,319,534,111,465,525,242,473,170,509,534,528,353,263,534,366,481,333,244,483,531
All India,Rural,HSS (I-XII),Department of Education,Co-Ed,14194,10116,12650,14067,1888,12924,13484,2513,12042,5080,12442,14019,13950,3586,5216,13842,5465,13200,9652,7709,10156,13113
All India,Urban,HSS (I-XII),Department of Education,Co-Ed,1418,1280,1036,1415,301,1299,1392,566,1208,473,1336,1410,1399,853,761,1404,690,1323,934,678,1211,1401
All India,Rural,HSS (IX-XII),Department of Education,Boys,59,50,55,58,10,58,59,26,53,7,52,59,59,15,21,59,5,55,34,28,28,57
All India,Urban,HSS (IX-XII),Department of Education,Boys,194,179,167,193,60,180,188,56,175,37,179,193,193,102,63,190,24,174,114,75,148,188
All India,Rural,HSS (IX-XII),Department of Education,Girls,390,266,313,377,69,305,343,81,314,53,346,390,387,109,81,353,124,280,176,126,121,304
All India,Urban,HSS (IX-XII),Department of Education,Girls,511,433,378,509,108,412,490,148,459,99,480,511,509,254,155,495,216,447,291,227,304,475
All India,Rural,HSS (IX-XII),Department of Education,Co-Ed,9556,5479,7325,9216,1523,7244,7005,2003,6227,1695,8449,9488,9341,2103,3049,8658,3654,7114,4419,3346,3141,6202
All India,Urban,HSS (IX-XII),Department of Education,Co-Ed,1102,926,893,1094,211,972,1069,317,981,263,1023,1099,1094,550,365,1041,399,953,642,457,656,1005
All India,Rural,HSS (VI-XII),Department of Education,Boys,315,290,251,312,57,305,315,42,231,127,304,315,314,168,154,311,37,292,236,222,280,310
All India,Urban,HSS (VI-XII),Department of Education,Boys,931,878,608,931,259,859,926,411,750,258,896,931,929,658,471,923,70,889,680,466,894,921
All India,Rural,HSS (VI-XII),Department of Education,Girls,1709,1424,1233,1686,615,1425,1663,192,1240,747,1571,1700,1675,976,524,1691,1110,1360,1038,986,1327,1669
All India,Urban,HSS (VI-XII),Department of Education,Girls,1586,1470,874,1581,456,1303,1572,445,1198,538,1507,1583,1574,1140,611,1575,947,1408,1050,747,1457,1576
All India,Rural,HSS (VI-XII),Department of Education,Co-Ed,14990,12524,12906,14853,3474,13972,14635,2309,10169,5833,14078,14909,14822,7136,4646,14806,7552,13345,10585,8336,12309,14679
All India,Urban,HSS (VI-XII),Department of Education,Co-Ed,2142,1968,1584,2133,541,1918,2092,485,1562,681,1968,2138,2121,1326,775,2105,965,1946,1412,1134,1917,2118
All India,Rural,HSS (XI-XII),Department of Education,Boys,13,12,11,13,3,12,13,7,13,5,12,13,13,7,6,13,0,4,0,9,12,12
All India,Urban,HSS (XI-XII),Department of Education,Boys,30,26,20,30,3,27,28,13,25,4,29,29,24,10,3,19,1,18,11,10,25,29
All India,Rural,HSS (XI-XII),Department of Education,Girls,30,24,19,30,4,23,25,8,27,4,28,30,30,12,8,28,8,16,13,20,21,27
All India,Urban,HSS (XI-XII),Department of Education,Girls,150,122,90,148,11,121,138,61,112,11,131,146,138,76,27,139,35,91,54,53,114,136
All India,Rural,HSS (XI-XII),Department of Education,Co-Ed,1399,1011,1074,1333,110,1138,1227,365,891,108,1192,1305,1285,492,245,1146,348,868,462,563,758,1229
All India,Urban,HSS (XI-XII),Department of Education,Co-Ed,714,591,502,700,78,584,626,266,489,48,559,679,659,341,131,580,173,477,255,167,478,627
All India,Rural,PS (I-V),Department of Education,Boys,1425,740,1005,1305,198,1126,1385,60,253,624,689,1403,1392,192,243,1371,1,1214,786,546,286,787
All India,Urban,PS (I-V),Department of Education,Boys,324,145,153,307,20,250,307,12,54,83,207,315,315,83,36,308,6,276,158,90,48,122
All India,Rural,PS (I-V),Department of Education,Girls,1838,870,1151,1621,188,1299,1744,77,337,644,883,1797,1786,239,274,1755,24,1486,919,721,322,831
All India,Urban,PS (I-V),Department of Education,Girls,485,236,209,465,36,365,467,10,86,113,324,479,476,149,60,474,36,430,248,137,91,180
All India,Rural,PS (I-V),Department of Education,Co-Ed,433268,189338,291361,358050,26859,289843,389292,13443,69804,126699,233112,418751,416116,69857,59456,404064,6481,350809,248768,156065,49270,92242
All India,Urban,PS (I-V),Department of Education,Co-Ed,28652,12297,12581,25765,1421,17086,26209,588,5087,6342,18528,27727,27600,6647,4629,27035,714,22338,13655,9257,3381,7724
All India,Rural,SS (I-X),Department of Education,Boys,153,127,90,153,28,138,143,33,116,69,117,153,144,74,39,151,10,64,48,75,95,144
All India,Urban,SS (I-X),Department of Education,Boys,111,100,40,111,15,94,103,19,90,30,88,111,103,76,29,108,9,51,32,39,83,105
All India,Rural,SS (I-X),Department of Education,Girls,523,386,335,522,83,418,499,46,466,151,400,514,504,150,133,518,246,386,249,272,375,499
All India,Urban,SS (I-X),Department of Education,Girls,212,177,95,211,38,163,197,33,170,42,166,210,201,111,49,209,110,124,78,93,152,198
All India,Rural,SS (I-X),Department of Education,Co-Ed,14149,8977,11950,13520,1847,11657,13062,616,9219,5178,11495,13821,13755,3400,2999,13480,3503,12403,8663,6698,4963,11428
All India,Urban,SS (I-X),Department of Education,Co-Ed,1265,1009,869,1254,209,1045,1197,81,931,439,1131,1245,1230,532,293,1227,362,1119,773,600,660,1182
All India,Rural,SS (IX-X),Department of Education,Boys,29,20,26,29,3,27,28,3,24,2,27,29,29,14,5,26,2,20,10,19,11,28
All India,Urban,SS (IX-X),Department of Education,Boys,42,30,31,42,5,36,37,5,33,4,38,42,39,15,6,40,7,31,18,23,21,41
All India,Rural,SS (IX-X),Department of Education,Girls,228,144,181,223,21,182,214,15,166,45,212,223,223,77,45,216,70,157,110,142,78,201
All India,Urban,SS (IX-X),Department of Education,Girls,152,109,86,151,25,116,146,17,127,31,140,152,149,73,36,143,59,124,87,79,61,146
All India,Rural,SS (IX-X),Department of Education,Co-Ed,10487,7039,8706,9505,1007,8959,9802,661,6961,2053,8953,10250,10147,3075,2743,9594,3328,8280,5536,6138,3275,8846
All India,Urban,SS (IX-X),Department of Education,Co-Ed,812,593,548,805,92,680,785,54,654,160,751,802,802,382,216,728,277,645,408,467,319,766
All India,Rural,SS (VI-X),Department of Education,Boys,139,112,124,138,22,135,138,6,95,67,133,135,138,54,29,139,11,118,77,80,104,136
All India,Urban,SS (VI-X),Department of Education,Boys,271,237,138,271,24,198,264,39,169,49,242,268,269,169,50,268,15,244,129,77,240,256
All India,Rural,SS (VI-X),Department of Education,Girls,1312,977,1014,1304,351,1101,1252,44,791,553,1160,1303,1268,618,264,1290,620,1044,768,730,793,1258
All India,Urban,SS (VI-X),Department of Education,Girls,624,483,310,624,91,462,611,39,313,183,545,618,615,389,117,617,228,545,323,222,491,586
All India,Rural,SS (VI-X),Department of Education,Co-Ed,11811,9146,9450,11570,1532,10372,11484,322,6523,5059,10956,11655,11592,5643,3585,11566,5220,10350,8532,7384,7618,10983
All India,Urban,SS (VI-X),Department of Education,Co-Ed,1566,1252,972,1557,195,1240,1526,58,922,417,1442,1537,1511,771,501,1538,557,1344,908,827,1118,1514
All India,Rural,UPS (I-VIII),Department of Education,Boys,441,258,295,425,62,372,422,15,274,127,315,433,431,126,85,395,52,393,309,261,75,274
All India,Urban,UPS (I-VIII),Department of Education,Boys,194,121,105,188,18,153,171,6,117,42,129,191,189,54,38,182,26,149,113,95,31,98
All India,Rural,UPS (I-VIII),Department of Education,Girls,2194,1613,1428,2120,235,1678,2082,77,1695,614,1280,2147,2129,305,627,2116,595,1797,1160,1027,907,1281
All India,Urban,UPS (I-VIII),Department of Education,Girls,531,353,261,523,52,369,506,28,327,103,361,526,524,126,87,503,139,426,266,215,129,257
All India,Rural,UPS (I-VIII),Department of Education,Co-Ed,137856,82548,96616,124275,12690,97887,126237,5047,59661,41315,92987,134965,133933,24266,26699,128432,35091,120579,86099,59470,23634,47077
All India,Urban,UPS (I-VIII),Department of Education,Co-Ed,10823,6870,5495,10348,987,7321,10126,342,5150,2520,8247,10649,10593,3420,2418,10149,2742,9097,6439,4866,1919,5378
All India,Rural,UPS (VI-VIII),Department of Education,Boys,357,234,297,328,33,315,353,17,107,186,261,353,354,36,98,351,26,309,207,188,85,256
All India,Urban,UPS (VI-VIII),Department of Education,Boys,206,129,147,203,8,166,202,12,76,67,158,205,202,45,46,202,9,174,112,96,48,141
All India,Rural,UPS (VI-VIII),Department of Education,Girls,2287,1427,1725,2132,660,1846,2084,189,967,955,1874,2242,2230,921,403,2206,1091,1474,1035,1132,832,1525
All India,Urban,UPS (VI-VIII),Department of Education,Girls,513,344,312,495,128,404,485,46,261,232,402,512,510,223,124,501,233,383,253,243,199,392
All India,Rural,UPS (VI-VIII),Department of Education,Co-Ed,58619,38971,46388,48513,3318,46782,55041,1990,8267,21425,43718,56708,55830,6953,8878,55189,17720,48314,34818,26541,10989,23548
All India,Urban,UPS (VI-VIII),Department of Education,Co-Ed,2416,1624,1524,2232,128,1824,2268,76,504,1011,2102,2354,2316,582,503,2282,646,2041,1383,1031,523,1658
All India,Rural,HSS (I-XII),Government Aided,Boys,15,14,15,15,5,15,14,1,14,9,15,15,15,12,5,14,2,10,8,9,13,14
All India,Urban,HSS (I-XII),Government Aided,Boys,54,52,29,54,9,54,52,27,48,11,54,54,54,39,23,52,7,42,32,21,50,53
All India,Rural,HSS (I-XII),Government Aided,Girls,35,35,27,34,6,32,35,13,30,14,35,35,35,22,17,35,23,31,23,23,31,35
All India,Urban,HSS (I-XII),Government Aided,Girls,341,328,173,340,56,295,322,137,304,97,333,340,338,222,117,339,177,277,179,139,301,324
All India,Rural,HSS (I-XII),Government Aided,Co-Ed,3301,3204,3080,3262,606,3251,3208,726,3047,1573,3122,3285,3263,1263,1394,3260,1494,3035,2547,2318,2471,3192
All India,Urban,HSS (I-XII),Government Aided,Co-Ed,2090,2048,1366,2080,317,2015,2031,853,1889,750,2003,2082,2081,1399,713,2068,955,1794,1335,934,1853,2055
All India,Rural,HSS (IX-XII),Government Aided,Boys,24,20,20,23,4,24,24,10,22,5,23,24,23,13,6,22,1,14,9,12,19,22
All India,Urban,HSS (IX-XII),Government Aided,Boys,76,73,54,75,11,68,72,25,70,7,72,75,75,39,23,73,14,59,33,33,63,71
All India,Rural,HSS (IX-XII),Government Aided,Girls,77,67,60,76,7,74,76,8,71,23,71,77,77,41,18,74,46,52,29,52,69,76
All India,Urban,HSS (IX-XII),Government Aided,Girls,251,235,155,251,33,239,245,84,235,50,234,251,251,182,82,243,116,179,101,138,236,248
All India,Rural,HSS (IX-XII),Government Aided,Co-Ed,2707,2425,2346,2638,286,2594,2594,519,2466,584,2386,2693,2684,1168,547,2408,1021,1745,1056,1772,2166,2553
All India,Urban,HSS (IX-XII),Government Aided,Co-Ed,1004,949,638,996,158,938,961,380,923,166,872,1001,996,623,302,956,385,755,488,460,864,951
All India,Rural,HSS (VI-XII),Government Aided,Boys,73,69,60,70,16,69,68,14,49,21,73,72,72,38,26,73,10,41,22,47,61,67
All India,Urban,HSS (VI-XII),Government Aided,Boys,384,366,232,380,65,364,351,106,281,99,366,383,379,259,206,378,44,278,136,213,331,367
All India,Rural,HSS (VI-XII),Government Aided,Girls,110,103,60,106,14,102,97,11,74,39,101,109,109,56,62,108,48,64,31,79,87,99
All India,Urban,HSS (VI-XII),Government Aided,Girls,457,441,191,456,58,424,435,98,339,139,448,457,456,340,290,454,254,302,132,307,413,440
All India,Rural,HSS (VI-XII),Government Aided,Co-Ed,4245,3943,3676,3926,890,3976,3564,684,3202,1473,3918,4202,4152,1299,1259,4047,1726,2835,1823,2317,2696,3584
All India,Urban,HSS (VI-XII),Government Aided,Co-Ed,1708,1616,1121,1670,202,1614,1566,318,1307,491,1649,1696,1687,950,706,1661,680,1278,665,932,1403,1598
All India,Rural,HSS (XI-XII),Government Aided,Boys,1,1,1,1,0,1,1,0,1,0,1,1,1,1,0,1,1,1,0,0,1,1
All India,Urban,HSS (XI-XII),Government Aided,Boys,7,7,2,7,1,6,5,1,3,0,7,7,7,6,1,7,2,4,3,2,5,6
All India,Rural,HSS (XI-XII),Government Aided,Girls,48,45,45,48,5,47,47,34,43,12,45,47,48,35,4,46,16,17,9,13,39,44
All India,Urban,HSS (XI-XII),Government Aided,Girls,152,145,97,152,26,139,146,105,142,35,136,151,151,120,60,148,67,89,66,36,142,144
All India,Rural,HSS (XI-XII),Government Aided,Co-Ed,1269,1175,1113,1230,133,1202,1203,682,1128,175,1149,1248,1224,713,292,1163,423,553,411,459,848,1080
All India,Urban,HSS (XI-XII),Government Aided,Co-Ed,1141,1101,770,1131,279,1075,1107,702,1050,183,1018,1134,1112,851,529,1088,575,741,582,385,994,1085
All India,Rural,PS (I-V),Government Aided,Boys,72,42,55,65,15,55,57,5,32,32,49,71,71,19,15,70,0,36,26,23,28,30
All India,Urban,PS (I-V),Government Aided,Boys,52,44,16,52,4,46,47,4,31,12,44,52,52,32,11,52,0,39,31,9,34,37
All India,Rural,PS (I-V),Government Aided,Girls,85,46,41,76,3,76,81,2,34,33,66,84,83,22,44,85,0,40,17,53,22,36
All India,Urban,PS (I-V),Government Aided,Girls,191,156,62,189,13,172,179,7,112,49,170,191,189,118,79,187,4,124,81,59,125,138
All India,Rural,PS (I-V),Government Aided,Co-Ed,11639,4544,6985,8617,417,9126,9109,267,4218,3616,10276,10522,10215,2782,3903,9746,17,6453,3619,5795,4230,4340
All India,Urban,PS (I-V),Government Aided,Co-Ed,5653,3940,2271,5435,330,5077,5180,175,3035,1545,5097,5537,5520,2723,2283,5492,48,3927,2463,2715,2946,3397
All India,Rural,SS (I-X),Government Aided,Boys,13,11,12,13,3,13,13,2,13,6,13,13,13,10,4,13,2,8,8,9,9,12
All India,Urban,SS (I-X),Government Aided,Boys,82,82,30,82,18,82,81,25,72,11,74,82,82,63,21,82,8,71,50,23,76,81
All India,Rural,SS (I-X),Government Aided,Girls,89,83,74,86,12,87,85,12,79,49,85,88,89,37,26,88,44,76,59,51,57,79
All India,Urban,SS (I-X),Government Aided,Girls,291,280,147,287,44,284,281,69,269,81,276,288,289,191,81,289,150,249,176,110,256,283
All India,Rural,SS (I-X),Government Aided,Co-Ed,4845,4583,4441,4720,645,4791,4740,270,4389,2171,4601,4818,4808,1461,1519,4774,1996,4348,3648,3385,3003,4619
All India,Urban,SS (I-X),Government Aided,Co-Ed,2039,1953,1139,2024,227,1977,1961,402,1787,538,1924,2026,2026,1233,568,2009,853,1722,1190,730,1656,1952
All India,Rural,SS (IX-X),Government Aided,Boys,12,9,11,11,2,12,12,2,9,6,11,11,12,8,3,10,4,7,4,8,6,11
All India,Urban,SS (IX-X),Government Aided,Boys,56,54,38,55,6,53,54,6,48,16,54,56,56,38,17,54,13,30,18,37,41,54
All India,Rural,SS (IX-X),Government Aided,Girls,173,110,155,130,13,155,144,5,109,38,159,159,162,51,21,137,40,59,28,95,53,94
All India,Urban,SS (IX-X),Government Aided,Girls,237,219,140,235,41,220,230,35,211,84,220,236,237,163,93,224,130,125,82,159,161,211
All India,Rural,SS (IX-X),Government Aided,Co-Ed,6053,4369,5207,5217,598,5588,5353,292,4282,1657,5524,5709,5745,2228,1188,4957,1764,2547,1656,3849,2210,4277
All India,Urban,SS (IX-X),Government Aided,Co-Ed,1618,1407,1008,1569,202,1440,1485,194,1286,450,1506,1597,1582,1000,594,1458,660,821,533,1003,890,1374
All India,Rural,SS (VI-X),Government Aided,Boys,33,30,31,32,3,33,32,5,25,20,31,33,33,20,13,33,3,18,11,20,26,32
All India,Urban,SS (VI-X),Government Aided,Boys,71,64,41,69,6,67,65,14,55,17,69,71,71,40,38,70,6,45,24,30,52,61
All India,Rural,SS (VI-X),Government Aided,Girls,313,221,276,264,21,290,293,16,225,118,284,297,308,84,49,287,91,132,103,192,100,144
All India,Urban,SS (VI-X),Government Aided,Girls,246,205,113,238,22,234,229,32,176,70,226,242,237,132,95,237,99,126,69,114,160,194
All India,Rural,SS (VI-X),Government Aided,Co-Ed,6085,4895,5342,5391,671,5869,5722,237,4747,2457,5700,5926,5967,1742,1408,5877,1739,4047,3093,3963,2584,4315
All India,Urban,SS (VI-X),Government Aided,Co-Ed,1865,1669,1049,1834,169,1748,1769,133,1358,425,1727,1838,1826,995,743,1814,641,1336,865,846,1345,1576
All India,Rural,UPS (I-VIII),Government Aided,Boys,55,47,49,48,14,52,50,3,40,29,48,55,53,14,10,52,5,26,14,16,26,31
All India,Urban,UPS (I-VIII),Government Aided,Boys,55,54,27,55,12,51,54,9,39,23,49,55,54,36,15,54,7,31,22,14,40,50
All India,Rural,UPS (I-VIII),Government Aided,Girls,93,79,61,85,20,88,86,8,66,48,83,93,91,30,31,90,36,48,31,49,39,55
All India,Urban,UPS (I-VIII),Government Aided,Girls,123,112,60,120,15,116,114,14,90,42,108,122,122,74,55,121,63,66,43,47,78,97
All India,Rural,UPS (I-VIII),Government Aided,Co-Ed,5761,4418,4406,5494,656,5243,5367,234,3959,2577,4974,5704,5699,2579,2119,5483,1861,4278,2975,3254,3175,4223
All India,Urban,UPS (I-VIII),Government Aided,Co-Ed,5923,5215,3057,5823,617,5348,5577,374,4292,1780,5297,5878,5848,3210,2356,5727,2212,4190,2897,2828,3539,4569
All India,Rural,UPS (VI-VIII),Government Aided,Boys,24,19,19,20,2,24,23,1,15,14,20,24,23,5,10,23,0,14,7,13,8,11
All India,Urban,UPS (VI-VIII),Government Aided,Boys,22,19,9,21,2,19,16,0,11,3,22,22,21,9,7,22,2,14,7,9,10,14
All India,Rural,UPS (VI-VIII),Government Aided,Girls,411,228,333,195,29,357,267,16,86,119,337,335,373,44,28,331,76,121,79,150,57,57
All India,Urban,UPS (VI-VIII),Government Aided,Girls,98,84,50,83,3,78,68,2,35,18,86,94,95,26,10,86,29,45,26,30,33,37
All India,Rural,UPS (VI-VIII),Government Aided,Co-Ed,7750,3565,6683,3390,399,6478,4957,165,2097,2422,6166,5890,6770,1039,529,6137,1080,2819,1888,2773,1320,1552
All India,Urban,UPS (VI-VIII),Government Aided,Co-Ed,782,599,520,658,53,649,557,30,332,215,702,741,732,229,118,713,189,387,228,250,244,354
All India,Rural,HSS (I-XII),Jawahar Navodaya Vidyalaya,Co-Ed,4,4,3,4,2,4,4,4,4,3,4,4,4,4,2,4,4,4,4,4,4,4
All India,Rural,HSS (IX-XII),Jawahar Navodaya Vidyalaya,Co-Ed,3,3,3,3,2,3,3,3,3,1,3,3,3,3,1,3,2,3,3,2,3,3
All India,Rural,HSS (VI-XII),Jawahar Navodaya Vidyalaya,Co-Ed,467,456,439,467,203,457,463,426,454,318,437,467,465,427,160,465,342,419,379,335,449,465
All India,Urban,HSS (VI-XII),Jawahar Navodaya Vidyalaya,Co-Ed,97,96,88,97,44,96,97,89,96,60,94,97,96,85,33,97,74,86,75,64,95,96
All India,Urban,SS (I-X),Jawahar Navodaya Vidyalaya,Co-Ed,1,1,0,1,1,1,1,0,1,0,1,1,1,1,0,1,1,0,0,0,1,1
All India,Rural,SS (VI-X),Jawahar Navodaya Vidyalaya,Co-Ed,45,42,29,45,16,42,44,39,41,26,43,45,44,35,13,44,29,27,26,32,42,45
All India,Urban,SS (VI-X),Jawahar Navodaya Vidyalaya,Co-Ed,16,16,10,16,3,15,16,11,15,8,16,16,16,15,5,16,7,11,7,11,16,16
All India,Rural,UPS (I-VIII),Jawahar Navodaya Vidyalaya,Co-Ed,1,0,1,1,0,1,1,0,1,0,1,1,1,1,0,1,1,0,0,1,1,1
All India,Rural,UPS (VI-VIII),Jawahar Navodaya Vidyalaya,Co-Ed,6,5,4,6,2,5,6,3,6,1,6,6,6,6,2,6,5,3,3,5,6,6
All India,Urban,UPS (VI-VIII),Jawahar Navodaya Vidyalaya,Co-Ed,3,3,2,3,1,3,3,2,3,2,3,3,3,3,2,3,2,2,2,2,3,3
All India,Rural,HSS (I-XII),Kendriya Vidyalaya / Central School,Co-Ed,366,363,286,366,35,364,366,320,355,119,353,366,363,348,131,364,170,328,217,82,351,366
All India,Urban,HSS (I-XII),Kendriya Vidyalaya / Central School,Co-Ed,615,611,471,615,86,604,614,564,598,174,600,615,610,589,318,615,300,584,457,162,604,615
All India,Rural,HSS (VI-XII),Kendriya Vidyalaya / Central School,Co-Ed,1,1,1,1,0,1,1,1,1,0,1,1,1,1,0,1,1,1,0,0,1,1
All India,Rural,PS (I-V),Kendriya Vidyalaya / Central School,Co-Ed,9,8,7,9,1,8,6,2,7,0,9,9,8,6,0,9,0,5,4,1,6,8
All India,Urban,PS (I-V),Kendriya Vidyalaya / Central School,Co-Ed,5,4,4,5,1,4,4,0,5,1,5,5,5,5,0,5,0,4,1,0,5,5
All India,Rural,SS (I-X),Kendriya Vidyalaya / Central School,Co-Ed,88,85,52,88,7,85,86,69,83,26,86,88,88,75,29,88,30,74,55,26,83,87
All India,Urban,SS (I-X),Kendriya Vidyalaya / Central School,Co-Ed,106,99,62,106,13,100,103,82,101,14,98,106,104,91,36,106,35,89,62,36,99,106
All India,Rural,SS (VI-X),Kendriya Vidyalaya / Central School,Co-Ed,4,4,3,4,1,4,4,2,1,0,4,4,4,2,1,3,2,4,1,2,1,2
All India,Rural,UPS (I-VIII),Kendriya Vidyalaya / Central School,Co-Ed,34,32,21,34,4,32,33,25,30,7,32,34,34,24,5,34,7,24,11,3,32,33
All India,Urban,UPS (I-VIII),Kendriya Vidyalaya / Central School,Co-Ed,24,22,17,24,3,24,23,11,20,4,23,24,24,21,3,24,7,17,9,6,23,24
All India,Urban,HSS (I-XII),Local body,Boys,2,2,0,2,1,2,2,2,1,0,2,2,2,2,1,2,0,2,2,1,1,2
All India,Urban,HSS (I-XII),Local body,Girls,6,6,3,6,1,6,5,2,6,0,6,6,6,2,4,6,2,6,6,5,4,6
All India,Rural,HSS (I-XII),Local body,Co-Ed,95,77,84,94,13,91,92,19,81,33,92,93,94,50,24,94,35,78,65,56,41,90
All India,Urban,HSS (I-XII),Local body,Co-Ed,125,116,89,124,33,120,121,38,97,41,121,125,124,72,54,123,49,109,96,67,99,118
All India,Urban,HSS (IX-XII),Local body,Boys,11,10,9,11,2,11,9,2,11,0,9,11,11,4,6,11,1,9,6,3,7,7
All India,Rural,HSS (IX-XII),Local body,Girls,1,1,1,1,1,1,1,0,0,0,0,1,1,0,0,1,0,0,0,1,0,0
All India,Urban,HSS (IX-XII),Local body,Girls,16,15,10,16,2,16,15,2,15,2,13,16,16,9,10,16,13,12,8,9,12,16
All India,Rural,HSS (IX-XII),Local body,Co-Ed,45,41,39,45,2,43,45,5,43,4,37,43,45,23,13,42,16,32,17,26,37,38
All India,Urban,HSS (IX-XII),Local body,Co-Ed,21,21,17,21,3,19,20,0,14,2,18,21,21,12,8,18,5,14,9,13,15,19
All India,Urban,HSS (VI-XII),Local body,Boys,26,26,16,26,8,25,25,3,19,7,27,26,26,18,21,26,2,23,21,22,25,25
All India,Rural,HSS (VI-XII),Local body,Girls,3,3,1,3,0,2,3,0,1,1,2,3,3,2,2,3,2,3,2,3,3,3
All India,Urban,HSS (VI-XII),Local body,Girls,40,39,10,40,14,36,38,1,31,11,38,40,40,31,34,39,35,34,32,34,38,39
All India,Rural,HSS (VI-XII),Local body,Co-Ed,15,15,12,14,6,15,14,4,12,4,14,15,15,11,2,15,6,13,10,8,8,14
All India,Urban,HSS (VI-XII),Local body,Co-Ed,103,102,41,103,28,87,97,5,68,13,100,102,103,70,80,103,70,89,81,85,97,100
All India,Urban,HSS (XI-XII),Local body,Girls,5,5,2,5,0,4,4,0,3,0,4,5,5,2,3,5,3,0,0,4,3,5
All India,Urban,HSS (XI-XII),Local body,Co-Ed,8,8,2,8,0,7,6,2,6,1,8,8,8,5,6,8,5,2,1,4,4,7
All India,Rural,PS (I-V),Local body,Boys,360,271,225,315,69,336,356,6,253,140,332,337,351,143,98,350,1,346,300,188,150,268
All India,Urban,PS (I-V),Local body,Boys,546,496,249,539,218,497,543,19,60,154,533,542,544,348,413,543,2,533,507,157,488,511
All India,Rural,PS (I-V),Local body,Girls,502,316,268,427,55,414,456,5,338,180,384,477,488,163,141,482,7,458,369,248,201,290
All India,Urban,PS (I-V),Local body,Girls,565,509,237,562,220,508,563,12,65,203,566,563,563,361,397,563,87,551,517,137,483,515
All India,Rural,PS (I-V),Local body,Co-Ed,126974,39917,77194,102363,9344,96655,114576,2948,57986,39597,82104,116660,119914,24157,25946,121570,1261,98993,69585,67866,47596,45928
All India,Urban,PS (I-V),Local body,Co-Ed,9714,3597,3890,8968,858,6549,8917,259,2279,1786,7233,9213,9360,2858,2718,9290,446,7491,4433,4644,2942,3885
All India,Rural,SS (I-X),Local body,Boys,3,3,2,2,1,3,3,0,3,1,3,3,3,1,2,3,0,3,1,2,0,3
All India,Urban,SS (I-X),Local body,Boys,3,3,3,3,0,3,3,0,2,0,3,3,3,0,0,3,0,3,2,1,1,3
All India,Rural,SS (I-X),Local body,Girls,4,3,4,3,0,4,4,0,4,0,4,4,4,1,3,4,1,4,3,3,2,4
All India,Urban,SS (I-X),Local body,Girls,21,20,13,20,1,21,21,2,14,4,21,21,20,9,9,21,7,19,14,15,11,21
All India,Rural,SS (I-X),Local body,Co-Ed,892,656,727,870,128,811,880,54,631,201,833,872,879,270,265,879,279,773,529,697,358,802
All India,Urban,SS (I-X),Local body,Co-Ed,368,330,199,365,39,338,364,33,217,87,342,366,363,185,115,361,171,345,250,207,231,351
All India,Urban,SS (IX-X),Local body,Boys,1,1,0,1,0,0,0,0,0,0,1,1,1,1,1,0,0,0,0,1,0,1
All India,Rural,SS (IX-X),Local body,Girls,5,4,2,5,0,5,5,0,5,0,5,5,5,4,0,5,2,3,1,3,4,5
All India,Urban,SS (IX-X),Local body,Girls,6,6,4,6,1,5,6,0,5,0,5,6,6,4,4,6,2,2,1,4,6,5
All India,Rural,SS (IX-X),Local body,Co-Ed,66,55,52,65,1,64,65,1,62,4,63,66,66,28,9,63,26,43,21,45,55,63
All India,Urban,SS (IX-X),Local body,Co-Ed,253,200,57,253,13,244,230,6,123,47,240,253,253,194,65,245,157,231,205,141,168,233
All India,Rural,SS (VI-X),Local body,Boys,46,35,44,46,1,44,46,6,41,10,42,44,42,17,20,45,0,42,28,35,22,46
All India,Urban,SS (VI-X),Local body,Boys,36,31,25,36,3,32,36,4,24,8,31,35,35,22,19,36,2,30,17,24,20,36
All India,Rural,SS (VI-X),Local body,Girls,204,166,132,204,20,164,202,20,156,52,180,195,193,78,73,197,108,161,91,145,91,195
All India,Urban,SS (VI-X),Local body,Girls,182,147,114,180,25,157,181,14,124,43,173,178,175,102,81,179,115,154,106,119,101,176
All India,Rural,SS (VI-X),Local body,Co-Ed,7499,4749,6582,7443,419,6901,7428,382,5406,2034,6323,7134,7015,2058,2797,7352,2271,6487,3246,5502,2838,6831
All India,Urban,SS (VI-X),Local body,Co-Ed,1080,830,653,1070,137,916,1059,49,690,192,971,1049,1020,553,523,1065,457,942,568,731,662,1030
All India,Rural,UPS (I-VIII),Local body,Boys,744,461,453,735,51,685,743,12,457,399,688,733,743,462,189,739,47,735,599,513,620,733
All India,Urban,UPS (I-VIII),Local body,Boys,380,289,191,373,32,328,371,11,185,125,335,374,376,212,82,375,46,364,246,221,307,359
All India,Rural,UPS (I-VIII),Local body,Girls,822,449,418,813,74,706,819,20,486,388,744,808,821,495,175,815,380,800,631,587,661,795
All India,Urban,UPS (I-VIII),Local body,Girls,442,336,180,429,37,361,423,11,215,152,381,439,441,267,92,435,174,415,294,267,351,425
All India,Rural,UPS (I-VIII),Local body,Co-Ed,39875,16895,26218,37512,4444,34313,39590,675,22199,19090,35479,38506,39209,18943,8733,39270,11192,38331,30620,27786,21951,33773
All India,Urban,UPS (I-VIII),Local body,Co-Ed,5401,4064,2095,5281,439,4619,5321,191,2342,1370,4865,5307,5351,3102,1300,5329,1775,5019,3883,3091,3325,4822
All India,Rural,UPS (VI-VIII),Local body,Boys,3,2,2,3,0,2,3,0,2,2,3,3,3,2,0,3,0,3,3,1,3,3
All India,Urban,UPS (VI-VIII),Local body,Boys,8,6,5,8,2,8,8,1,5,1,7,8,8,4,0,8,2,6,2,5,6,8
All India,Rural,UPS (VI-VIII),Local body,Girls,3,2,3,3,1,3,3,0,1,2,3,3,3,2,1,3,2,3,3,2,2,3
All India,Urban,UPS (VI-VIII),Local body,Girls,14,11,8,13,0,12,13,3,10,3,13,14,14,6,0,14,7,12,9,5,10,12
All India,Rural,UPS (VI-VIII),Local body,Co-Ed,121,65,105,93,2,102,113,5,19,62,110,114,93,28,38,85,18,53,36,41,26,72
All India,Urban,UPS (VI-VIII),Local body,Co-Ed,86,69,30,86,5,77,84,10,39,37,77,86,85,54,14,82,29,78,51,61,65,78
All India,Rural,HSS (I-XII),Madarsa recognized (by Wakf board/Madarsa Board),Boys,16,13,10,15,3,12,9,4,8,2,10,16,15,2,1,12,2,4,3,5,10,10
All India,Urban,HSS (I-XII),Madarsa recognized (by Wakf board/Madarsa Board),Boys,9,9,7,9,2,7,9,4,8,4,9,9,8,1,0,9,1,4,2,1,4,6
All India,Rural,HSS (I-XII),Madarsa recognized (by Wakf board/Madarsa Board),Girls,21,20,15,18,6,18,12,7,13,5,16,21,21,5,1,20,7,7,6,4,13,14
All India,Urban,HSS (I-XII),Madarsa recognized (by Wakf board/Madarsa Board),Girls,19,16,11,19,1,12,17,5,15,1,16,19,15,7,2,19,10,8,4,5,9,10
All India,Rural,HSS (I-XII),Madarsa recognized (by Wakf board/Madarsa Board),Co-Ed,409,299,316,367,78,269,243,74,194,89,260,405,403,47,44,360,90,174,109,54,116,199
All India,Urban,HSS (I-XII),Madarsa recognized (by Wakf board/Madarsa Board),Co-Ed,220,185,148,200,26,142,173,41,124,49,175,218,216,59,24,211,78,83,44,29,97,163
All India,Rural,HSS (IX-XII),Madarsa recognized (by Wakf board/Madarsa Board),Girls,1,1,1,1,1,1,1,1,1,1,1,1,1,1,0,1,1,0,0,0,1,1
All India,Urban,HSS (IX-XII),Madarsa recognized (by Wakf board/Madarsa Board),Girls,1,1,1,0,1,1,1,0,1,0,1,0,1,1,0,1,0,1,0,0,0,1
All India,Rural,HSS (IX-XII),Madarsa recognized (by Wakf board/Madarsa Board),Co-Ed,12,8,8,11,2,10,9,4,8,1,7,12,12,1,0,11,3,1,0,3,4,9
All India,Urban,HSS (IX-XII),Madarsa recognized (by Wakf board/Madarsa Board),Co-Ed,10,6,4,10,3,8,9,3,3,1,7,10,10,4,1,8,2,5,3,1,4,6
All India,Urban,HSS (VI-XII),Madarsa recognized (by Wakf board/Madarsa Board),Boys,1,1,1,1,0,1,1,1,1,0,1,1,1,0,0,1,0,0,0,0,1,0
All India,Urban,HSS (VI-XII),Madarsa recognized (by Wakf board/Madarsa Board),Girls,1,1,0,1,0,1,1,0,1,0,1,1,1,1,0,1,1,1,0,0,1,1
All India,Rural,HSS (VI-XII),Madarsa recognized (by Wakf board/Madarsa Board),Co-Ed,14,12,9,11,3,10,9,4,8,5,11,14,14,3,2,13,5,3,0,4,9,12
All India,Urban,HSS (VI-XII),Madarsa recognized (by Wakf board/Madarsa Board),Co-Ed,5,5,3,5,1,4,5,3,5,1,4,5,5,1,0,5,2,2,1,0,4,4
All India,Rural,HSS (XI-XII),Madarsa recognized (by Wakf board/Madarsa Board),Co-Ed,2,2,1,2,0,2,2,1,2,1,2,2,1,1,0,2,1,0,0,2,1,2
All India,Urban,HSS (XI-XII),Madarsa recognized (by Wakf board/Madarsa Board),Co-Ed,7,7,7,6,0,7,6,1,4,1,7,7,7,4,1,7,1,2,1,5,5,5
All India,Rural,PS (I-V),Madarsa recognized (by Wakf board/Madarsa Board),Boys,62,44,35,45,11,43,29,3,17,12,29,62,61,13,4,51,0,20,11,15,8,18
All India,Urban,PS (I-V),Madarsa recognized (by Wakf board/Madarsa Board),Boys,36,20,11,30,6,18,21,3,12,8,24,36,34,8,4,34,0,14,6,6,6,11
All India,Rural,PS (I-V),Madarsa recognized (by Wakf board/Madarsa Board),Girls,113,85,70,83,16,55,27,6,17,9,59,113,110,9,5,95,0,28,15,21,23,20
All India,Urban,PS (I-V),Madarsa recognized (by Wakf board/Madarsa Board),Girls,52,34,19,44,4,17,26,2,14,2,35,52,47,8,4,49,0,12,4,9,6,14
All India,Rural,PS (I-V),Madarsa recognized (by Wakf board/Madarsa Board),Co-Ed,7394,4795,4340,5142,908,3972,2344,559,1917,619,3418,6967,6883,386,523,6211,0,1857,922,958,1326,1178
All India,Urban,PS (I-V),Madarsa recognized (by Wakf board/Madarsa Board),Co-Ed,3531,2095,1480,3054,374,1762,1630,235,1253,303,1795,3353,3234,397,253,3284,1,1006,398,378,736,878
All India,Rural,SS (I-X),Madarsa recognized (by Wakf board/Madarsa Board),Boys,37,26,25,24,6,25,18,4,12,12,24,35,30,7,3,31,7,14,5,6,13,19
All India,Urban,SS (I-X),Madarsa recognized (by Wakf board/Madarsa Board),Boys,23,22,17,23,4,14,14,3,12,4,19,23,20,10,3,20,4,6,1,1,10,12
All India,Rural,SS (I-X),Madarsa recognized (by Wakf board/Madarsa Board),Girls,77,50,33,62,12,43,31,17,22,7,46,77,74,7,4,65,21,21,6,11,24,27
All India,Urban,SS (I-X),Madarsa recognized (by Wakf board/Madarsa Board),Girls,32,24,16,32,2,17,17,4,13,4,20,32,32,6,1,30,11,7,3,3,11,15
All India,Rural,SS (I-X),Madarsa recognized (by Wakf board/Madarsa Board),Co-Ed,1009,753,676,809,168,652,493,161,374,153,675,996,977,114,90,865,250,332,176,168,287,468
All India,Urban,SS (I-X),Madarsa recognized (by Wakf board/Madarsa Board),Co-Ed,379,315,229,347,46,242,238,68,208,57,280,369,365,74,42,355,113,125,60,52,124,219
All India,Rural,SS (IX-X),Madarsa recognized (by Wakf board/Madarsa Board),Girls,1,1,1,1,0,1,1,0,1,1,1,1,1,1,0,1,0,0,0,0,1,1
All India,Urban,SS (IX-X),Madarsa recognized (by Wakf board/Madarsa Board),Girls,3,3,2,3,0,1,1,0,3,0,3,3,3,2,0,3,0,0,0,1,2,2
All India,Rural,SS (IX-X),Madarsa recognized (by Wakf board/Madarsa Board),Co-Ed,17,13,13,15,5,13,8,2,9,3,16,17,17,7,1,16,5,7,3,8,6,9
All India,Urban,SS (IX-X),Madarsa recognized (by Wakf board/Madarsa Board),Co-Ed,26,23,19,24,5,21,21,1,20,3,22,25,26,14,1,25,3,9,4,9,13,17
All India,Rural,SS (VI-X),Madarsa recognized (by Wakf board/Madarsa Board),Boys,1,1,1,1,0,1,0,0,1,0,1,1,1,1,0,1,0,0,0,0,1,1
All India,Rural,SS (VI-X),Madarsa recognized (by Wakf board/Madarsa Board),Girls,2,2,2,2,1,1,1,1,1,0,1,2,2,1,1,2,1,1,1,0,1,1
All India,Urban,SS (VI-X),Madarsa recognized (by Wakf board/Madarsa Board),Girls,1,1,1,1,0,1,1,0,0,0,1,1,1,0,0,1,1,0,0,0,0,1
All India,Rural,SS (VI-X),Madarsa recognized (by Wakf board/Madarsa Board),Co-Ed,24,20,16,20,3,14,12,3,11,3,19,24,23,5,4,20,5,9,5,2,8,15
All India,Urban,SS (VI-X),Madarsa recognized (by Wakf board/Madarsa Board),Co-Ed,14,11,5,13,2,10,11,2,10,2,12,14,14,4,3,12,2,5,3,6,7,12
All India,Rural,UPS (I-VIII),Madarsa recognized (by Wakf board/Madarsa Board),Boys,24,17,17,19,4,19,14,2,9,2,15,24,23,6,1,20,1,4,3,7,11,14
All India,Urban,UPS (I-VIII),Madarsa recognized (by Wakf board/Madarsa Board),Boys,30,25,20,27,2,25,19,4,18,5,21,30,29,8,5,29,6,11,8,8,9,12
All India,Rural,UPS (I-VIII),Madarsa recognized (by Wakf board/Madarsa Board),Girls,79,63,57,69,9,52,36,8,20,5,49,79,79,5,7,69,23,21,5,11,12,20
All India,Urban,UPS (I-VIII),Madarsa recognized (by Wakf board/Madarsa Board),Girls,35,30,18,34,1,23,23,4,17,5,23,35,35,10,1,33,9,8,5,3,13,18
All India,Rural,UPS (I-VIII),Madarsa recognized (by Wakf board/Madarsa Board),Co-Ed,3746,2449,2732,2968,508,2277,1651,404,1267,517,2036,3698,3636,261,342,3147,823,1453,790,456,688,1037
All India,Urban,UPS (I-VIII),Madarsa recognized (by Wakf board/Madarsa Board),Co-Ed,1957,1485,937,1777,172,1239,1296,206,1069,259,1231,1912,1756,355,207,1865,468,729,349,280,671,874
All India,Rural,UPS (VI-VIII),Madarsa recognized (by Wakf board/Madarsa Board),Boys,1,1,1,1,0,1,0,0,0,0,0,1,1,0,0,1,0,1,0,0,0,0
All India,Urban,UPS (VI-VIII),Madarsa recognized (by Wakf board/Madarsa Board),Boys,2,2,0,2,0,2,1,0,1,1,1,2,2,1,1,2,1,1,1,0,1,2
All India,Rural,UPS (VI-VIII),Madarsa recognized (by Wakf board/Madarsa Board),Girls,17,16,14,13,0,12,6,0,4,2,6,17,17,1,0,12,1,6,0,3,3,4
All India,Urban,UPS (VI-VIII),Madarsa recognized (by Wakf board/Madarsa Board),Girls,12,12,6,12,0,10,7,1,6,1,10,12,12,5,2,12,2,5,3,2,2,5
All India,Rural,UPS (VI-VIII),Madarsa recognized (by Wakf board/Madarsa Board),Co-Ed,312,266,216,259,38,232,145,31,94,33,202,306,305,34,24,281,60,115,42,63,78,95
All India,Urban,UPS (VI-VIII),Madarsa recognized (by Wakf board/Madarsa Board),Co-Ed,168,123,95,157,13,128,113,15,90,28,111,167,161,43,19,163,36,55,22,36,42,78
All India,Rural,HSS (I-XII),Madarsa unrecognized,Boys,5,5,5,5,1,5,5,1,2,2,5,5,5,0,0,5,1,0,0,1,3,2
All India,Urban,HSS (I-XII),Madarsa unrecognized,Boys,2,2,2,2,1,1,1,0,1,2,1,2,2,1,1,1,1,2,0,0,0,2
All India,Rural,HSS (I-XII),Madarsa unrecognized,Girls,5,4,3,5,0,4,5,1,3,0,4,5,5,2,0,5,2,2,2,0,4,4
All India,Urban,HSS (I-XII),Madarsa unrecognized,Girls,1,0,0,1,0,0,0,0,1,1,1,1,1,0,0,1,0,1,1,1,1,1
All India,Rural,HSS (I-XII),Madarsa unrecognized,Co-Ed,87,57,52,60,12,54,55,27,24,13,56,87,82,9,16,80,19,25,19,7,37,44
All India,Urban,HSS (I-XII),Madarsa unrecognized,Co-Ed,45,32,25,34,6,22,25,1,19,4,35,45,44,6,6,41,14,15,12,9,20,27
All India,Urban,HSS (IX-XII),Madarsa unrecognized,Boys,1,1,1,1,0,1,0,1,1,0,0,1,1,0,0,1,0,0,0,0,0,1
All India,Rural,HSS (IX-XII),Madarsa unrecognized,Co-Ed,6,4,4,5,0,5,3,0,3,1,6,5,5,0,2,4,1,2,1,2,2,5
All India,Urban,HSS (IX-XII),Madarsa unrecognized,Co-Ed,2,2,1,2,0,0,1,0,0,0,2,2,2,0,0,2,1,0,0,0,2,2
All India,Rural,HSS (VI-XII),Madarsa unrecognized,Boys,1,0,1,0,0,0,0,0,0,1,1,0,0,0,0,0,0,0,0,0,0,0
All India,Rural,HSS (VI-XII),Madarsa unrecognized,Girls,2,1,2,2,0,2,2,1,2,0,2,2,2,2,0,2,2,0,0,1,1,2
All India,Rural,HSS (VI-XII),Madarsa unrecognized,Co-Ed,2,1,2,1,0,1,0,0,0,0,1,2,1,0,0,1,0,0,0,0,1,1
All India,Rural,PS (I-V),Madarsa unrecognized,Boys,52,19,33,49,5,25,29,4,12,6,30,49,52,9,6,46,0,9,8,8,9,4
All India,Urban,PS (I-V),Madarsa unrecognized,Boys,160,22,21,160,9,28,116,5,23,9,99,160,156,8,9,157,1,9,5,8,8,8
All India,Rural,PS (I-V),Madarsa unrecognized,Girls,35,15,17,32,0,14,23,6,8,1,17,35,35,0,0,32,0,4,2,5,3,3
All India,Urban,PS (I-V),Madarsa unrecognized,Girls,140,11,11,140,4,18,103,3,11,3,86,140,139,4,4,138,2,9,5,6,2,6
All India,Rural,PS (I-V),Madarsa unrecognized,Co-Ed,1138,698,695,721,116,544,437,87,219,76,424,1100,1033,49,44,930,14,416,210,128,164,147
All India,Urban,PS (I-V),Madarsa unrecognized,Co-Ed,418,211,180,372,38,207,234,40,133,44,257,412,397,50,28,378,7,136,92,38,89,107
All India,Rural,SS (I-X),Madarsa unrecognized,Boys,12,7,4,10,1,4,11,0,5,2,10,12,12,4,1,12,2,4,1,1,3,7
All India,Urban,SS (I-X),Madarsa unrecognized,Boys,2,0,1,2,0,2,0,0,1,0,0,2,2,0,0,1,0,0,0,0,0,0
All India,Rural,SS (I-X),Madarsa unrecognized,Girls,27,23,21,23,4,20,20,5,10,3,19,27,26,4,5,24,13,5,3,2,9,13
All India,Urban,SS (I-X),Madarsa unrecognized,Girls,9,6,4,9,1,6,6,0,2,3,6,9,9,5,2,9,4,3,2,0,2,3
All India,Rural,SS (I-X),Madarsa unrecognized,Co-Ed,240,188,178,166,54,165,147,37,87,24,154,240,225,21,29,211,54,99,72,34,67,102
All India,Urban,SS (I-X),Madarsa unrecognized,Co-Ed,80,58,50,73,12,52,46,14,32,17,61,80,78,14,9,72,28,33,29,10,22,29
All India,Rural,SS (IX-X),Madarsa unrecognized,Co-Ed,5,3,3,3,0,2,2,0,2,0,1,4,5,2,0,4,0,1,0,1,1,1
All India,Urban,SS (IX-X),Madarsa unrecognized,Co-Ed,4,4,3,3,1,3,3,2,3,1,4,3,3,0,2,4,0,0,0,0,1,2
All India,Rural,SS (VI-X),Madarsa unrecognized,Girls,5,3,4,2,0,4,5,3,5,1,3,5,5,2,1,5,2,2,1,1,1,2
All India,Rural,SS (VI-X),Madarsa unrecognized,Co-Ed,17,12,14,10,1,14,12,4,7,4,14,16,17,5,3,16,3,5,1,2,3,5
All India,Urban,SS (VI-X),Madarsa unrecognized,Co-Ed,2,2,2,2,1,2,2,1,2,0,1,2,2,0,0,2,0,1,1,0,1,1
All India,Rural,UPS (I-VIII),Madarsa unrecognized,Boys,45,26,32,39,6,34,29,5,17,8,34,42,44,8,4,40,4,14,7,9,14,15
All India,Urban,UPS (I-VIII),Madarsa unrecognized,Boys,20,12,11,19,3,14,16,3,7,0,15,20,20,2,1,18,1,5,3,8,6,8
All India,Rural,UPS (I-VIII),Madarsa unrecognized,Girls,34,18,18,30,4,19,19,7,14,6,20,34,31,8,6,32,15,9,4,7,13,14
All India,Urban,UPS (I-VIII),Madarsa unrecognized,Girls,34,18,13,31,6,16,23,2,12,10,21,34,34,5,4,30,11,4,4,8,14,20
All India,Rural,UPS (I-VIII),Madarsa unrecognized,Co-Ed,595,357,401,423,64,341,298,55,171,74,333,590,562,53,55,506,144,179,117,46,112,151
All India,Urban,UPS (I-VIII),Madarsa unrecognized,Co-Ed,251,150,120,231,28,133,174,32,92,37,160,250,247,70,29,230,47,75,47,34,64,125
All India,Rural,UPS (VI-VIII),Madarsa unrecognized,Boys,3,1,2,2,2,1,2,0,0,1,2,2,3,0,1,3,1,0,0,0,0,0
All India,Urban,UPS (VI-VIII),Madarsa unrecognized,Boys,2,1,0,2,0,1,0,0,1,0,1,2,2,0,0,1,0,0,0,0,0,0
All India,Rural,UPS (VI-VIII),Madarsa unrecognized,Girls,4,1,3,1,0,1,3,0,1,0,1,4,3,0,0,2,0,0,0,0,0,0
All India,Urban,UPS (VI-VIII),Madarsa unrecognized,Girls,2,1,2,2,0,0,2,0,1,1,1,2,2,1,0,2,0,0,0,1,0,1
All India,Rural,UPS (VI-VIII),Madarsa unrecognized,Co-Ed,137,48,112,58,6,96,76,6,18,3,84,120,118,10,2,108,19,30,19,5,7,7
All India,Urban,UPS (VI-VIII),Madarsa unrecognized,Co-Ed,16,10,11,15,0,12,10,2,8,3,9,16,16,2,2,14,2,7,4,2,4,5
All India,Rural,PS (I-V),Ministry of Labor,Girls,1,0,0,1,0,0,0,0,0,0,0,1,1,0,0,1,0,1,0,0,0,0
All India,Rural,PS (I-V),Ministry of Labor,Co-Ed,96,15,42,46,2,55,35,4,16,9,17,52,78,4,4,53,1,26,16,10,9,6
All India,Urban,PS (I-V),Ministry of Labor,Co-Ed,56,7,8,49,2,15,8,1,3,2,14,51,50,7,3,29,2,12,8,1,2,2
All India,Rural,UPS (I-VIII),Ministry of Labor,Boys,1,1,0,1,0,1,1,0,1,0,1,1,1,0,0,1,0,1,0,0,1,1
All India,Urban,UPS (I-VIII),Ministry of Labor,Boys,1,1,1,1,1,1,1,1,1,1,1,1,1,1,1,1,1,0,0,0,0,1
All India,Rural,UPS (I-VIII),Ministry of Labor,Girls,1,0,0,1,0,0,0,0,0,0,0,1,0,0,0,1,0,0,0,0,0,0
All India,Urban,UPS (I-VIII),Ministry of Labor,Girls,2,2,0,2,1,1,2,0,2,1,2,2,2,1,0,2,1,0,0,0,0,2
All India,Rural,UPS (I-VIII),Ministry of Labor,Co-Ed,5,1,2,5,1,2,2,0,1,1,0,5,2,0,0,3,1,0,0,0,0,0
All India,Urban,UPS (I-VIII),Ministry of Labor,Co-Ed,4,2,0,4,2,3,3,2,3,2,0,4,3,2,2,3,1,1,1,0,2,2
All India,Rural,UPS (VI-VIII),Ministry of Labor,Boys,1,1,1,1,1,1,1,0,1,0,1,1,1,0,0,1,0,0,0,0,1,1
All India,Urban,UPS (VI-VIII),Ministry of Labor,Girls,1,0,0,1,1,0,1,0,0,1,1,1,1,1,0,1,1,0,0,1,0,1
All India,Rural,HSS (I-XII),Other Central Govt. Schools,Co-Ed,21,21,19,21,4,21,21,17,19,5,17,21,21,19,11,21,13,14,11,4,19,21
All India,Urban,HSS (I-XII),Other Central Govt. Schools,Co-Ed,22,22,18,22,4,22,22,19,21,9,21,22,21,21,11,22,15,15,10,6,20,22
All India,Rural,HSS (IX-XII),Other Central Govt. Schools,Co-Ed,1,1,1,1,0,1,1,0,1,0,0,1,1,0,0,1,1,1,0,0,0,0
All India,Urban,HSS (VI-XII),Other Central Govt. Schools,Boys,3,3,2,3,2,3,3,2,2,2,3,3,3,3,1,3,2,2,0,1,3,3
All India,Urban,HSS (VI-XII),Other Central Govt. Schools,Girls,1,1,1,1,0,1,1,0,0,0,1,1,1,1,0,1,0,1,0,0,1,1
All India,Rural,HSS (VI-XII),Other Central Govt. Schools,Co-Ed,5,5,3,5,2,5,5,3,5,2,5,5,5,4,1,5,3,2,1,2,4,5
All India,Urban,HSS (VI-XII),Other Central Govt. Schools,Co-Ed,2,1,1,1,0,1,2,1,2,0,2,2,2,0,0,1,0,2,1,0,1,1
All India,Rural,HSS (XI-XII),Other Central Govt. Schools,Co-Ed,1,1,1,1,0,1,1,1,1,0,1,1,1,1,1,1,0,1,0,0,1,1
All India,Urban,PS (I-V),Other Central Govt. Schools,Boys,1,0,0,1,0,1,1,0,0,0,1,1,1,0,0,0,0,1,0,0,0,0
All India,Urban,PS (I-V),Other Central Govt. Schools,Girls,1,0,0,1,0,1,1,0,0,0,1,1,1,0,1,1,0,1,0,0,0,0
All India,Rural,PS (I-V),Other Central Govt. Schools,Co-Ed,3,3,3,3,0,3,3,1,3,2,3,3,3,3,2,3,1,0,0,1,3,3
All India,Urban,PS (I-V),Other Central Govt. Schools,Co-Ed,6,3,5,6,0,5,4,0,1,0,6,6,6,3,2,5,0,1,0,1,5,5
All India,Rural,SS (I-X),Other Central Govt. Schools,Co-Ed,11,11,9,11,1,11,11,10,11,4,10,11,11,10,5,11,4,10,5,3,10,11
All India,Urban,SS (I-X),Other Central Govt. Schools,Co-Ed,19,17,12,19,1,19,17,10,11,5,17,19,19,19,5,19,8,12,6,2,18,19
All India,Urban,SS (IX-X),Other Central Govt. Schools,Co-Ed,2,2,0,2,0,1,2,0,1,0,2,2,2,2,0,1,0,1,0,2,0,2
All India,Rural,SS (VI-X),Other Central Govt. Schools,Co-Ed,2,2,2,2,0,2,2,0,1,1,2,2,2,1,1,2,1,1,1,0,1,2
All India,Rural,UPS (I-VIII),Other Central Govt. Schools,Co-Ed,5,5,5,5,1,5,5,3,3,2,5,5,5,5,3,5,4,4,2,2,4,4
All India,Urban,UPS (I-VIII),Other Central Govt. Schools,Co-Ed,5,4,3,5,0,4,5,1,3,2,5,5,5,5,3,4,1,1,1,3,2,5
All India,Rural,UPS (VI-VIII),Other Central Govt. Schools,Co-Ed,1,1,1,1,0,1,1,0,1,0,0,1,1,1,0,1,1,1,0,0,0,0
All India,Rural,HSS (I-XII),Other Govt. managed schools,Boys,1,1,1,1,1,0,1,0,1,0,0,1,1,1,0,1,0,1,1,1,1,1
All India,Urban,HSS (I-XII),Other Govt. managed schools,Boys,1,1,1,1,0,1,1,0,0,0,1,1,1,1,0,1,0,1,1,0,0,0
All India,Rural,HSS (I-XII),Other Govt. managed schools,Co-Ed,108,90,93,108,56,87,106,25,53,41,98,108,108,70,16,108,43,93,73,38,84,107
All India,Urban,HSS (I-XII),Other Govt. managed schools,Co-Ed,24,22,23,24,9,20,24,9,17,8,24,24,24,18,5,24,12,19,12,10,20,24
All India,Urban,HSS (IX-XII),Other Govt. managed schools,Girls,1,1,1,1,1,1,1,0,1,0,1,1,1,1,0,1,0,1,1,0,1,1
All India,Rural,HSS (IX-XII),Other Govt. managed schools,Co-Ed,2,2,2,2,0,2,2,1,2,0,2,2,2,0,1,2,1,1,1,1,1,2
All India,Urban,HSS (IX-XII),Other Govt. managed schools,Co-Ed,4,3,2,4,0,3,4,1,3,0,4,4,4,0,0,4,1,3,3,1,2,2
All India,Urban,HSS (VI-XII),Other Govt. managed schools,Boys,4,3,1,4,2,2,4,0,4,1,4,4,4,3,1,3,0,3,3,1,1,4
All India,Rural,HSS (VI-XII),Other Govt. managed schools,Girls,5,5,5,5,2,4,4,2,3,1,5,5,5,1,0,5,3,5,2,1,3,4
All India,Urban,HSS (VI-XII),Other Govt. managed schools,Girls,2,2,1,2,1,1,2,0,0,0,2,2,2,2,0,2,1,2,1,0,1,2
All India,Rural,HSS (VI-XII),Other Govt. managed schools,Co-Ed,243,205,190,239,160,194,240,81,113,21,215,241,241,100,16,243,92,228,171,76,181,236
All India,Urban,HSS (VI-XII),Other Govt. managed schools,Co-Ed,31,27,20,31,15,22,31,13,17,6,29,31,31,18,4,31,9,30,20,12,26,31
All India,Urban,HSS (XI-XII),Other Govt. managed schools,Boys,1,1,1,1,1,0,1,1,1,0,1,1,1,1,1,1,0,1,1,0,1,1
All India,Rural,HSS (XI-XII),Other Govt. managed schools,Girls,2,2,1,2,0,2,2,0,2,0,1,2,2,1,0,2,0,1,0,0,2,1
All India,Urban,HSS (XI-XII),Other Govt. managed schools,Girls,9,9,5,9,2,8,9,6,7,1,7,9,9,6,4,9,3,6,2,2,7,9
All India,Rural,HSS (XI-XII),Other Govt. managed schools,Co-Ed,39,36,35,39,8,35,36,23,33,5,36,37,38,20,10,34,19,15,7,4,29,36
All India,Urban,HSS (XI-XII),Other Govt. managed schools,Co-Ed,29,28,22,28,6,27,27,17,26,9,27,29,28,22,13,28,13,15,8,1,27,28
All India,Rural,PS (I-V),Other Govt. managed schools,Boys,9,1,6,9,0,4,2,0,0,1,7,9,8,1,0,9,0,0,0,5,0,0
All India,Urban,PS (I-V),Other Govt. managed schools,Boys,2,1,1,2,0,1,1,0,1,0,2,2,2,1,0,2,0,0,0,0,1,1
All India,Rural,PS (I-V),Other Govt. managed schools,Co-Ed,231,53,122,177,17,86,204,0,53,61,219,216,209,42,5,188,7,47,23,76,97,56
All India,Urban,PS (I-V),Other Govt. managed schools,Co-Ed,64,35,39,62,13,39,37,2,25,14,57,64,62,27,9,61,4,34,21,17,40,27
All India,Urban,SS (I-X),Other Govt. managed schools,Boys,4,4,2,4,3,4,4,1,4,2,4,4,4,3,2,4,0,2,2,2,3,4
All India,Rural,SS (I-X),Other Govt. managed schools,Girls,2,1,2,2,1,1,2,1,1,2,2,2,2,2,0,2,1,2,1,1,1,2
All India,Rural,SS (I-X),Other Govt. managed schools,Co-Ed,60,46,49,59,25,48,54,11,27,15,52,59,58,29,3,59,16,46,37,21,36,53
All India,Urban,SS (I-X),Other Govt. managed schools,Co-Ed,28,24,16,27,7,25,26,4,21,6,27,28,28,18,2,27,7,23,17,8,18,24
All India,Urban,SS (IX-X),Other Govt. managed schools,Girls,1,1,1,1,0,1,1,0,1,0,1,1,1,1,1,1,0,1,1,0,0,1
All India,Rural,SS (IX-X),Other Govt. managed schools,Co-Ed,4,2,3,3,1,3,3,0,2,2,3,3,4,2,1,3,2,2,2,3,1,2
All India,Urban,SS (IX-X),Other Govt. managed schools,Co-Ed,7,6,4,7,0,7,6,0,5,0,7,7,7,5,1,6,0,4,4,3,6,6
All India,Rural,SS (VI-X),Other Govt. managed schools,Boys,2,2,1,2,1,2,2,0,2,1,2,2,2,1,0,2,0,1,1,2,2,2
All India,Rural,SS (VI-X),Other Govt. managed schools,Girls,17,14,9,16,5,11,17,0,6,4,17,17,17,9,1,17,6,14,8,6,11,13
All India,Urban,SS (VI-X),Other Govt. managed schools,Girls,6,5,2,6,0,2,5,0,0,0,4,6,6,4,0,6,1,3,1,0,3,6
All India,Rural,SS (VI-X),Other Govt. managed schools,Co-Ed,160,99,119,158,25,123,156,2,53,20,142,160,160,55,12,151,68,137,100,65,96,148
All India,Urban,SS (VI-X),Other Govt. managed schools,Co-Ed,59,32,19,58,5,39,53,1,28,6,53,59,58,24,6,50,14,34,21,40,24,47
All India,Rural,UPS (I-VIII),Other Govt. managed schools,Boys,2,2,2,2,0,1,0,0,0,1,1,2,2,0,0,2,0,0,0,2,0,0
All India,Urban,UPS (I-VIII),Other Govt. managed schools,Boys,1,1,1,1,0,1,1,0,1,1,1,1,1,1,0,1,0,1,1,1,1,1
All India,Rural,UPS (I-VIII),Other Govt. managed schools,Girls,20,20,11,20,11,18,20,1,15,12,18,20,20,20,17,20,18,14,14,20,15,20
All India,Urban,UPS (I-VIII),Other Govt. managed schools,Girls,5,5,3,5,1,4,5,0,3,0,4,5,5,4,2,5,4,5,5,4,3,4
All India,Rural,UPS (I-VIII),Other Govt. managed schools,Co-Ed,63,41,51,61,6,53,40,5,30,24,52,63,63,33,9,63,19,42,37,27,29,42
All India,Urban,UPS (I-VIII),Other Govt. managed schools,Co-Ed,63,45,36,63,6,45,37,3,27,16,53,63,62,43,9,63,23,42,33,25,30,39
All India,Rural,UPS (VI-VIII),Other Govt. managed schools,Boys,5,3,3,3,2,3,2,1,2,1,3,5,3,1,0,5,0,1,0,0,2,2
All India,Rural,UPS (VI-VIII),Other Govt. managed schools,Girls,73,43,28,72,21,50,64,8,29,24,64,71,73,45,28,70,37,47,36,40,31,54
All India,Urban,UPS (VI-VIII),Other Govt. managed schools,Girls,2,2,0,2,1,0,1,0,1,0,2,2,2,2,1,2,1,2,1,1,1,1
All India,Rural,UPS (VI-VIII),Other Govt. managed schools,Co-Ed,52,22,34,47,1,32,42,3,14,5,41,51,51,12,6,44,15,30,18,19,16,27
All India,Urban,UPS (VI-VIII),Other Govt. managed schools,Co-Ed,26,12,9,25,0,14,18,1,12,0,21,26,26,8,3,19,6,9,4,10,12,20
All India,Rural,HSS (I-XII),Private Unaided (Recognized),Boys,38,37,36,38,17,36,38,21,33,21,33,37,36,34,14,38,6,20,14,20,32,35
All India,Urban,HSS (I-XII),Private Unaided (Recognized),Boys,62,58,44,62,22,59,60,52,58,22,61,62,62,58,30,62,11,35,20,14,56,60
All India,Rural,HSS (I-XII),Private Unaided (Recognized),Girls,89,83,76,89,26,85,84,49,74,35,81,88,87,71,35,89,44,45,33,31,76,83
All India,Urban,HSS (I-XII),Private Unaided (Recognized),Girls,270,265,146,269,86,263,265,223,256,90,256,270,268,251,148,269,149,150,99,58,251,266
All India,Rural,HSS (I-XII),Private Unaided (Recognized),Co-Ed,18856,18172,16020,18433,3820,18392,18013,10591,16883,6598,17260,18553,18390,12884,8890,18633,9858,11409,7864,6532,16561,18105
All India,Urban,HSS (I-XII),Private Unaided (Recognized),Co-Ed,18875,18412,12947,18740,3376,18447,18397,11368,17075,6055,17876,18747,18491,15154,9654,18751,9109,11757,7916,5298,17421,18481
All India,Rural,HSS (IX-XII),Private Unaided (Recognized),Boys,34,31,29,33,7,32,31,17,27,9,29,34,34,21,12,33,8,17,11,11,26,30
All India,Urban,HSS (IX-XII),Private Unaided (Recognized),Boys,32,31,23,32,8,30,28,16,28,5,27,32,32,23,12,29,5,17,12,8,26,31
All India,Rural,HSS (IX-XII),Private Unaided (Recognized),Girls,253,221,212,238,48,224,191,98,182,43,210,247,245,92,57,238,114,115,73,72,124,168
All India,Urban,HSS (IX-XII),Private Unaided (Recognized),Girls,139,135,100,134,35,124,115,63,118,32,122,137,135,76,30,132,65,77,47,27,91,117
All India,Rural,HSS (IX-XII),Private Unaided (Recognized),Co-Ed,5207,4802,4438,4673,1226,4481,3947,1902,3795,1104,4292,5139,5019,1626,1403,4863,1941,2712,1844,1399,3092,3983
All India,Urban,HSS (IX-XII),Private Unaided (Recognized),Co-Ed,1971,1879,1386,1941,286,1808,1729,774,1709,388,1737,1958,1938,1221,680,1924,921,1053,666,538,1570,1821
All India,Rural,HSS (VI-XII),Private Unaided (Recognized),Boys,43,40,35,43,14,40,39,22,35,22,29,42,42,26,20,43,11,21,15,19,29,29
All India,Urban,HSS (VI-XII),Private Unaided (Recognized),Boys,57,55,41,57,15,55,54,30,53,18,54,57,56,41,21,56,9,26,14,15,46,55
All India,Rural,HSS (VI-XII),Private Unaided (Recognized),Girls,148,135,119,138,32,125,115,50,107,36,139,148,144,59,39,138,62,67,42,40,94,116
All India,Urban,HSS (VI-XII),Private Unaided (Recognized),Girls,156,147,99,155,26,143,136,61,134,46,147,155,151,106,49,153,71,77,47,43,124,145
All India,Rural,HSS (VI-XII),Private Unaided (Recognized),Co-Ed,5127,4762,4291,4477,1550,4476,3964,1918,3612,1202,4401,5060,4903,1594,1556,4828,2144,2471,1673,1313,3075,4039
All India,Urban,HSS (VI-XII),Private Unaided (Recognized),Co-Ed,1522,1455,1039,1470,324,1391,1341,689,1273,414,1413,1511,1481,980,523,1475,768,849,566,365,1224,1393
All India,Rural,HSS (XI-XII),Private Unaided (Recognized),Boys,16,15,12,16,6,16,14,9,14,7,14,16,14,16,11,16,8,10,7,7,11,16
All India,Urban,HSS (XI-XII),Private Unaided (Recognized),Boys,31,28,11,31,2,28,30,12,26,3,25,31,31,24,10,30,12,18,12,8,29,29
All India,Rural,HSS (XI-XII),Private Unaided (Recognized),Girls,185,176,157,182,21,173,177,126,166,56,176,185,175,111,55,171,80,76,57,58,147,167
All India,Urban,HSS (XI-XII),Private Unaided (Recognized),Girls,385,354,241,383,72,355,370,217,332,86,327,384,378,264,148,372,184,213,160,123,335,364
All India,Rural,HSS (XI-XII),Private Unaided (Recognized),Co-Ed,4610,4309,3740,4475,737,4279,4314,2282,3980,1085,4095,4544,4435,2559,1695,4322,2082,2421,1885,1715,3496,4150
All India,Urban,HSS (XI-XII),Private Unaided (Recognized),Co-Ed,5394,5032,3083,5361,695,4767,5042,2617,4591,862,4508,5367,5203,3440,2005,5171,2453,2978,2362,1716,4591,5039
All India,Rural,PS (I-V),Private Unaided (Recognized),Boys,64,41,42,53,10,50,39,5,16,15,41,64,64,16,6,58,3,23,14,15,17,22
All India,Urban,PS (I-V),Private Unaided (Recognized),Boys,76,73,24,75,16,69,63,16,56,19,66,76,76,53,17,75,0,49,34,15,45,54
All India,Rural,PS (I-V),Private Unaided (Recognized),Girls,85,68,49,73,20,66,47,8,36,25,57,84,84,19,9,74,2,30,21,15,26,29
All India,Urban,PS (I-V),Private Unaided (Recognized),Girls,149,127,48,149,28,136,128,25,111,30,130,148,149,114,34,145,7,80,54,19,111,123
All India,Rural,PS (I-V),Private Unaided (Recognized),Co-Ed,59595,47545,40527,48144,7589,48413,36013,5516,25802,7799,41745,58129,56358,13272,10091,52332,1168,22778,13927,13047,19394,25829
All India,Urban,PS (I-V),Private Unaided (Recognized),Co-Ed,25976,22731,12849,24981,2671,21842,19514,3201,15238,3791,22127,25731,25292,12403,7447,24779,631,11561,7565,6062,14465,18327
All India,Rural,SS (I-X),Private Unaided (Recognized),Boys,45,44,43,45,15,45,42,23,37,21,35,45,44,31,19,45,8,24,15,17,33,40
All India,Urban,SS (I-X),Private Unaided (Recognized),Boys,33,33,22,33,9,31,31,21,28,10,30,33,32,29,11,33,5,20,17,7,28,32
All India,Rural,SS (I-X),Private Unaided (Recognized),Girls,45,42,37,43,16,42,38,18,33,16,37,45,43,28,18,44,18,21,14,16,30,35
All India,Urban,SS (I-X),Private Unaided (Recognized),Girls,108,107,50,106,22,101,101,54,96,29,97,108,107,82,34,105,45,66,45,16,97,104
All India,Rural,SS (I-X),Private Unaided (Recognized),Co-Ed,21445,20174,17892,20692,3151,20457,19721,7887,18257,6086,18465,21054,20700,12165,7410,20860,9842,11275,7791,7021,16107,19300
All India,Urban,SS (I-X),Private Unaided (Recognized),Co-Ed,22211,20766,13426,22050,2739,20860,21063,7967,18440,4922,18983,22053,21612,15087,8606,21744,9640,13508,9700,5848,18341,21118
All India,Rural,SS (IX-X),Private Unaided (Recognized),Boys,18,16,17,17,7,17,15,7,14,10,13,18,18,15,14,18,7,8,4,4,13,17
All India,Urban,SS (IX-X),Private Unaided (Recognized),Boys,20,19,14,20,2,18,19,7,18,4,16,20,20,14,8,20,3,8,3,7,14,18
All India,Rural,SS (IX-X),Private Unaided (Recognized),Girls,163,131,134,129,26,138,124,40,92,26,123,160,154,32,27,130,52,63,40,37,42,59
All India,Urban,SS (IX-X),Private Unaided (Recognized),Girls,97,88,58,96,14,86,84,24,76,18,84,95,96,56,28,87,41,39,25,37,60,75
All India,Rural,SS (IX-X),Private Unaided (Recognized),Co-Ed,5522,4470,4456,4578,899,4491,3805,1295,3315,969,4542,5286,5111,1460,1329,4653,1699,2513,1748,1422,2173,3126
All India,Urban,SS (IX-X),Private Unaided (Recognized),Co-Ed,2648,2356,1660,2565,378,2273,2257,697,2105,498,2349,2620,2581,1671,990,2424,1151,1268,881,908,1813,2294
All India,Rural,SS (VI-X),Private Unaided (Recognized),Boys,53,50,39,50,19,47,43,19,42,22,43,53,52,28,20,50,11,19,8,16,33,42
All India,Urban,SS (VI-X),Private Unaided (Recognized),Boys,21,18,16,21,6,21,19,5,20,4,19,21,20,16,12,21,3,9,6,8,15,19
All India,Rural,SS (VI-X),Private Unaided (Recognized),Girls,147,125,127,115,22,132,119,28,100,34,136,141,142,43,21,135,59,61,29,42,56,81
All India,Urban,SS (VI-X),Private Unaided (Recognized),Girls,95,82,63,91,8,82,87,28,70,16,90,94,93,47,30,90,36,39,16,21,58,75
All India,Rural,SS (VI-X),Private Unaided (Recognized),Co-Ed,6675,5967,5325,5863,1354,5921,5342,1905,4736,1448,5879,6598,6447,2273,2299,6302,2810,2973,2024,2466,3951,5189
All India,Urban,SS (VI-X),Private Unaided (Recognized),Co-Ed,3951,3770,2195,3893,511,3757,3750,1263,3348,669,3770,3941,3906,2482,1371,3899,1865,1976,1422,1640,3414,3764
All India,Rural,UPS (I-VIII),Private Unaided (Recognized),Boys,78,59,71,70,17,69,58,13,42,25,59,78,77,37,15,73,12,21,14,16,36,43
All India,Urban,UPS (I-VIII),Private Unaided (Recognized),Boys,70,67,47,70,16,67,55,11,56,13,56,70,69,49,17,67,15,43,25,17,54,66
All India,Rural,UPS (I-VIII),Private Unaided (Recognized),Girls,102,84,72,94,19,78,71,25,63,32,74,100,95,40,19,93,40,45,33,23,54,62
All India,Urban,UPS (I-VIII),Private Unaided (Recognized),Girls,197,183,106,194,31,175,157,47,152,40,164,195,190,141,68,188,99,99,53,47,160,178
All India,Rural,UPS (I-VIII),Private Unaided (Recognized),Co-Ed,62069,54902,46279,56360,8335,55404,49793,12021,45300,11909,42667,60724,58918,21705,14788,58667,23281,29091,18181,16162,33332,43633
All India,Urban,UPS (I-VIII),Private Unaided (Recognized),Co-Ed,43776,40111,25779,42551,4847,38873,37095,9275,34157,8172,35367,43290,42209,23711,12201,42217,16726,22334,14005,9242,29076,36575
All India,Rural,UPS (VI-VIII),Private Unaided (Recognized),Boys,71,59,51,62,14,65,53,16,36,19,54,71,69,30,12,61,11,31,13,13,33,45
All India,Urban,UPS (VI-VIII),Private Unaided (Recognized),Boys,50,47,28,49,10,43,37,6,31,9,44,50,50,30,12,48,8,24,17,14,30,43
All India,Rural,UPS (VI-VIII),Private Unaided (Recognized),Girls,458,390,337,348,61,364,263,45,178,67,331,449,435,62,34,369,121,192,115,96,109,175
All India,Urban,UPS (VI-VIII),Private Unaided (Recognized),Girls,135,123,76,131,14,111,96,17,76,21,114,135,128,45,19,126,43,61,34,22,59,87
All India,Rural,UPS (VI-VIII),Private Unaided (Recognized),Co-Ed,12611,10858,9134,9334,1958,10331,7176,1170,4817,1553,9088,12384,11966,1452,1486,10479,3104,5118,3175,2384,3157,4664
All India,Urban,UPS (VI-VIII),Private Unaided (Recognized),Co-Ed,3485,3159,1887,3253,453,2832,2367,374,1795,445,2882,3444,3375,961,445,3175,979,1531,996,475,1311,1953
All India,Rural,HSS (I-XII),Railway School,Girls,2,2,2,2,1,2,2,1,2,0,2,2,2,2,1,2,2,1,0,0,2,2
All India,Urban,HSS (I-XII),Railway School,Girls,1,1,1,1,0,1,1,0,1,0,1,1,1,1,0,1,1,0,0,0,1,1
All India,Rural,HSS (I-XII),Railway School,Co-Ed,5,5,4,5,2,5,5,1,5,1,5,5,5,5,1,5,3,4,2,1,5,5
All India,Urban,HSS (I-XII),Railway School,Co-Ed,27,27,25,27,5,27,27,14,26,6,27,27,27,25,9,26,18,17,7,11,24,27
All India,Urban,HSS (IX-XII),Railway School,Co-Ed,1,1,1,1,0,1,1,1,1,0,1,1,1,1,0,1,0,1,0,0,1,1
All India,Rural,HSS (VI-XII),Railway School,Boys,2,2,1,2,1,1,2,2,1,0,2,2,2,1,1,2,0,2,0,0,2,2
All India,Rural,HSS (VI-XII),Railway School,Girls,2,2,2,2,2,2,2,0,0,0,2,2,2,2,0,2,1,2,0,0,0,0
All India,Rural,HSS (VI-XII),Railway School,Co-Ed,1,1,1,1,0,1,1,1,1,0,1,1,1,0,0,1,0,0,0,0,1,1
All India,Urban,HSS (VI-XII),Railway School,Co-Ed,3,3,3,3,0,3,3,2,3,0,3,3,3,2,0,3,2,3,2,1,3,3
All India,Urban,HSS (XI-XII),Railway School,Co-Ed,1,0,0,1,0,1,1,1,1,0,0,0,1,1,1,1,0,1,0,1,1,1
All India,Rural,PS (I-V),Railway School,Co-Ed,3,2,3,3,0,3,3,0,1,0,3,3,3,2,0,3,0,3,1,0,1,1
All India,Urban,PS (I-V),Railway School,Co-Ed,8,7,4,8,0,6,6,0,3,0,7,8,8,4,0,8,0,5,3,0,2,2
All India,Urban,SS (I-X),Railway School,Boys,1,1,0,1,1,1,1,0,1,0,1,1,1,0,0,1,0,0,0,0,0,1
All India,Rural,SS (I-X),Railway School,Co-Ed,3,3,3,3,0,3,3,1,2,0,2,3,3,2,0,3,1,3,0,0,3,3
All India,Urban,SS (I-X),Railway School,Co-Ed,13,13,12,13,1,13,13,1,9,1,13,13,13,10,4,12,6,8,1,7,10,12
All India,Rural,SS (IX-X),Railway School,Co-Ed,1,1,1,1,0,1,1,1,0,0,0,1,1,1,0,1,1,1,1,0,1,1
All India,Urban,SS (VI-X),Railway School,Co-Ed,2,2,2,2,1,2,2,0,1,0,2,2,2,1,1,2,1,1,0,0,2,2
All India,Rural,UPS (I-VIII),Railway School,Co-Ed,1,1,1,1,0,1,1,0,0,1,1,1,1,0,0,1,1,1,1,1,0,0
All India,Urban,UPS (I-VIII),Railway School,Co-Ed,1,1,1,1,0,1,1,0,0,0,1,1,1,1,0,1,0,1,1,1,1,1
All India,Urban,UPS (VI-VIII),Railway School,Co-Ed,1,1,1,1,0,1,1,0,1,0,0,1,0,0,0,1,0,0,0,0,0,0
All India,Rural,HSS (I-XII),Sainik School,Boys,1,1,0,1,0,1,1,1,1,0,1,1,1,1,1,1,1,0,0,0,1,1
All India,Rural,HSS (I-XII),Sainik School,Co-Ed,4,4,4,4,0,4,4,4,4,3,4,4,4,4,0,4,3,2,2,1,4,4
All India,Urban,HSS (I-XII),Sainik School,Co-Ed,10,10,9,10,0,10,10,9,10,7,9,10,10,10,3,10,7,8,6,2,10,10
All India,Urban,HSS (VI-XII),Sainik School,Boys,5,5,5,5,2,5,5,4,5,2,4,5,5,3,1,5,1,1,1,4,4,4
All India,Urban,HSS (VI-XII),Sainik School,Girls,1,1,1,1,0,1,1,0,1,1,1,1,1,1,1,1,0,0,0,1,1,1
All India,Rural,HSS (VI-XII),Sainik School,Co-Ed,17,17,16,17,12,17,17,16,17,9,17,17,17,17,9,17,11,4,2,5,16,17
All India,Urban,HSS (VI-XII),Sainik School,Co-Ed,9,9,9,9,3,9,9,9,9,5,9,9,9,8,5,9,2,3,3,3,9,9
All India,Urban,PS (I-V),Sainik School,Co-Ed,5,5,2,5,0,5,4,0,1,2,5,5,5,4,0,5,1,3,2,1,4,4
All India,Rural,SS (I-X),Sainik School,Co-Ed,2,2,2,2,0,2,2,2,2,2,2,2,2,2,0,2,0,1,1,0,2,2
All India,Urban,SS (I-X),Sainik School,Co-Ed,1,1,0,1,0,1,1,1,1,1,1,1,1,1,0,1,1,1,1,0,1,1
All India,Rural,SS (VI-X),Sainik School,Boys,1,1,1,1,1,1,1,1,1,0,1,1,1,1,0,1,0,0,0,0,1,1
All India,Rural,SS (VI-X),Sainik School,Co-Ed,1,1,1,1,0,1,1,0,0,0,1,1,1,1,0,1,0,0,0,0,1,1
All India,Urban,UPS (I-VIII),Sainik School,Co-Ed,1,1,1,1,1,1,1,0,0,1,1,1,1,1,0,1,0,1,0,0,0,1
All India,Rural,UPS (VI-VIII),Sainik School,Co-Ed,3,3,3,3,0,3,3,1,3,1,3,3,3,2,2,3,3,1,1,0,3,3
All India,Rural,HSS (I-XII),Social welfare Department,Boys,82,76,69,82,21,78,79,53,69,41,67,82,77,59,37,76,5,41,26,58,66,79
All India,Urban,HSS (I-XII),Social welfare Department,Boys,33,31,21,33,6,33,33,22,27,14,23,33,30,21,13,32,4,15,9,13,30,31
All India,Rural,HSS (I-XII),Social welfare Department,Girls,141,129,116,141,37,136,141,75,122,82,123,141,130,115,61,139,88,66,42,102,114,141
All India,Urban,HSS (I-XII),Social welfare Department,Girls,53,49,41,53,18,51,52,33,42,26,40,53,51,40,25,53,36,27,21,33,43,52
All India,Rural,HSS (I-XII),Social welfare Department,Co-Ed,10,9,7,10,2,7,10,2,6,2,8,10,10,8,4,10,2,7,6,6,6,8
All India,Urban,HSS (I-XII),Social welfare Department,Co-Ed,25,21,13,25,5,24,23,2,12,5,24,25,22,21,14,25,10,18,13,19,21,23
All India,Rural,HSS (IX-XII),Social welfare Department,Boys,8,6,5,8,2,8,8,1,7,2,7,8,8,6,2,8,0,7,6,2,7,8
All India,Urban,HSS (IX-XII),Social welfare Department,Boys,17,16,11,17,5,16,16,1,15,5,16,17,17,11,4,17,2,13,6,15,14,16
All India,Rural,HSS (IX-XII),Social welfare Department,Girls,4,4,3,4,1,3,4,0,1,1,4,4,4,2,2,4,3,3,3,3,3,4
All India,Urban,HSS (IX-XII),Social welfare Department,Girls,9,7,5,9,3,8,9,0,7,1,6,9,9,6,2,9,4,7,4,6,6,9
All India,Urban,HSS (IX-XII),Social welfare Department,Co-Ed,3,3,2,3,0,2,3,2,3,1,3,3,3,2,1,3,1,3,3,1,3,3
All India,Rural,HSS (VI-XII),Social welfare Department,Boys,15,15,14,15,13,15,15,3,9,5,14,14,14,12,9,15,2,9,6,8,12,15
All India,Urban,HSS (VI-XII),Social welfare Department,Boys,1,1,1,1,1,1,1,1,1,0,1,1,1,1,1,1,0,1,1,1,1,1
All India,Rural,HSS (VI-XII),Social welfare Department,Girls,15,15,12,15,7,12,15,7,12,7,14,15,15,12,9,15,9,13,10,8,11,12
All India,Urban,HSS (VI-XII),Social welfare Department,Girls,6,4,2,6,0,3,4,0,4,1,5,6,6,4,1,6,1,2,0,0,2,4
All India,Rural,HSS (VI-XII),Social welfare Department,Co-Ed,81,79,57,80,28,73,75,16,59,37,76,81,80,59,48,79,48,65,63,66,69,77
All India,Urban,HSS (VI-XII),Social welfare Department,Co-Ed,7,7,3,7,3,6,7,1,3,2,6,7,7,6,4,7,7,4,3,6,6,7
All India,Rural,HSS (XI-XII),Social welfare Department,Boys,11,11,10,11,2,11,11,9,9,7,10,11,11,8,6,11,4,6,6,8,9,11
All India,Urban,HSS (XI-XII),Social welfare Department,Boys,3,3,2,3,0,3,3,3,2,1,2,3,2,2,2,3,0,1,1,2,3,3
All India,Rural,HSS (XI-XII),Social welfare Department,Girls,19,17,14,19,4,19,19,8,13,15,19,19,18,16,12,19,12,9,8,16,19,19
All India,Urban,HSS (XI-XII),Social welfare Department,Girls,9,9,6,9,2,7,9,5,9,6,8,9,9,5,3,9,5,6,5,9,8,9
All India,Rural,HSS (XI-XII),Social welfare Department,Co-Ed,10,9,7,10,5,8,9,1,9,4,10,10,9,7,0,9,5,8,6,7,6,8
All India,Rural,PS (I-V),Social welfare Department,Boys,1,1,1,1,1,1,1,0,1,1,1,1,1,0,0,1,0,1,1,1,0,1
All India,Urban,PS (I-V),Social welfare Department,Boys,8,4,3,7,1,6,7,0,3,3,6,8,8,4,1,8,0,7,5,3,4,5
All India,Rural,PS (I-V),Social welfare Department,Girls,7,5,3,6,3,5,4,0,6,2,7,7,7,4,1,7,0,2,1,2,2,4
All India,Urban,PS (I-V),Social welfare Department,Girls,7,6,3,7,0,5,5,0,1,4,4,7,7,4,3,6,1,3,3,4,3,3
All India,Rural,PS (I-V),Social welfare Department,Co-Ed,271,234,101,239,20,181,240,6,86,50,229,269,269,90,180,261,1,221,92,218,16,157
All India,Urban,PS (I-V),Social welfare Department,Co-Ed,95,83,20,91,15,67,69,3,27,15,82,95,94,45,50,91,2,57,27,51,22,49
All India,Rural,SS (I-X),Social welfare Department,Boys,65,57,37,64,6,48,57,21,53,28,48,65,63,33,17,63,8,30,14,31,35,58
All India,Urban,SS (I-X),Social welfare Department,Boys,19,18,9,19,1,17,19,11,15,8,9,19,17,9,8,19,1,6,2,7,11,19
All India,Rural,SS (I-X),Social welfare Department,Girls,66,57,44,66,10,58,62,21,53,30,52,66,65,44,19,65,24,32,24,43,51,64
All India,Urban,SS (I-X),Social welfare Department,Girls,32,29,15,32,5,25,29,12,25,14,25,32,32,21,7,32,19,12,8,19,23,28
All India,Rural,SS (I-X),Social welfare Department,Co-Ed,15,12,9,15,4,10,11,1,8,4,14,15,15,8,7,15,7,9,7,9,7,12
All India,Urban,SS (I-X),Social welfare Department,Co-Ed,13,12,5,13,1,11,13,2,9,3,12,13,13,12,6,13,6,9,7,9,11,13
All India,Rural,SS (IX-X),Social welfare Department,Boys,7,4,4,7,2,7,7,0,7,1,6,7,7,2,1,7,0,4,2,3,3,7
All India,Urban,SS (IX-X),Social welfare Department,Boys,2,2,2,2,1,2,2,0,2,0,1,2,2,2,0,2,1,2,0,0,1,2
All India,Rural,SS (IX-X),Social welfare Department,Co-Ed,1,1,1,1,1,0,1,0,1,0,0,1,1,0,0,0,0,0,0,0,0,0
All India,Rural,SS (VI-X),Social welfare Department,Boys,43,43,40,43,27,43,41,18,41,26,42,43,43,33,21,43,4,40,31,26,26,41
All India,Urban,SS (VI-X),Social welfare Department,Boys,18,18,12,18,11,18,18,8,18,11,18,18,17,11,10,18,4,17,13,10,9,18
All India,Rural,SS (VI-X),Social welfare Department,Girls,70,66,54,70,38,66,67,13,62,40,63,70,68,60,23,68,35,48,37,50,52,70
All India,Urban,SS (VI-X),Social welfare Department,Girls,27,25,15,27,18,24,25,5,24,14,25,27,27,20,13,25,13,13,10,18,19,27
All India,Rural,SS (VI-X),Social welfare Department,Co-Ed,217,184,127,217,113,184,202,22,188,117,174,217,217,178,77,207,122,116,93,179,172,214
All India,Urban,SS (VI-X),Social welfare Department,Co-Ed,56,30,18,52,16,42,45,2,41,18,42,55,53,37,10,45,19,24,22,39,33,43
All India,Rural,UPS (I-VIII),Social welfare Department,Boys,3,1,2,3,1,2,0,0,3,1,2,3,3,2,0,2,0,2,2,0,2,3
All India,Urban,UPS (I-VIII),Social welfare Department,Boys,3,3,1,3,1,2,2,0,2,2,3,3,3,3,1,3,0,1,1,2,1,3
All India,Rural,UPS (I-VIII),Social welfare Department,Girls,3,3,3,3,1,3,3,0,3,3,3,3,3,2,0,3,3,1,0,3,3,3
All India,Urban,UPS (I-VIII),Social welfare Department,Girls,1,1,1,1,0,1,1,0,0,0,1,1,1,0,0,1,1,0,0,0,0,0
All India,Rural,UPS (I-VIII),Social welfare Department,Co-Ed,88,72,61,86,13,81,84,4,56,52,67,86,88,34,33,88,40,58,45,62,53,87
All India,Urban,UPS (I-VIII),Social welfare Department,Co-Ed,65,59,34,64,7,55,60,2,36,21,53,65,65,50,31,65,22,51,36,40,38,60
All India,Rural,UPS (VI-VIII),Social welfare Department,Boys,1,1,0,1,0,1,1,0,0,1,1,1,1,0,1,1,0,1,1,1,0,0
All India,Urban,UPS (VI-VIII),Social welfare Department,Boys,1,1,1,1,1,1,1,0,1,1,1,1,1,1,0,1,0,1,1,1,0,1
All India,Rural,UPS (VI-VIII),Social welfare Department,Girls,3,3,1,3,2,3,3,1,2,0,2,3,3,3,1,3,3,0,0,1,2,2
All India,Rural,UPS (VI-VIII),Social welfare Department,Co-Ed,12,9,6,11,3,9,7,1,8,2,8,12,11,7,5,8,3,6,5,10,7,11
All India,Urban,UPS (VI-VIII),Social welfare Department,Co-Ed,14,9,6,14,2,8,12,0,9,5,13,14,14,7,6,12,4,6,5,7,4,13
All India,Rural,HSS (I-XII),Tribal Welfare Department,Boys,47,41,37,47,22,41,43,1,35,18,35,47,44,23,11,45,6,21,12,24,31,44
All India,Urban,HSS (I-XII),Tribal Welfare Department,Boys,10,10,8,10,5,10,10,4,8,1,8,10,10,6,2,9,1,4,4,5,8,10
All India,Rural,HSS (I-XII),Tribal Welfare Department,Girls,59,51,49,59,25,53,57,17,50,23,47,59,55,34,21,57,33,35,23,45,31,56
All India,Urban,HSS (I-XII),Tribal Welfare Department,Girls,35,30,24,35,6,33,35,6,30,12,28,35,35,16,9,35,13,24,19,24,26,35
All India,Rural,HSS (I-XII),Tribal Welfare Department,Co-Ed,432,369,379,422,160,382,427,92,352,151,400,426,422,202,98,420,189,357,222,300,201,417
All India,Urban,HSS (I-XII),Tribal Welfare Department,Co-Ed,37,32,28,37,7,28,37,10,32,7,33,37,36,11,13,37,14,32,17,19,24,32
All India,Rural,HSS (IX-XII),Tribal Welfare Department,Boys,28,26,23,27,11,25,28,2,27,10,25,28,26,16,8,28,7,23,17,16,19,28
All India,Urban,HSS (IX-XII),Tribal Welfare Department,Boys,10,10,9,10,3,10,10,0,10,1,10,10,10,6,1,10,2,10,6,5,8,10
All India,Rural,HSS (IX-XII),Tribal Welfare Department,Girls,53,44,44,52,8,46,52,6,47,15,45,53,53,32,21,53,29,41,27,36,34,50
All India,Urban,HSS (IX-XII),Tribal Welfare Department,Girls,23,20,18,23,8,20,20,4,22,4,18,23,22,10,8,23,13,22,11,14,15,22
All India,Rural,HSS (IX-XII),Tribal Welfare Department,Co-Ed,351,292,325,331,70,311,345,25,318,60,320,351,332,85,86,346,126,289,132,215,181,325
All India,Urban,HSS (IX-XII),Tribal Welfare Department,Co-Ed,33,33,31,33,8,31,33,3,33,5,32,33,31,16,7,33,15,30,18,20,31,33
All India,Rural,HSS (VI-XII),Tribal Welfare Department,Boys,39,39,34,39,14,36,39,11,32,16,35,39,39,21,17,39,3,28,20,29,32,38
All India,Urban,HSS (VI-XII),Tribal Welfare Department,Boys,19,17,18,19,7,17,19,2,18,3,19,19,19,10,8,19,0,17,8,9,14,16
All India,Rural,HSS (VI-XII),Tribal Welfare Department,Girls,112,103,81,109,42,100,109,29,99,56,99,112,108,63,37,110,66,80,53,76,76,104
All India,Urban,HSS (VI-XII),Tribal Welfare Department,Girls,42,32,29,40,10,33,37,6,33,10,36,41,39,19,19,40,24,32,20,25,29,34
All India,Rural,HSS (VI-XII),Tribal Welfare Department,Co-Ed,450,404,351,441,135,399,435,71,355,145,411,444,442,240,180,440,219,341,224,342,311,423
All India,Urban,HSS (VI-XII),Tribal Welfare Department,Co-Ed,83,78,64,83,20,77,82,23,66,31,76,83,83,53,34,82,34,67,45,59,73,79
All India,Rural,HSS (XI-XII),Tribal Welfare Department,Boys,23,18,21,23,4,22,22,10,22,12,22,21,21,18,7,21,1,6,5,17,20,23
All India,Urban,HSS (XI-XII),Tribal Welfare Department,Boys,3,2,1,3,0,2,3,2,3,0,0,3,3,1,1,3,2,2,1,0,1,1
All India,Rural,HSS (XI-XII),Tribal Welfare Department,Girls,25,21,21,24,10,23,25,11,20,10,23,25,22,17,12,24,18,10,8,16,23,22
All India,Urban,HSS (XI-XII),Tribal Welfare Department,Girls,5,5,3,5,2,4,5,1,3,1,3,4,5,3,3,5,3,0,0,1,4,4
All India,Rural,HSS (XI-XII),Tribal Welfare Department,Co-Ed,39,33,32,36,14,31,38,5,26,20,38,35,38,26,7,32,13,15,10,28,24,38
All India,Urban,HSS (XI-XII),Tribal Welfare Department,Co-Ed,13,12,6,13,6,12,12,3,12,5,9,13,12,10,4,13,3,5,5,7,10,12
All India,Rural,PS (I-V),Tribal Welfare Department,Boys,392,207,271,344,52,292,339,25,144,92,169,389,383,68,52,381,0,283,99,161,59,69
All India,Urban,PS (I-V),Tribal Welfare Department,Boys,73,38,46,66,7,60,64,5,34,15,32,71,71,20,14,72,0,51,25,25,13,16
All India,Rural,PS (I-V),Tribal Welfare Department,Girls,432,214,278,356,67,342,406,17,174,98,131,429,411,73,82,412,5,354,120,190,78,74
All India,Urban,PS (I-V),Tribal Welfare Department,Girls,52,30,21,50,7,42,49,4,28,17,23,52,52,12,12,50,0,41,21,21,9,13
All India,Rural,PS (I-V),Tribal Welfare Department,Co-Ed,25417,5825,16763,12437,1748,16851,20782,907,2727,3590,5400,22127,23004,1577,2898,22310,92,16840,7046,11426,4334,1137
All India,Urban,PS (I-V),Tribal Welfare Department,Co-Ed,543,279,275,413,57,376,493,16,96,83,216,519,501,90,132,501,3,375,156,270,93,104
All India,Rural,SS (I-X),Tribal Welfare Department,Boys,286,207,222,280,112,250,278,26,210,162,259,278,282,191,107,276,29,143,81,220,125,258
All India,Urban,SS (I-X),Tribal Welfare Department,Boys,43,35,20,43,10,34,38,1,35,14,38,43,43,31,5,43,6,16,8,34,24,33
All India,Rural,SS (I-X),Tribal Welfare Department,Girls,260,203,195,260,120,216,255,26,189,150,227,255,253,170,86,254,133,145,84,206,102,249
All India,Urban,SS (I-X),Tribal Welfare Department,Girls,42,34,26,41,7,31,39,5,33,14,36,41,41,33,9,38,22,16,8,29,28,33
All India,Rural,SS (I-X),Tribal Welfare Department,Co-Ed,1101,746,928,1023,327,954,1063,72,824,453,937,1064,1060,454,216,1065,455,867,549,737,376,958
All India,Urban,SS (I-X),Tribal Welfare Department,Co-Ed,44,36,32,43,7,37,41,5,31,17,38,44,44,23,11,43,16,33,26,27,28,40
All India,Rural,SS (IX-X),Tribal Welfare Department,Boys,10,8,9,9,1,9,10,0,10,3,9,10,10,7,2,10,0,8,6,6,5,10
All India,Urban,SS (IX-X),Tribal Welfare Department,Boys,7,4,6,6,1,7,7,0,7,0,5,7,7,4,1,7,0,6,3,3,1,6
All India,Rural,SS (IX-X),Tribal Welfare Department,Girls,32,16,25,32,4,25,29,0,28,3,30,32,32,17,9,32,11,23,12,19,20,27
All India,Urban,SS (IX-X),Tribal Welfare Department,Girls,4,4,3,4,1,4,4,0,4,2,3,4,4,2,1,4,2,3,2,3,3,4
All India,Rural,SS (IX-X),Tribal Welfare Department,Co-Ed,451,284,408,381,62,366,425,34,381,70,374,442,428,68,87,434,147,362,200,279,190,380
All India,Urban,SS (IX-X),Tribal Welfare Department,Co-Ed,10,8,8,9,1,8,9,0,9,4,8,9,9,3,1,9,4,6,2,4,7,9
All India,Rural,SS (VI-X),Tribal Welfare Department,Boys,48,38,35,47,17,39,44,7,32,23,43,47,44,31,15,46,6,19,11,30,24,43
All India,Urban,SS (VI-X),Tribal Welfare Department,Boys,7,6,5,7,1,4,6,1,4,4,7,7,7,3,4,7,0,3,2,6,4,6
All India,Rural,SS (VI-X),Tribal Welfare Department,Girls,228,205,177,225,121,202,216,31,196,148,201,226,225,171,66,222,122,152,130,180,108,212
All India,Urban,SS (VI-X),Tribal Welfare Department,Girls,29,22,20,27,11,24,25,3,21,12,23,29,28,21,15,26,13,16,9,20,20,28
All India,Rural,SS (VI-X),Tribal Welfare Department,Co-Ed,794,637,587,758,256,678,750,67,611,336,660,775,770,460,286,752,325,527,391,595,467,726
All India,Urban,SS (VI-X),Tribal Welfare Department,Co-Ed,141,104,63,139,42,107,125,11,102,46,117,140,137,95,56,128,71,79,68,106,94,133
All India,Rural,UPS (I-VIII),Tribal Welfare Department,Boys,90,60,69,81,30,60,74,3,51,35,73,88,85,24,11,84,3,34,22,32,18,39
All India,Urban,UPS (I-VIII),Tribal Welfare Department,Boys,10,8,6,10,1,9,9,1,5,2,7,10,10,2,2,9,1,6,4,4,2,6
All India,Rural,UPS (I-VIII),Tribal Welfare Department,Girls,107,67,83,100,28,93,102,5,51,44,66,107,105,30,24,102,47,66,38,55,27,53
All India,Urban,UPS (I-VIII),Tribal Welfare Department,Girls,23,17,13,21,1,17,18,1,9,8,15,23,22,8,4,23,3,14,5,9,5,11
All India,Rural,UPS (I-VIII),Tribal Welfare Department,Co-Ed,5306,3477,4063,4064,556,4143,5108,219,1657,1632,2147,5210,5161,838,779,5022,1360,4456,2460,2830,1218,1472
All India,Urban,UPS (I-VIII),Tribal Welfare Department,Co-Ed,193,138,130,174,19,158,186,9,75,61,110,193,189,53,29,180,48,157,110,96,52,88
All India,Rural,UPS (VI-VIII),Tribal Welfare Department,Boys,57,37,35,53,7,47,55,7,28,9,25,56,56,11,7,56,13,50,19,21,11,14
All India,Urban,UPS (VI-VIII),Tribal Welfare Department,Boys,21,14,16,18,0,19,20,2,13,3,13,21,21,5,4,21,3,18,10,9,2,10
All India,Rural,UPS (VI-VIII),Tribal Welfare Department,Girls,98,65,61,80,13,72,89,12,51,28,49,97,96,22,27,91,26,75,35,46,26,35
All India,Urban,UPS (VI-VIII),Tribal Welfare Department,Girls,35,19,20,31,7,26,30,3,20,7,18,33,32,10,5,33,15,25,14,13,10,14
All India,Rural,UPS (VI-VIII),Tribal Welfare Department,Co-Ed,1541,1086,1185,942,118,1239,1481,70,360,260,506,1505,1453,96,262,1452,372,1348,588,739,304,179
All India,Urban,UPS (VI-VIII),Tribal Welfare Department,Co-Ed,66,40,40,55,6,44,59,4,26,9,48,65,64,19,9,56,16,45,27,27,19,34
All India,Rural,HSS (I-XII),Unrecognized,Girls,1,1,1,1,0,1,1,0,1,1,1,1,1,0,0,1,0,0,0,0,0,1
All India,Rural,HSS (I-XII),Unrecognized,Co-Ed,100,76,63,96,22,75,70,21,61,20,83,100,99,36,24,89,25,34,23,16,47,70
All India,Urban,HSS (I-XII),Unrecognized,Co-Ed,59,48,30,58,10,43,56,17,38,15,55,59,59,31,24,58,19,29,15,12,43,52
All India,Rural,HSS (IX-XII),Unrecognized,Girls,2,2,2,2,0,2,2,1,2,0,2,2,2,1,1,1,0,1,1,1,1,1
All India,Rural,HSS (IX-XII),Unrecognized,Co-Ed,51,12,38,8,11,22,28,1,5,3,39,33,42,1,0,24,4,3,2,7,2,2
All India,Urban,HSS (IX-XII),Unrecognized,Co-Ed,2,0,1,2,0,1,1,0,0,1,2,2,2,0,1,2,2,0,0,0,0,1
All India,Rural,HSS (VI-XII),Unrecognized,Boys,1,0,1,1,0,1,1,0,0,1,1,1,1,0,0,1,0,0,0,1,0,1
All India,Urban,HSS (VI-XII),Unrecognized,Boys,1,1,1,1,0,1,1,1,1,0,1,1,1,1,0,1,0,1,1,0,1,1
All India,Rural,HSS (VI-XII),Unrecognized,Co-Ed,7,4,6,4,0,7,5,2,5,0,6,6,7,3,1,6,1,2,1,0,2,2
All India,Urban,HSS (VI-XII),Unrecognized,Co-Ed,3,3,2,3,0,3,3,1,2,0,2,3,3,2,1,3,1,1,0,0,1,2
All India,Rural,HSS (XI-XII),Unrecognized,Girls,3,2,3,3,0,3,3,1,3,0,3,3,3,2,0,3,2,0,0,1,0,3
All India,Urban,HSS (XI-XII),Unrecognized,Girls,1,1,1,1,0,1,0,0,0,0,1,1,1,0,0,1,0,0,0,0,0,0
All India,Rural,HSS (XI-XII),Unrecognized,Co-Ed,135,95,122,119,18,119,104,47,76,26,124,119,122,54,16,108,29,28,19,30,48,77
All India,Urban,HSS (XI-XII),Unrecognized,Co-Ed,32,27,21,32,4,28,25,10,23,7,29,31,32,20,4,29,13,7,6,4,13,29
All India,Rural,PS (I-V),Unrecognized,Boys,9,5,7,8,1,8,9,1,3,4,8,7,8,4,1,8,0,3,1,5,2,4
All India,Urban,PS (I-V),Unrecognized,Boys,3,1,0,3,0,2,3,0,2,1,2,3,3,2,0,3,0,1,1,0,2,2
All India,Rural,PS (I-V),Unrecognized,Girls,34,3,22,6,1,20,9,1,3,7,26,9,17,2,2,16,1,1,1,4,1,3
All India,Urban,PS (I-V),Unrecognized,Girls,2,2,1,2,0,1,1,0,0,1,2,2,2,2,1,2,0,0,0,1,0,0
All India,Rural,PS (I-V),Unrecognized,Co-Ed,9276,3414,6969,4307,709,6398,4046,438,2612,1377,6836,5832,7116,1574,674,6098,168,1441,857,1237,1791,2410
All India,Urban,PS (I-V),Unrecognized,Co-Ed,1914,1538,1033,1837,181,1537,1406,219,1166,326,1655,1877,1880,982,430,1826,57,633,347,272,987,1365
All India,Rural,SS (I-X),Unrecognized,Boys,2,1,2,2,0,0,1,0,1,1,1,2,2,0,1,2,0,0,0,1,1,1
All India,Rural,SS (I-X),Unrecognized,Girls,1,1,1,1,0,1,1,1,1,0,0,1,1,0,0,1,0,0,0,0,1,1
All India,Urban,SS (I-X),Unrecognized,Girls,2,1,1,2,1,2,2,2,1,0,2,2,2,1,1,2,1,0,0,1,2,1
All India,Rural,SS (I-X),Unrecognized,Co-Ed,525,463,430,476,76,450,423,148,399,130,475,520,506,193,137,474,190,180,95,112,275,404
All India,Urban,SS (I-X),Unrecognized,Co-Ed,200,184,138,197,21,181,177,64,156,55,187,200,194,122,65,199,84,80,48,41,138,185
All India,Rural,SS (IX-X),Unrecognized,Boys,1,0,1,0,0,0,1,0,0,0,1,1,1,0,0,1,0,0,0,1,0,0
All India,Rural,SS (IX-X),Unrecognized,Girls,22,5,20,5,1,19,17,2,5,0,21,18,19,2,0,15,2,2,0,7,2,2
All India,Rural,SS (IX-X),Unrecognized,Co-Ed,556,216,488,195,26,465,280,10,81,51,494,367,428,80,47,315,63,73,40,160,47,92
All India,Urban,SS (IX-X),Unrecognized,Co-Ed,78,51,43,69,2,55,37,5,28,9,68,67,73,30,5,56,14,16,9,10,22,46
All India,Rural,SS (VI-X),Unrecognized,Boys,2,2,2,2,0,2,2,1,1,1,2,2,2,1,1,2,0,1,1,1,0,2
All India,Rural,SS (VI-X),Unrecognized,Girls,14,8,13,5,0,13,8,1,4,3,12,9,13,0,0,5,2,2,1,3,3,4
All India,Urban,SS (VI-X),Unrecognized,Girls,9,5,7,8,0,7,7,0,5,1,9,9,7,1,1,9,2,6,2,2,1,1
All India,Rural,SS (VI-X),Unrecognized,Co-Ed,123,79,109,86,9,105,90,13,64,28,107,113,106,29,17,102,16,26,16,38,25,48
All India,Urban,SS (VI-X),Unrecognized,Co-Ed,34,26,27,29,2,25,28,6,19,7,29,34,34,10,5,31,12,10,8,5,16,21
All India,Rural,UPS (I-VIII),Unrecognized,Boys,12,9,9,11,1,7,8,2,8,5,7,12,11,5,1,9,3,3,2,1,4,7
All India,Urban,UPS (I-VIII),Unrecognized,Boys,8,6,2,7,2,7,6,1,6,4,6,8,8,4,2,8,1,4,2,2,3,4
All India,Rural,UPS (I-VIII),Unrecognized,Girls,26,17,16,25,5,18,21,4,17,10,21,26,24,10,6,24,9,8,3,3,9,16
All India,Urban,UPS (I-VIII),Unrecognized,Girls,19,18,10,19,0,14,15,8,13,7,19,19,19,13,0,19,7,7,2,1,13,15
All India,Rural,UPS (I-VIII),Unrecognized,Co-Ed,7760,6331,5362,7295,1276,5999,5445,1636,5582,1801,6469,7668,7611,2585,1765,7146,2585,2356,1328,891,3357,5462
All India,Urban,UPS (I-VIII),Unrecognized,Co-Ed,3278,2934,1947,3213,368,2647,2721,816,2581,739,2950,3271,3244,1705,849,3181,1132,1164,547,390,1887,2735
All India,Rural,UPS (VI-VIII),Unrecognized,Boys,3,3,3,3,0,3,3,1,2,1,3,3,3,2,0,2,1,2,0,0,2,1
All India,Urban,UPS (VI-VIII),Unrecognized,Boys,2,1,0,2,1,1,2,0,0,0,1,2,2,0,0,2,0,0,0,0,0,0
All India,Rural,UPS (VI-VIII),Unrecognized,Girls,21,7,18,1,0,14,13,0,2,5,15,13,19,6,1,11,6,0,0,3,0,0
All India,Urban,UPS (VI-VIII),Unrecognized,Girls,4,3,2,4,0,2,2,0,2,1,4,4,4,2,2,3,0,0,0,0,1,3
All India,Rural,UPS (VI-VIII),Unrecognized,Co-Ed,420,128,346,93,18,274,209,12,49,39,337,243,309,55,15,226,39,56,30,83,45,44
All India,Urban,UPS (VI-VIII),Unrecognized,Co-Ed,34,24,22,28,3,23,25,6,11,2,27,31,31,17,4,28,6,13,10,5,13,12
